{
  "type": "FeatureCollection",
  "features": [
    {
      "type": "Feature",
      "geometry": {
        "type": "Polygon",
        "coordinates": [
          [
            [
              34.316979,
              51.330521,
              0
            ],
            [
              34.315106,
              51.329245,
              0
            ],
            [
              34.31281,
              51.329674,
              0
            ],
            [
              34.310343,
              51.331136,
              0
            ],
            [
              34.310343,
              51.332248,
              0
            ],
            [
              34.311652,
              51.333066,
              0
            ],
            [
              34.311802,
              51.33371,
              0
            ],
            [
              34.310407,
              51.335158,
              0
            ],
            [
              34.307145,
              51.336083,
              0
            ],
            [
              34.304849,
              51.336284,
              0
            ],
            [
              34.299142,
              51.334474,
              0
            ],
            [
              34.297468,
              51.334769,
              0
            ],
            [
              34.29588,
              51.335439,
              0
            ],
            [
              34.294013,
              51.336766,
              0
            ],
            [
              34.292876,
              51.337115,
              0
            ],
            [
              34.291106,
              51.338368,
              0
            ],
            [
              34.290419,
              51.33871,
              0
            ],
            [
              34.288279,
              51.338683,
              0
            ],
            [
              34.287013,
              51.339179,
              0
            ],
            [
              34.28167,
              51.334863,
              0
            ],
            [
              34.281648,
              51.33438,
              0
            ],
            [
              34.289814,
              51.321845,
              0
            ],
            [
              34.282347,
              51.319566,
              0
            ],
            [
              34.280501,
              51.317742,
              0
            ],
            [
              34.281102,
              51.314335,
              0
            ],
            [
              34.281145,
              51.312672,
              0
            ],
            [
              34.28239,
              51.311358,
              0
            ],
            [
              34.282261,
              51.310526,
              0
            ],
            [
              34.277454,
              51.310902,
              0
            ],
            [
              34.27754,
              51.312458,
              0
            ],
            [
              34.272133,
              51.314711,
              0
            ],
            [
              34.26591,
              51.298533,
              0
            ],
            [
              34.264365,
              51.298748,
              0
            ],
            [
              34.258271,
              51.302531,
              0
            ],
            [
              34.255181,
              51.30127,
              0
            ],
            [
              34.254709,
              51.298962,
              0
            ],
            [
              34.249688,
              51.298882,
              0
            ],
            [
              34.249731,
              51.296574,
              0
            ],
            [
              34.244967,
              51.296145,
              0
            ],
            [
              34.244796,
              51.294079,
              0
            ],
            [
              34.241663,
              51.293354,
              0
            ],
            [
              34.239302,
              51.293434,
              0
            ],
            [
              34.237843,
              51.292361,
              0
            ],
            [
              34.243337,
              51.284524,
              0
            ],
            [
              34.245225,
              51.284417,
              0
            ],
            [
              34.25458,
              51.282054,
              0
            ],
            [
              34.250718,
              51.275531,
              0
            ],
            [
              34.25398,
              51.274592,
              0
            ],
            [
              34.261618,
              51.276175,
              0
            ],
            [
              34.264923,
              51.278618,
              0
            ],
            [
              34.265949,
              51.282456,
              0
            ],
            [
              34.263399,
              51.286591,
              0
            ],
            [
              34.264998,
              51.289785,
              0
            ],
            [
              34.268222,
              51.290925,
              0
            ],
            [
              34.270693,
              51.291764,
              0
            ],
            [
              34.275533,
              51.291177,
              0
            ],
            [
              34.280051,
              51.288308,
              0
            ],
            [
              34.28372,
              51.288013,
              0
            ],
            [
              34.289642,
              51.289355,
              0
            ],
            [
              34.293676,
              51.293166,
              0
            ],
            [
              34.293512,
              51.29384,
              0
            ],
            [
              34.292379,
              51.295586,
              0
            ],
            [
              34.293164,
              51.297291,
              0
            ],
            [
              34.294937,
              51.29744,
              0
            ],
            [
              34.301884,
              51.295823,
              0
            ],
            [
              34.303998,
              51.297191,
              0
            ],
            [
              34.307303,
              51.302078,
              0
            ],
            [
              34.307098,
              51.302895,
              0
            ],
            [
              34.303804,
              51.304597,
              0
            ],
            [
              34.302603,
              51.30948,
              0
            ],
            [
              34.304405,
              51.312028,
              0
            ],
            [
              34.3108,
              51.314013,
              0
            ],
            [
              34.3114,
              51.316159,
              0
            ],
            [
              34.310628,
              51.317983,
              0
            ],
            [
              34.305864,
              51.3197,
              0
            ],
            [
              34.304834,
              51.32037,
              0
            ],
            [
              34.305693,
              51.321416,
              0
            ],
            [
              34.307667,
              51.321899,
              0
            ],
            [
              34.310842,
              51.321094,
              0
            ],
            [
              34.312645,
              51.321202,
              0
            ],
            [
              34.316765,
              51.326753,
              0
            ],
            [
              34.317408,
              51.329676,
              0
            ],
            [
              34.316979,
              51.330521,
              0
            ]
          ]
        ]
      },
      "properties": {
        "name": "Контроль ВСУ / ЗСУ / AFU Control",
        "styleUrl": "#poly-FFD600-2001-54-nodesc",
        "fill-opacity": 0.21176470588235294,
        "fill": "#ffd600",
        "stroke-opacity": 1,
        "stroke": "#ffd600",
        "stroke-width": 2.001
      }
    },
    {
      "type": "Feature",
      "geometry": {
        "type": "Polygon",
        "coordinates": [
          [
            [
              37.6327106,
              49.7782034,
              0
            ],
            [
              37.629312,
              49.7810626,
              0
            ],
            [
              37.6254281,
              49.7765816,
              0
            ],
            [
              37.6268336,
              49.7712925,
              0
            ],
            [
              37.6366494,
              49.7676662,
              0
            ],
            [
              37.6430867,
              49.7596826,
              0
            ],
            [
              37.6438592,
              49.7553992,
              0
            ],
            [
              37.6461961,
              49.7544684,
              0
            ],
            [
              37.6632647,
              49.7518581,
              0
            ],
            [
              37.6692731,
              49.7513586,
              0
            ],
            [
              37.6709042,
              49.7505405,
              0
            ],
            [
              37.6751955,
              49.7431228,
              0
            ],
            [
              37.6827056,
              49.7424572,
              0
            ],
            [
              37.6876838,
              49.7391846,
              0
            ],
            [
              37.6875122,
              49.7366607,
              0
            ],
            [
              37.6882846,
              49.735995,
              0
            ],
            [
              37.6935632,
              49.7355789,
              0
            ],
            [
              37.6980022,
              49.7335831,
              0
            ],
            [
              37.7137521,
              49.7359408,
              0
            ],
            [
              37.7236655,
              49.7366065,
              0
            ],
            [
              37.7423337,
              49.7417929,
              0
            ],
            [
              37.751825,
              49.7407726,
              0
            ],
            [
              37.7622105,
              49.736862,
              0
            ],
            [
              37.775686,
              49.7337,
              0
            ],
            [
              37.7815224,
              49.7294559,
              0
            ],
            [
              37.7803637,
              49.7221873,
              0
            ],
            [
              37.7642443,
              49.7070455,
              0
            ],
            [
              37.7505972,
              49.6835606,
              0
            ],
            [
              37.7417456,
              49.6686524,
              0
            ],
            [
              37.7354799,
              49.6662637,
              0
            ],
            [
              37.7184854,
              49.6660971,
              0
            ],
            [
              37.7138935,
              49.6682081,
              0
            ],
            [
              37.7113613,
              49.6680274,
              0
            ],
            [
              37.7106747,
              49.6676871,
              0
            ],
            [
              37.7093874,
              49.6615693,
              0
            ],
            [
              37.7072845,
              49.6429537,
              0
            ],
            [
              37.7090012,
              49.6418421,
              0
            ],
            [
              37.714108,
              49.6423423,
              0
            ],
            [
              37.7217677,
              49.6422867,
              0
            ],
            [
              37.7246109,
              49.6435648,
              0
            ],
            [
              37.7276264,
              49.6529014,
              0
            ],
            [
              37.7333771,
              49.6546796,
              0
            ],
            [
              37.7486549,
              49.655652,
              0
            ],
            [
              37.7703701,
              49.6542628,
              0
            ],
            [
              37.7829014,
              49.6497339,
              0
            ],
            [
              37.7851759,
              49.6495672,
              0
            ],
            [
              37.7935806,
              49.6504383,
              0
            ],
            [
              37.7993742,
              49.6525499,
              0
            ],
            [
              37.803537,
              49.6527166,
              0
            ],
            [
              37.8168408,
              49.6491601,
              0
            ],
            [
              37.8202104,
              49.6491595,
              0
            ],
            [
              37.8225708,
              49.6470199,
              0
            ],
            [
              37.8155756,
              49.6256466,
              0
            ],
            [
              37.8025825,
              49.6280565,
              0
            ],
            [
              37.8007801,
              49.6262218,
              0
            ],
            [
              37.8114231,
              49.6219961,
              0
            ],
            [
              37.8140838,
              49.6160462,
              0
            ],
            [
              37.8035267,
              49.6112635,
              0
            ],
            [
              37.8026684,
              49.585284,
              0
            ],
            [
              37.832231,
              49.598183,
              0
            ],
            [
              37.833967,
              49.607797,
              0
            ],
            [
              37.865763,
              49.604304,
              0
            ],
            [
              37.87692,
              49.641969,
              0
            ],
            [
              37.84543,
              49.6472833,
              0
            ],
            [
              37.836307,
              49.6467853,
              0
            ],
            [
              37.8292045,
              49.6474383,
              0
            ],
            [
              37.8282389,
              49.6482719,
              0
            ],
            [
              37.82796,
              49.6497724,
              0
            ],
            [
              37.8291831,
              49.6503698,
              0
            ],
            [
              37.8436455,
              49.6524954,
              0
            ],
            [
              37.846199,
              49.6542388,
              0
            ],
            [
              37.8439434,
              49.6754364,
              0
            ],
            [
              37.8412214,
              49.6765075,
              0
            ],
            [
              37.837123,
              49.6757022,
              0
            ],
            [
              37.8282309,
              49.6710517,
              0
            ],
            [
              37.8231019,
              49.6692486,
              0
            ],
            [
              37.8177374,
              49.6689708,
              0
            ],
            [
              37.8074378,
              49.6709151,
              0
            ],
            [
              37.80276,
              49.6699985,
              0
            ],
            [
              37.7992664,
              49.6678715,
              0
            ],
            [
              37.7985047,
              49.6677326,
              0
            ],
            [
              37.784435,
              49.6712729,
              0
            ],
            [
              37.7841989,
              49.6717901,
              0
            ],
            [
              37.7933994,
              49.6862314,
              0
            ],
            [
              37.8027755,
              49.6940304,
              0
            ],
            [
              37.8043097,
              49.6945647,
              0
            ],
            [
              37.8190049,
              49.6936583,
              0
            ],
            [
              37.8212365,
              49.7173325,
              0
            ],
            [
              37.8012379,
              49.732286,
              0
            ],
            [
              37.8071603,
              49.7449887,
              0
            ],
            [
              37.8063019,
              49.7465416,
              0
            ],
            [
              37.7742656,
              49.7577657,
              0
            ],
            [
              37.7692705,
              49.7567562,
              0
            ],
            [
              37.7596505,
              49.7591934,
              0
            ],
            [
              37.757856,
              49.7583262,
              0
            ],
            [
              37.753916,
              49.7533557,
              0
            ],
            [
              37.730998,
              49.757473,
              0
            ],
            [
              37.718367,
              49.758744,
              0
            ],
            [
              37.706629,
              49.762089,
              0
            ],
            [
              37.701601,
              49.762204,
              0
            ],
            [
              37.696895,
              49.762943,
              0
            ],
            [
              37.69389,
              49.765192,
              0
            ],
            [
              37.690338,
              49.76596,
              0
            ],
            [
              37.678878,
              49.767149,
              0
            ],
            [
              37.675606,
              49.768018,
              0
            ],
            [
              37.67469,
              49.768601,
              0
            ],
            [
              37.672775,
              49.771199,
              0
            ],
            [
              37.671133,
              49.772107,
              0
            ],
            [
              37.650618,
              49.776054,
              0
            ],
            [
              37.6487271,
              49.7757313,
              0
            ],
            [
              37.647903,
              49.7752817,
              0
            ],
            [
              37.6475724,
              49.77425,
              0
            ],
            [
              37.6458149,
              49.7734262,
              0
            ],
            [
              37.6327106,
              49.7782034,
              0
            ]
          ]
        ]
      },
      "properties": {
        "name": "2026",
        "styleUrl": "#poly-A52714-1-69-nodesc",
        "fill-opacity": 0.27058823529411763,
        "fill": "#a52714",
        "stroke-opacity": 1,
        "stroke": "#a52714",
        "stroke-width": 0.001
      }
    },
    {
      "type": "Feature",
      "geometry": {
        "type": "Polygon",
        "coordinates": [
          [
            [
              36.2153393,
              50.3819998,
              0
            ],
            [
              36.2150818,
              50.3729682,
              0
            ],
            [
              36.2123352,
              50.3716544,
              0
            ],
            [
              36.2122494,
              50.366344,
              0
            ],
            [
              36.2056404,
              50.358788,
              0
            ],
            [
              36.2057692,
              50.3580761,
              0
            ],
            [
              36.2140089,
              50.3550643,
              0
            ],
            [
              36.214953,
              50.3551738,
              0
            ],
            [
              36.2216478,
              50.3593903,
              0
            ],
            [
              36.232865,
              50.364062,
              0
            ],
            [
              36.230462,
              50.371836,
              0
            ],
            [
              36.22017,
              50.37826,
              0
            ],
            [
              36.2153393,
              50.3819998,
              0
            ]
          ]
        ]
      },
      "properties": {
        "name": "2026",
        "styleUrl": "#poly-A52714-1901-69-nodesc",
        "fill-opacity": 0.27058823529411763,
        "fill": "#a52714",
        "stroke-opacity": 1,
        "stroke": "#a52714",
        "stroke-width": 1.901
      }
    },
    {
      "type": "Feature",
      "geometry": {
        "type": "Polygon",
        "coordinates": [
          [
            [
              36.253139,
              47.6537958,
              0
            ],
            [
              36.2490411,
              47.6576565,
              0
            ],
            [
              36.2473717,
              47.6654187,
              0
            ],
            [
              36.2532127,
              47.6664177,
              0
            ],
            [
              36.2566347,
              47.6598693,
              0
            ],
            [
              36.2847052,
              47.6492239,
              0
            ],
            [
              36.2882252,
              47.6503712,
              0
            ],
            [
              36.2900444,
              47.660951,
              0
            ],
            [
              36.2837861,
              47.6698105,
              0
            ],
            [
              36.2636186,
              47.6790154,
              0
            ],
            [
              36.2609724,
              47.6828167,
              0
            ],
            [
              36.2584189,
              47.6830334,
              0
            ],
            [
              36.2440943,
              47.6814318,
              0
            ],
            [
              36.2425493,
              47.6817207,
              0
            ],
            [
              36.2251257,
              47.6960784,
              0
            ],
            [
              36.2057431,
              47.7092647,
              0
            ],
            [
              36.1976734,
              47.7115796,
              0
            ],
            [
              36.1962159,
              47.7124123,
              0
            ],
            [
              36.1934264,
              47.7191399,
              0
            ],
            [
              36.1947997,
              47.7261841,
              0
            ],
            [
              36.1926539,
              47.7225467,
              0
            ],
            [
              36.1704007,
              47.7126015,
              0
            ],
            [
              36.1600051,
              47.7098506,
              0
            ],
            [
              36.1539014,
              47.7106797,
              0
            ],
            [
              36.1508508,
              47.7101293,
              0
            ],
            [
              36.1502698,
              47.7076883,
              0
            ],
            [
              36.1606222,
              47.6928642,
              0
            ],
            [
              36.1681006,
              47.6903046,
              0
            ],
            [
              36.1730104,
              47.6804871,
              0
            ],
            [
              36.1726392,
              47.6787681,
              0
            ],
            [
              36.1682341,
              47.6756621,
              0
            ],
            [
              36.168093,
              47.6723396,
              0
            ],
            [
              36.1764848,
              47.6613272,
              0
            ],
            [
              36.1947667,
              47.6569914,
              0
            ],
            [
              36.1992728,
              47.6494174,
              0
            ],
            [
              36.1972129,
              47.6456878,
              0
            ],
            [
              36.1815918,
              47.6428254,
              0
            ],
            [
              36.1805622,
              47.643317,
              0
            ],
            [
              36.1786314,
              47.6463241,
              0
            ],
            [
              36.1768936,
              47.6467435,
              0
            ],
            [
              36.1722052,
              47.6452906,
              0
            ],
            [
              36.1706926,
              47.6452544,
              0
            ],
            [
              36.1570871,
              47.6543608,
              0
            ],
            [
              36.1537498,
              47.6546648,
              0
            ],
            [
              36.1428432,
              47.6466776,
              0
            ],
            [
              36.142,
              47.6348552,
              0
            ],
            [
              36.1079076,
              47.6242369,
              0
            ],
            [
              36.1022451,
              47.6151368,
              0
            ],
            [
              36.1048758,
              47.6046911,
              0
            ],
            [
              36.105446,
              47.5963287,
              0
            ],
            [
              36.104121,
              47.584168,
              0
            ],
            [
              36.127247,
              47.583362,
              0
            ],
            [
              36.128166,
              47.580873,
              0
            ],
            [
              36.208074,
              47.583394,
              0
            ],
            [
              36.211151,
              47.588951,
              0
            ],
            [
              36.3043905,
              47.6059487,
              0
            ],
            [
              36.3069565,
              47.6307159,
              0
            ],
            [
              36.2864429,
              47.6312944,
              0
            ],
            [
              36.2782461,
              47.6347358,
              0
            ],
            [
              36.273655,
              47.6432013,
              0
            ],
            [
              36.2665366,
              47.6455886,
              0
            ],
            [
              36.254446,
              47.6460221,
              0
            ],
            [
              36.253139,
              47.6537958,
              0
            ]
          ]
        ]
      },
      "properties": {
        "name": "2026",
        "styleUrl": "#poly-A52714-1701-71-nodesc",
        "fill-opacity": 0.2784313725490196,
        "fill": "#a52714",
        "stroke-opacity": 1,
        "stroke": "#a52714",
        "stroke-width": 1.701
      }
    },
    {
      "type": "Feature",
      "geometry": {
        "type": "Polygon",
        "coordinates": [
          [
            [
              37.627268,
              50.240331,
              0
            ],
            [
              37.5899664,
              50.2452906,
              0
            ],
            [
              37.5837007,
              50.2446319,
              0
            ],
            [
              37.5566641,
              50.2441927,
              0
            ],
            [
              37.5324599,
              50.2531391,
              0
            ],
            [
              37.5238339,
              50.2531116,
              0
            ],
            [
              37.5204436,
              50.2500108,
              0
            ],
            [
              37.5167099,
              50.2353547,
              0
            ],
            [
              37.5173537,
              50.2340096,
              0
            ],
            [
              37.5204006,
              50.2333507,
              0
            ],
            [
              37.5307003,
              50.2338723,
              0
            ],
            [
              37.5352922,
              50.2320331,
              0
            ],
            [
              37.5377384,
              50.2319096,
              0
            ],
            [
              37.5433604,
              50.2337625,
              0
            ],
            [
              37.5743452,
              50.2292054,
              0
            ],
            [
              37.5832716,
              50.22333,
              0
            ],
            [
              37.615423,
              50.215072,
              0
            ],
            [
              37.61405,
              50.222212,
              0
            ],
            [
              37.627268,
              50.240331,
              0
            ]
          ]
        ]
      },
      "properties": {
        "name": "2026",
        "styleUrl": "#poly-A52714-1701-69-nodesc",
        "fill-opacity": 0.27058823529411763,
        "fill": "#a52714",
        "stroke-opacity": 1,
        "stroke": "#a52714",
        "stroke-width": 1.701
      }
    },
    {
      "type": "Feature",
      "geometry": {
        "type": "Polygon",
        "coordinates": [
          [
            [
              37.667619,
              49.119082,
              0
            ],
            [
              37.6656578,
              49.1186451,
              0
            ],
            [
              37.6445634,
              49.1218577,
              0
            ],
            [
              37.6412645,
              49.121614,
              0
            ],
            [
              37.6336165,
              49.1139967,
              0
            ],
            [
              37.6412463,
              49.1073906,
              0
            ],
            [
              37.6402408,
              49.1009999,
              0
            ],
            [
              37.6435024,
              49.1029948,
              0
            ],
            [
              37.6582815,
              49.1053276,
              0
            ],
            [
              37.667705,
              49.113717,
              0
            ],
            [
              37.667619,
              49.119082,
              0
            ]
          ]
        ]
      },
      "properties": {
        "name": "2026",
        "styleUrl": "#poly-A52714-2301-71-nodesc",
        "fill-opacity": 0.2784313725490196,
        "fill": "#a52714",
        "stroke-opacity": 1,
        "stroke": "#a52714",
        "stroke-width": 2.301
      }
    },
    {
      "type": "Feature",
      "geometry": {
        "type": "Polygon",
        "coordinates": [
          [
            [
              37.3741701,
              50.4332625,
              0
            ],
            [
              37.3747709,
              50.4297634,
              0
            ],
            [
              37.3897055,
              50.4231471,
              0
            ],
            [
              37.4449804,
              50.4306929,
              0
            ],
            [
              37.4478129,
              50.4300915,
              0
            ],
            [
              37.4521044,
              50.4269748,
              0
            ],
            [
              37.4528769,
              50.4234752,
              0
            ],
            [
              37.462239,
              50.418801,
              0
            ],
            [
              37.464986,
              50.430722,
              0
            ],
            [
              37.484168,
              50.431093,
              0
            ],
            [
              37.484278,
              50.444914,
              0
            ],
            [
              37.490748,
              50.457118,
              0
            ],
            [
              37.476872,
              50.459516,
              0
            ],
            [
              37.473353,
              50.455417,
              0
            ],
            [
              37.468722,
              50.453146,
              0
            ],
            [
              37.432072,
              50.443489,
              0
            ],
            [
              37.4311695,
              50.4416081,
              0
            ],
            [
              37.421212,
              50.434549,
              0
            ],
            [
              37.403702,
              50.432242,
              0
            ],
            [
              37.395862,
              50.43078,
              0
            ],
            [
              37.3741701,
              50.4332625,
              0
            ]
          ]
        ]
      },
      "properties": {
        "name": "2026",
        "styleUrl": "#poly-A52714-2301-71-nodesc",
        "fill-opacity": 0.2784313725490196,
        "fill": "#a52714",
        "stroke-opacity": 1,
        "stroke": "#a52714",
        "stroke-width": 2.301
      }
    },
    {
      "type": "Feature",
      "geometry": {
        "type": "Polygon",
        "coordinates": [
          [
            [
              37.7811912,
              49.0707432,
              0
            ],
            [
              37.7935819,
              49.0662295,
              0
            ],
            [
              37.8111221,
              49.0713798,
              0
            ],
            [
              37.8180315,
              49.0696086,
              0
            ],
            [
              37.8262268,
              49.0701154,
              0
            ],
            [
              37.8325842,
              49.0677685,
              0
            ],
            [
              37.8485659,
              49.0690037,
              0
            ],
            [
              37.8646591,
              49.0715341,
              0
            ],
            [
              37.8724217,
              49.0747618,
              0
            ],
            [
              37.8803373,
              49.0745762,
              0
            ],
            [
              37.882849,
              49.0728089,
              0
            ],
            [
              37.8820835,
              49.0767493,
              0
            ],
            [
              37.8720476,
              49.0792277,
              0
            ],
            [
              37.8642799,
              49.0944892,
              0
            ],
            [
              37.851188,
              49.1040812,
              0
            ],
            [
              37.8414248,
              49.1007236,
              0
            ],
            [
              37.8379915,
              49.0918438,
              0
            ],
            [
              37.8421114,
              49.072955,
              0
            ],
            [
              37.8406441,
              49.0710953,
              0
            ],
            [
              37.8355765,
              49.0706801,
              0
            ],
            [
              37.8342395,
              49.0713656,
              0
            ],
            [
              37.8283265,
              49.080177,
              0
            ],
            [
              37.8139948,
              49.0839279,
              0
            ],
            [
              37.7811912,
              49.0707432,
              0
            ]
          ]
        ]
      },
      "properties": {
        "name": "2026",
        "styleUrl": "#poly-A52714-1801-74-nodesc",
        "fill-opacity": 0.2901960784313726,
        "fill": "#a52714",
        "stroke-opacity": 1,
        "stroke": "#a52714",
        "stroke-width": 1.801
      }
    },
    {
      "type": "Feature",
      "geometry": {
        "type": "Polygon",
        "coordinates": [
          [
            [
              37.9187883,
              49.0403209,
              0
            ],
            [
              37.919255,
              49.037173,
              0
            ],
            [
              37.9161628,
              49.0328964,
              0
            ],
            [
              37.915122,
              49.0290711,
              0
            ],
            [
              37.9198379,
              49.0221963,
              0
            ],
            [
              37.9195454,
              49.0175874,
              0
            ],
            [
              37.9143551,
              49.0095592,
              0
            ],
            [
              37.9042101,
              49.0082629,
              0
            ],
            [
              37.9042746,
              48.9998028,
              0
            ],
            [
              37.8962708,
              48.9957345,
              0
            ],
            [
              37.8973216,
              48.9833585,
              0
            ],
            [
              37.8699637,
              48.978133,
              0
            ],
            [
              37.870307,
              48.9740203,
              0
            ],
            [
              37.8863092,
              48.9761179,
              0
            ],
            [
              37.9196972,
              48.9751752,
              0
            ],
            [
              37.9193857,
              48.9925585,
              0
            ],
            [
              37.9322267,
              48.997706,
              0
            ],
            [
              37.9321838,
              49.0063773,
              0
            ],
            [
              37.9279126,
              49.0091028,
              0
            ],
            [
              37.9270129,
              49.0127306,
              0
            ],
            [
              37.9278181,
              49.0132135,
              0
            ],
            [
              37.9317099,
              49.0137213,
              0
            ],
            [
              37.9323152,
              49.0143188,
              0
            ],
            [
              37.9313438,
              49.0203364,
              0
            ],
            [
              37.934299,
              49.0238709,
              0
            ],
            [
              37.9311331,
              49.0292052,
              0
            ],
            [
              37.9313869,
              49.0302963,
              0
            ],
            [
              37.9416555,
              49.0338092,
              0
            ],
            [
              37.9326075,
              49.0461431,
              0
            ],
            [
              37.9187883,
              49.0403209,
              0
            ]
          ]
        ]
      },
      "properties": {
        "name": "2026",
        "styleUrl": "#poly-A52714-1801-71-nodesc",
        "fill-opacity": 0.2784313725490196,
        "fill": "#a52714",
        "stroke-opacity": 1,
        "stroke": "#a52714",
        "stroke-width": 1.801
      }
    },
    {
      "type": "Feature",
      "geometry": {
        "type": "Polygon",
        "coordinates": [
          [
            [
              37.8935713,
              48.8507939,
              0
            ],
            [
              37.8931454,
              48.849514,
              0
            ],
            [
              37.8749494,
              48.8466335,
              0
            ],
            [
              37.8589886,
              48.8393429,
              0
            ],
            [
              37.8573302,
              48.8194376,
              0
            ],
            [
              37.8534629,
              48.8134363,
              0
            ],
            [
              37.8605489,
              48.8090945,
              0
            ],
            [
              37.8708915,
              48.8148032,
              0
            ],
            [
              37.8945714,
              48.8209609,
              0
            ],
            [
              37.9002362,
              48.8204522,
              0
            ],
            [
              37.907961,
              48.8145745,
              0
            ],
            [
              37.9205781,
              48.8109572,
              0
            ],
            [
              37.9251271,
              48.8067177,
              0
            ],
            [
              37.928496,
              48.7936563,
              0
            ],
            [
              37.9232824,
              48.780821,
              0
            ],
            [
              37.9258534,
              48.7726614,
              0
            ],
            [
              37.9219014,
              48.7701582,
              0
            ],
            [
              37.9036624,
              48.7727321,
              0
            ],
            [
              37.9012657,
              48.7711155,
              0
            ],
            [
              37.8948284,
              48.7710023,
              0
            ],
            [
              37.8874487,
              48.7681563,
              0
            ],
            [
              37.8822919,
              48.7657697,
              0
            ],
            [
              37.8623362,
              48.7618093,
              0
            ],
            [
              37.8590747,
              48.7564341,
              0
            ],
            [
              37.8480025,
              48.7556136,
              0
            ],
            [
              37.8393765,
              48.7650908,
              0
            ],
            [
              37.8311797,
              48.7658263,
              0
            ],
            [
              37.829506,
              48.7641573,
              0
            ],
            [
              37.8303214,
              48.7613567,
              0
            ],
            [
              37.8376599,
              48.755755,
              0
            ],
            [
              37.8346558,
              48.7517373,
              0
            ],
            [
              37.8351708,
              48.7502376,
              0
            ],
            [
              37.8452897,
              48.7446992,
              0
            ],
            [
              37.8451609,
              48.7430012,
              0
            ],
            [
              37.8391957,
              48.7389259,
              0
            ],
            [
              37.8359341,
              48.7386711,
              0
            ],
            [
              37.8168797,
              48.7438219,
              0
            ],
            [
              37.8153777,
              48.7434257,
              0
            ],
            [
              37.8074381,
              48.7451247,
              0
            ],
            [
              37.8038115,
              48.7424929,
              0
            ],
            [
              37.7842212,
              48.7420107,
              0
            ],
            [
              37.7758326,
              48.7420302,
              0
            ],
            [
              37.7719078,
              48.7398102,
              0
            ],
            [
              37.7713547,
              48.7376905,
              0
            ],
            [
              37.774269,
              48.7346429,
              0
            ],
            [
              37.7782988,
              48.7340293,
              0
            ],
            [
              37.8014413,
              48.735915,
              0
            ],
            [
              37.8137263,
              48.7302154,
              0
            ],
            [
              37.8182689,
              48.7213369,
              0
            ],
            [
              37.8165953,
              48.7202439,
              0
            ],
            [
              37.8023261,
              48.7212261,
              0
            ],
            [
              37.799569,
              48.7205561,
              0
            ],
            [
              37.7964687,
              48.7179606,
              0
            ],
            [
              37.7969854,
              48.7171882,
              0
            ],
            [
              37.804456,
              48.7156441,
              0
            ],
            [
              37.8107284,
              48.7098945,
              0
            ],
            [
              37.8050788,
              48.7013402,
              0
            ],
            [
              37.8030903,
              48.6933828,
              0
            ],
            [
              37.8039486,
              48.6916264,
              0
            ],
            [
              37.8111575,
              48.686413,
              0
            ],
            [
              37.8112442,
              48.683637,
              0
            ],
            [
              37.7993137,
              48.6757031,
              0
            ],
            [
              37.791703,
              48.6551378,
              0
            ],
            [
              37.7942275,
              48.6430951,
              0
            ],
            [
              37.8159651,
              48.6457504,
              0
            ],
            [
              37.8365841,
              48.6581804,
              0
            ],
            [
              37.8352966,
              48.6606466,
              0
            ],
            [
              37.8413906,
              48.6716721,
              0
            ],
            [
              37.840146,
              48.6752145,
              0
            ],
            [
              37.8364124,
              48.6763197,
              0
            ],
            [
              37.8357258,
              48.6770281,
              0
            ],
            [
              37.8364124,
              48.6794084,
              0
            ],
            [
              37.8389015,
              48.6800601,
              0
            ],
            [
              37.8452861,
              48.6770722,
              0
            ],
            [
              37.860399,
              48.6886067,
              0
            ],
            [
              37.8627526,
              48.6903323,
              0
            ],
            [
              37.8654563,
              48.6905306,
              0
            ],
            [
              37.8753268,
              48.6881792,
              0
            ],
            [
              37.8775155,
              48.6884908,
              0
            ],
            [
              37.8837811,
              48.6930802,
              0
            ],
            [
              37.9002177,
              48.6949781,
              0
            ],
            [
              37.9088669,
              48.6943691,
              0
            ],
            [
              37.9158537,
              48.697386,
              0
            ],
            [
              37.9184273,
              48.7006508,
              0
            ],
            [
              37.9159749,
              48.7048785,
              0
            ],
            [
              37.9165841,
              48.7062492,
              0
            ],
            [
              37.9226854,
              48.7093386,
              0
            ],
            [
              37.9241435,
              48.7092876,
              0
            ],
            [
              37.92633,
              48.7077552,
              0
            ],
            [
              37.9318186,
              48.704662,
              0
            ],
            [
              37.9478213,
              48.7027012,
              0
            ],
            [
              37.9639554,
              48.7034021,
              0
            ],
            [
              37.9717853,
              48.7054241,
              0
            ],
            [
              37.9806886,
              48.7110988,
              0
            ],
            [
              37.9881108,
              48.7199559,
              0
            ],
            [
              37.9951105,
              48.7357282,
              0
            ],
            [
              38.0171102,
              48.7375136,
              0
            ],
            [
              38.0192131,
              48.7387873,
              0
            ],
            [
              38.0195564,
              48.7460321,
              0
            ],
            [
              38.00798,
              48.7602288,
              0
            ],
            [
              38.0200693,
              48.767412,
              0
            ],
            [
              38.0401349,
              48.7692643,
              0
            ],
            [
              38.0435681,
              48.7743554,
              0
            ],
            [
              38.0603482,
              48.7876082,
              0
            ],
            [
              38.0587089,
              48.7911925,
              0
            ],
            [
              38.0305526,
              48.7896093,
              0
            ],
            [
              38.0190513,
              48.7866688,
              0
            ],
            [
              38.0177638,
              48.7872625,
              0
            ],
            [
              38.016002,
              48.800572,
              0
            ],
            [
              38.0165599,
              48.8015048,
              0
            ],
            [
              38.0220531,
              48.8028333,
              0
            ],
            [
              38.0503772,
              48.8038792,
              0
            ],
            [
              38.0515359,
              48.8046989,
              0
            ],
            [
              38.0532954,
              48.8139125,
              0
            ],
            [
              38.0593695,
              48.8313161,
              0
            ],
            [
              38.0582309,
              48.8403995,
              0
            ],
            [
              38.0563681,
              48.8408308,
              0
            ],
            [
              38.0453926,
              48.8391007,
              0
            ],
            [
              38.0328935,
              48.8403294,
              0
            ],
            [
              38.0180877,
              48.850892,
              0
            ],
            [
              38.0176927,
              48.8534242,
              0
            ],
            [
              38.016414,
              48.8638521,
              0
            ],
            [
              38.0337568,
              48.8702395,
              0
            ],
            [
              38.0353876,
              48.8722719,
              0
            ],
            [
              38.0323603,
              48.8903682,
              0
            ],
            [
              38.0101548,
              48.8936919,
              0
            ],
            [
              38.0079661,
              48.896344,
              0
            ],
            [
              38.0085669,
              48.8973879,
              0
            ],
            [
              38.0403586,
              48.9073301,
              0
            ],
            [
              38.0355447,
              48.9157822,
              0
            ],
            [
              38.0320198,
              48.91594,
              0
            ],
            [
              38.031655,
              48.9164617,
              0
            ],
            [
              38.0372727,
              48.9242907,
              0
            ],
            [
              38.0392326,
              48.9257654,
              0
            ],
            [
              38.0394233,
              48.926938,
              0
            ],
            [
              38.0204626,
              48.9334533,
              0
            ],
            [
              37.9994341,
              48.9190166,
              0
            ],
            [
              37.9937693,
              48.9209907,
              0
            ],
            [
              37.9963871,
              48.9310005,
              0
            ],
            [
              37.9822312,
              48.9395455,
              0
            ],
            [
              37.9731533,
              48.9397569,
              0
            ],
            [
              37.9610153,
              48.9355662,
              0
            ],
            [
              37.9465529,
              48.9279539,
              0
            ],
            [
              37.9380672,
              48.9048346,
              0
            ],
            [
              37.9327232,
              48.8983166,
              0
            ],
            [
              37.9324096,
              48.8953088,
              0
            ],
            [
              37.9313878,
              48.8936552,
              0
            ],
            [
              37.9317476,
              48.892041,
              0
            ],
            [
              37.9271462,
              48.8858216,
              0
            ],
            [
              37.9198743,
              48.880886,
              0
            ],
            [
              37.914215,
              48.879343,
              0
            ],
            [
              37.910782,
              48.879851,
              0
            ],
            [
              37.903057,
              48.87765,
              0
            ],
            [
              37.8978858,
              48.8782005,
              0
            ],
            [
              37.8934458,
              48.8757138,
              0
            ],
            [
              37.8910426,
              48.8709153,
              0
            ],
            [
              37.8902985,
              48.8569646,
              0
            ],
            [
              37.8935713,
              48.8507939,
              0
            ]
          ]
        ]
      },
      "properties": {
        "name": "2026",
        "styleUrl": "#poly-A52714-2101-74-nodesc",
        "fill-opacity": 0.2901960784313726,
        "fill": "#a52714",
        "stroke-opacity": 1,
        "stroke": "#a52714",
        "stroke-width": 2.101
      }
    },
    {
      "type": "Feature",
      "geometry": {
        "type": "Polygon",
        "coordinates": [
          [
            [
              35.3589476,
              47.576169,
              0
            ],
            [
              35.3594948,
              47.5762341,
              0
            ],
            [
              35.3629444,
              47.5747577,
              0
            ],
            [
              35.3635717,
              47.5740917,
              0
            ],
            [
              35.3639025,
              47.5644009,
              0
            ],
            [
              35.3784508,
              47.564951,
              0
            ],
            [
              35.3769913,
              47.5761113,
              0
            ],
            [
              35.3697379,
              47.577117,
              0
            ],
            [
              35.3684064,
              47.5804386,
              0
            ],
            [
              35.362745,
              47.5803474,
              0
            ],
            [
              35.3589476,
              47.576169,
              0
            ]
          ]
        ]
      },
      "properties": {
        "name": "2026",
        "styleUrl": "#poly-A52714-1401-107-nodesc",
        "fill-opacity": 0.4196078431372549,
        "fill": "#a52714",
        "stroke-opacity": 1,
        "stroke": "#a52714",
        "stroke-width": 1.401
      }
    },
    {
      "type": "Feature",
      "geometry": {
        "type": "Polygon",
        "coordinates": [
          [
            [
              37.7838541,
              48.4476666,
              0
            ],
            [
              37.7860524,
              48.4530664,
              0
            ],
            [
              37.7836649,
              48.456978,
              0
            ],
            [
              37.7800908,
              48.4593368,
              0
            ],
            [
              37.7799805,
              48.4614933,
              0
            ],
            [
              37.7871595,
              48.4661494,
              0
            ],
            [
              37.7700907,
              48.4794766,
              0
            ],
            [
              37.7702217,
              48.4802726,
              0
            ],
            [
              37.7810448,
              48.4860936,
              0
            ],
            [
              37.7791581,
              48.4907849,
              0
            ],
            [
              37.7791721,
              48.4916176,
              0
            ],
            [
              37.7818225,
              48.4923085,
              0
            ],
            [
              37.7825289,
              48.4922232,
              0
            ],
            [
              37.8041502,
              48.4805495,
              0
            ],
            [
              37.827075,
              48.4731631,
              0
            ],
            [
              37.8382619,
              48.4750781,
              0
            ],
            [
              37.845202,
              48.4807781,
              0
            ],
            [
              37.8512634,
              48.4837552,
              0
            ],
            [
              37.8512001,
              48.4896524,
              0
            ],
            [
              37.838337,
              48.4943795,
              0
            ],
            [
              37.8368423,
              48.5177444,
              0
            ],
            [
              37.8422917,
              48.5266972,
              0
            ],
            [
              37.85073,
              48.5320039,
              0
            ],
            [
              37.8532834,
              48.5358401,
              0
            ],
            [
              37.8493567,
              48.5410117,
              0
            ],
            [
              37.841868,
              48.5411112,
              0
            ],
            [
              37.8340252,
              48.5423902,
              0
            ],
            [
              37.8282506,
              48.5421077,
              0
            ],
            [
              37.8248091,
              48.544649,
              0
            ],
            [
              37.8194375,
              48.545729,
              0
            ],
            [
              37.8189226,
              48.5475543,
              0
            ],
            [
              37.8249592,
              48.5549231,
              0
            ],
            [
              37.8415357,
              48.5638176,
              0
            ],
            [
              37.841395,
              48.5656256,
              0
            ],
            [
              37.8282752,
              48.5801677,
              0
            ],
            [
              37.821283,
              48.5852253,
              0
            ],
            [
              37.8235545,
              48.5767606,
              0
            ],
            [
              37.8282629,
              48.5706237,
              0
            ],
            [
              37.8227388,
              48.56484,
              0
            ],
            [
              37.8247446,
              48.5563434,
              0
            ],
            [
              37.8186552,
              48.5494199,
              0
            ],
            [
              37.8091347,
              48.5465456,
              0
            ],
            [
              37.772206,
              48.5433493,
              0
            ],
            [
              37.7697533,
              48.5450928,
              0
            ],
            [
              37.7679579,
              48.5456722,
              0
            ],
            [
              37.7507094,
              48.5434048,
              0
            ],
            [
              37.7471922,
              48.5470004,
              0
            ],
            [
              37.746191,
              48.547302,
              0
            ],
            [
              37.745457,
              48.5481813,
              0
            ],
            [
              37.7435213,
              48.5478958,
              0
            ],
            [
              37.7431047,
              48.5464157,
              0
            ],
            [
              37.7315859,
              48.5443925,
              0
            ],
            [
              37.7308699,
              48.5434174,
              0
            ],
            [
              37.7314008,
              48.5403123,
              0
            ],
            [
              37.7270952,
              48.5361741,
              0
            ],
            [
              37.7230386,
              48.5372752,
              0
            ],
            [
              37.7215999,
              48.5364156,
              0
            ],
            [
              37.7143174,
              48.5396742,
              0
            ],
            [
              37.7025399,
              48.5289285,
              0
            ],
            [
              37.7068858,
              48.5249085,
              0
            ],
            [
              37.7057758,
              48.5232394,
              0
            ],
            [
              37.6971129,
              48.5219396,
              0
            ],
            [
              37.6949131,
              48.5208004,
              0
            ],
            [
              37.6956287,
              48.519783,
              0
            ],
            [
              37.6983711,
              48.5189632,
              0
            ],
            [
              37.6999722,
              48.5162076,
              0
            ],
            [
              37.7068333,
              48.5117607,
              0
            ],
            [
              37.6947269,
              48.503834,
              0
            ],
            [
              37.6786871,
              48.5150713,
              0
            ],
            [
              37.6762005,
              48.5152701,
              0
            ],
            [
              37.6662044,
              48.508674,
              0
            ],
            [
              37.6647238,
              48.5048071,
              0
            ],
            [
              37.6582865,
              48.5018215,
              0
            ],
            [
              37.6584686,
              48.4951846,
              0
            ],
            [
              37.6498926,
              48.4944041,
              0
            ],
            [
              37.6473239,
              48.4970931,
              0
            ],
            [
              37.6142044,
              48.4943902,
              0
            ],
            [
              37.6104505,
              48.4930788,
              0
            ],
            [
              37.6086313,
              48.4905268,
              0
            ],
            [
              37.6132232,
              48.474796,
              0
            ],
            [
              37.6106483,
              48.4677682,
              0
            ],
            [
              37.6115066,
              48.4642112,
              0
            ],
            [
              37.6093609,
              48.4615362,
              0
            ],
            [
              37.6117641,
              48.4434906,
              0
            ],
            [
              37.585619,
              48.4356126,
              0
            ],
            [
              37.5922953,
              48.4318389,
              0
            ],
            [
              37.5973071,
              48.4332831,
              0
            ],
            [
              37.5986974,
              48.4307591,
              0
            ],
            [
              37.6073996,
              48.4326693,
              0
            ],
            [
              37.6136036,
              48.4309633,
              0
            ],
            [
              37.6154486,
              48.4263849,
              0
            ],
            [
              37.6456236,
              48.4288623,
              0
            ],
            [
              37.6568646,
              48.4287872,
              0
            ],
            [
              37.664828,
              48.4270916,
              0
            ],
            [
              37.6705986,
              48.4243419,
              0
            ],
            [
              37.6813778,
              48.4250176,
              0
            ],
            [
              37.6962783,
              48.4302483,
              0
            ],
            [
              37.7456156,
              48.4337487,
              0
            ],
            [
              37.7519404,
              48.4311233,
              0
            ],
            [
              37.7571799,
              48.4231273,
              0
            ],
            [
              37.7621482,
              48.4231027,
              0
            ],
            [
              37.7671478,
              48.4115606,
              0
            ],
            [
              37.7848061,
              48.409759,
              0
            ],
            [
              37.7867147,
              48.4121305,
              0
            ],
            [
              37.776233,
              48.418327,
              0
            ],
            [
              37.7745713,
              48.4216566,
              0
            ],
            [
              37.7748497,
              48.4225458,
              0
            ],
            [
              37.7946341,
              48.4240381,
              0
            ],
            [
              37.8028739,
              48.4194142,
              0
            ],
            [
              37.8087091,
              48.4205177,
              0
            ],
            [
              37.8238148,
              48.4109817,
              0
            ],
            [
              37.8376524,
              48.4109119,
              0
            ],
            [
              37.844733,
              48.4192538,
              0
            ],
            [
              37.8265615,
              48.4272976,
              0
            ],
            [
              37.8008408,
              48.4321254,
              0
            ],
            [
              37.8020595,
              48.4367086,
              0
            ],
            [
              37.7916994,
              48.443624,
              0
            ],
            [
              37.7893835,
              48.4468503,
              0
            ],
            [
              37.7838541,
              48.4476666,
              0
            ]
          ]
        ]
      },
      "properties": {
        "name": "2026",
        "styleUrl": "#poly-A52714-1901-69-nodesc",
        "fill-opacity": 0.27058823529411763,
        "fill": "#a52714",
        "stroke-opacity": 1,
        "stroke": "#a52714",
        "stroke-width": 1.901
      }
    },
    {
      "type": "Feature",
      "geometry": {
        "type": "Polygon",
        "coordinates": [
          [
            [
              36.2039713,
              47.7384445,
              0
            ],
            [
              36.2431879,
              47.7407067,
              0
            ],
            [
              36.2458108,
              47.7415977,
              0
            ],
            [
              36.246331,
              47.7455765,
              0
            ],
            [
              36.2488397,
              47.7483922,
              0
            ],
            [
              36.252154,
              47.7487618,
              0
            ],
            [
              36.2473078,
              47.7781535,
              0
            ],
            [
              36.2495394,
              47.7797685,
              0
            ],
            [
              36.2565835,
              47.780674,
              0
            ],
            [
              36.2319501,
              47.787883,
              0
            ],
            [
              36.2128098,
              47.7876523,
              0
            ],
            [
              36.2043043,
              47.7774924,
              0
            ],
            [
              36.1851641,
              47.7750121,
              0
            ],
            [
              36.1852964,
              47.7686228,
              0
            ],
            [
              36.1820614,
              47.7657364,
              0
            ],
            [
              36.1714165,
              47.762434,
              0
            ],
            [
              36.1693992,
              47.7609558,
              0
            ],
            [
              36.1638631,
              47.7547461,
              0
            ],
            [
              36.1603879,
              47.7536063,
              0
            ],
            [
              36.1437809,
              47.7531868,
              0
            ],
            [
              36.1416781,
              47.7518595,
              0
            ],
            [
              36.1415066,
              47.7444715,
              0
            ],
            [
              36.1430085,
              47.7435779,
              0
            ],
            [
              36.1784565,
              47.7434624,
              0
            ],
            [
              36.1919029,
              47.7354644,
              0
            ],
            [
              36.1928053,
              47.7377052,
              0
            ],
            [
              36.2039713,
              47.7384445,
              0
            ]
          ]
        ]
      },
      "properties": {
        "name": "2026",
        "styleUrl": "#poly-A52714-2001-66-nodesc",
        "fill-opacity": 0.25882352941176473,
        "fill": "#a52714",
        "stroke-opacity": 1,
        "stroke": "#a52714",
        "stroke-width": 2.001
      }
    },
    {
      "type": "Feature",
      "geometry": {
        "type": "Polygon",
        "coordinates": [
          [
            [
              34.2187349,
              51.702818,
              0
            ],
            [
              34.2336439,
              51.6971082,
              0
            ],
            [
              34.247994,
              51.701743,
              0
            ],
            [
              34.260354,
              51.700466,
              0
            ],
            [
              34.2662596,
              51.7018959,
              0
            ],
            [
              34.2526983,
              51.705247,
              0
            ],
            [
              34.2440294,
              51.7035981,
              0
            ],
            [
              34.2358755,
              51.7080128,
              0
            ],
            [
              34.2313265,
              51.708651,
              0
            ],
            [
              34.2187349,
              51.702818,
              0
            ]
          ]
        ]
      },
      "properties": {
        "name": "2026",
        "styleUrl": "#poly-A52714-1601-71-nodesc",
        "fill-opacity": 0.2784313725490196,
        "fill": "#a52714",
        "stroke-opacity": 1,
        "stroke": "#a52714",
        "stroke-width": 1.601
      }
    },
    {
      "type": "Feature",
      "geometry": {
        "type": "Polygon",
        "coordinates": [
          [
            [
              34.3560762,
              51.860713,
              0
            ],
            [
              34.3461199,
              51.8500044,
              0
            ],
            [
              34.3466348,
              51.8428461,
              0
            ],
            [
              34.3494672,
              51.8414144,
              0
            ],
            [
              34.3590803,
              51.842528,
              0
            ],
            [
              34.3675775,
              51.8365884,
              0
            ],
            [
              34.3891,
              51.836229,
              0
            ],
            [
              34.38704,
              51.843654,
              0
            ],
            [
              34.370217,
              51.845351,
              0
            ],
            [
              34.361634,
              51.858499,
              0
            ],
            [
              34.3560762,
              51.860713,
              0
            ]
          ]
        ]
      },
      "properties": {
        "name": "2026",
        "styleUrl": "#poly-A52714-1901-69-nodesc",
        "fill-opacity": 0.27058823529411763,
        "fill": "#a52714",
        "stroke-opacity": 1,
        "stroke": "#a52714",
        "stroke-width": 1.901
      }
    },
    {
      "type": "Feature",
      "geometry": {
        "type": "Polygon",
        "coordinates": [
          [
            [
              36.076084,
              47.548332,
              0
            ],
            [
              36.083535,
              47.551567,
              0
            ],
            [
              36.093561,
              47.550283,
              0
            ],
            [
              36.092602,
              47.563306,
              0
            ],
            [
              36.094904,
              47.564861,
              0
            ],
            [
              36.1002851,
              47.5797622,
              0
            ],
            [
              36.101314,
              47.582505,
              0
            ],
            [
              36.104121,
              47.584168,
              0
            ],
            [
              36.0990067,
              47.5834013,
              0
            ],
            [
              36.0490871,
              47.5872594,
              0
            ],
            [
              36.0347963,
              47.5868831,
              0
            ],
            [
              36.0325647,
              47.5854938,
              0
            ],
            [
              36.033423,
              47.5766645,
              0
            ],
            [
              36.0353542,
              47.5755644,
              0
            ],
            [
              36.0654379,
              47.5760276,
              0
            ],
            [
              36.0676265,
              47.574609,
              0
            ],
            [
              36.0723901,
              47.5522243,
              0
            ],
            [
              36.076084,
              47.548332,
              0
            ]
          ]
        ]
      },
      "properties": {
        "name": "2026",
        "styleUrl": "#poly-A52714-1801-74-nodesc",
        "fill-opacity": 0.2901960784313726,
        "fill": "#a52714",
        "stroke-opacity": 1,
        "stroke": "#a52714",
        "stroke-width": 1.801
      }
    },
    {
      "type": "Feature",
      "geometry": {
        "type": "Polygon",
        "coordinates": [
          [
            [
              36.9290533,
              48.2291608,
              0
            ],
            [
              36.9373911,
              48.1864932,
              0
            ],
            [
              36.9460469,
              48.1913965,
              0
            ],
            [
              36.9445448,
              48.2011513,
              0
            ],
            [
              36.9521409,
              48.2068432,
              0
            ],
            [
              36.9433226,
              48.2372506,
              0
            ],
            [
              36.9290533,
              48.2291608,
              0
            ]
          ]
        ]
      },
      "properties": {
        "name": "2026",
        "styleUrl": "#poly-A52714-1701-69-nodesc",
        "fill-opacity": 0.27058823529411763,
        "fill": "#a52714",
        "stroke-opacity": 1,
        "stroke": "#a52714",
        "stroke-width": 1.701
      }
    },
    {
      "type": "Feature",
      "geometry": {
        "type": "Polygon",
        "coordinates": [
          [
            [
              36.9545438,
              48.2395834,
              0
            ],
            [
              36.961221,
              48.2377907,
              0
            ],
            [
              36.9726043,
              48.2373119,
              0
            ],
            [
              36.9735163,
              48.2400273,
              0
            ],
            [
              36.9754046,
              48.2402059,
              0
            ],
            [
              36.9763058,
              48.2430926,
              0
            ],
            [
              36.9835818,
              48.2583494,
              0
            ],
            [
              36.9842685,
              48.2589208,
              0
            ],
            [
              36.9984519,
              48.2602922,
              0
            ],
            [
              37.0016706,
              48.2468622,
              0
            ],
            [
              37.0141785,
              48.2483511,
              0
            ],
            [
              37.0107522,
              48.2608385,
              0
            ],
            [
              37.0128765,
              48.2617242,
              0
            ],
            [
              37.0093772,
              48.27765,
              0
            ],
            [
              37.0081088,
              48.2784945,
              0
            ],
            [
              36.9969871,
              48.2782407,
              0
            ],
            [
              36.9859578,
              48.2795545,
              0
            ],
            [
              36.9666028,
              48.2778842,
              0
            ],
            [
              36.9654443,
              48.2771268,
              0
            ],
            [
              36.9677617,
              48.2663866,
              0
            ],
            [
              36.9609381,
              48.2567014,
              0
            ],
            [
              36.9602944,
              48.255587,
              0
            ],
            [
              36.9626118,
              48.2407553,
              0
            ],
            [
              36.9613244,
              48.2398121,
              0
            ],
            [
              36.9545438,
              48.2395834,
              0
            ]
          ]
        ]
      },
      "properties": {
        "name": "2026",
        "styleUrl": "#poly-A52714-1601-69-nodesc",
        "fill-opacity": 0.27058823529411763,
        "fill": "#a52714",
        "stroke-opacity": 1,
        "stroke": "#a52714",
        "stroke-width": 1.601
      }
    },
    {
      "type": "Feature",
      "geometry": {
        "type": "Polygon",
        "coordinates": [
          [
            [
              36.193842,
              50.402118,
              0
            ],
            [
              36.1850872,
              50.3941849,
              0
            ],
            [
              36.1872335,
              50.3901904,
              0
            ],
            [
              36.1963087,
              50.3863062,
              0
            ],
            [
              36.2106253,
              50.3856995,
              0
            ],
            [
              36.20781,
              50.391286,
              0
            ],
            [
              36.203158,
              50.3953852,
              0
            ],
            [
              36.199164,
              50.400094,
              0
            ],
            [
              36.196846,
              50.400559,
              0
            ],
            [
              36.193842,
              50.402118,
              0
            ]
          ]
        ]
      },
      "properties": {
        "name": "2026",
        "styleUrl": "#poly-A52714-2301-71-nodesc",
        "fill-opacity": 0.2784313725490196,
        "fill": "#a52714",
        "stroke-opacity": 1,
        "stroke": "#a52714",
        "stroke-width": 2.301
      }
    },
    {
      "type": "Feature",
      "geometry": {
        "type": "Polygon",
        "coordinates": [
          [
            [
              37.4623201,
              48.4702275,
              0
            ],
            [
              37.4639079,
              48.4659878,
              0
            ],
            [
              37.4716112,
              48.4628006,
              0
            ],
            [
              37.4844,
              48.4550596,
              0
            ],
            [
              37.515061,
              48.4467028,
              0
            ],
            [
              37.5178654,
              48.4444894,
              0
            ],
            [
              37.5197117,
              48.438364,
              0
            ],
            [
              37.5611458,
              48.4413547,
              0
            ],
            [
              37.5505832,
              48.4463028,
              0
            ],
            [
              37.52934,
              48.4446802,
              0
            ],
            [
              37.5095775,
              48.4510139,
              0
            ],
            [
              37.5079682,
              48.4510565,
              0
            ],
            [
              37.5052646,
              48.4501457,
              0
            ],
            [
              37.4856132,
              48.4559312,
              0
            ],
            [
              37.4762115,
              48.464508,
              0
            ],
            [
              37.4669851,
              48.4660265,
              0
            ],
            [
              37.4623201,
              48.4702275,
              0
            ]
          ]
        ]
      },
      "properties": {
        "name": "2026",
        "styleUrl": "#poly-A52714-1601-69-nodesc",
        "fill-opacity": 0.27058823529411763,
        "fill": "#a52714",
        "stroke-opacity": 1,
        "stroke": "#a52714",
        "stroke-width": 1.601
      }
    },
    {
      "type": "Feature",
      "geometry": {
        "type": "Polygon",
        "coordinates": [
          [
            [
              35.3980952,
              50.8638609,
              0
            ],
            [
              35.4033252,
              50.8528488,
              0
            ],
            [
              35.4015657,
              50.8439343,
              0
            ],
            [
              35.3930256,
              50.8409534,
              0
            ],
            [
              35.3889057,
              50.8128423,
              0
            ],
            [
              35.3822753,
              50.8115814,
              0
            ],
            [
              35.3769538,
              50.8093441,
              0
            ],
            [
              35.3728983,
              50.8043812,
              0
            ],
            [
              35.3702161,
              50.8032014,
              0
            ],
            [
              35.3697589,
              50.7985095,
              0
            ],
            [
              35.3728488,
              50.796977,
              0
            ],
            [
              35.3869231,
              50.7947522,
              0
            ],
            [
              35.3965362,
              50.7903846,
              0
            ],
            [
              35.3935447,
              50.7689727,
              0
            ],
            [
              35.4033919,
              50.7556511,
              0
            ],
            [
              35.4077382,
              50.7463572,
              0
            ],
            [
              35.3960652,
              50.7407086,
              0
            ],
            [
              35.396151,
              50.7367977,
              0
            ],
            [
              35.3945202,
              50.7358199,
              0
            ],
            [
              35.381474,
              50.7345705,
              0
            ],
            [
              35.3746934,
              50.7319629,
              0
            ],
            [
              35.3731055,
              50.7285945,
              0
            ],
            [
              35.3758092,
              50.7258236,
              0
            ],
            [
              35.3806157,
              50.7258236,
              0
            ],
            [
              35.3825898,
              50.7267472,
              0
            ],
            [
              35.3843922,
              50.7266386,
              0
            ],
            [
              35.3874821,
              50.7254432,
              0
            ],
            [
              35.423531,
              50.7235415,
              0
            ],
            [
              35.4268784,
              50.721205,
              0
            ],
            [
              35.4267926,
              50.7159338,
              0
            ],
            [
              35.4112572,
              50.7071835,
              0
            ],
            [
              35.3868384,
              50.7082977,
              0
            ],
            [
              35.3857655,
              50.7078357,
              0
            ],
            [
              35.3843493,
              50.7025902,
              0
            ],
            [
              35.3868716,
              50.6914102,
              0
            ],
            [
              35.3958223,
              50.6830746,
              0
            ],
            [
              35.3979964,
              50.682255,
              0
            ],
            [
              35.4070944,
              50.6821462,
              0
            ],
            [
              35.4102273,
              50.6808954,
              0
            ],
            [
              35.4198155,
              50.6603264,
              0
            ],
            [
              35.4099207,
              50.6555452,
              0
            ],
            [
              35.4291468,
              50.6555452,
              0
            ],
            [
              35.463033,
              50.6663357,
              0
            ],
            [
              35.4850914,
              50.656107,
              0
            ],
            [
              35.4891255,
              50.6584467,
              0
            ],
            [
              35.4869368,
              50.6705246,
              0
            ],
            [
              35.4965069,
              50.6787379,
              0
            ],
            [
              35.4943182,
              50.6795809,
              0
            ],
            [
              35.4915717,
              50.6792002,
              0
            ],
            [
              35.4802849,
              50.6814572,
              0
            ],
            [
              35.4786971,
              50.6808046,
              0
            ],
            [
              35.4752209,
              50.6816748,
              0
            ],
            [
              35.4718306,
              50.6803151,
              0
            ],
            [
              35.4665091,
              50.6828168,
              0
            ],
            [
              35.4619591,
              50.6859889,
              0
            ],
            [
              35.4615728,
              50.6868318,
              0
            ],
            [
              35.4597275,
              50.6880553,
              0
            ],
            [
              35.4595129,
              50.6890613,
              0
            ],
            [
              35.4481462,
              50.6959568,
              0
            ],
            [
              35.4469446,
              50.7022087,
              0
            ],
            [
              35.4429964,
              50.7050897,
              0
            ],
            [
              35.4425672,
              50.7093294,
              0
            ],
            [
              35.4522661,
              50.719275,
              0
            ],
            [
              35.4514078,
              50.7270994,
              0
            ],
            [
              35.4522661,
              50.7295443,
              0
            ],
            [
              35.4636757,
              50.7349595,
              0
            ],
            [
              35.4662935,
              50.7362361,
              0
            ],
            [
              35.4714004,
              50.737241,
              0
            ],
            [
              35.473632,
              50.7404458,
              0
            ],
            [
              35.471615,
              50.7430801,
              0
            ],
            [
              35.4696409,
              50.7443021,
              0
            ],
            [
              35.4694692,
              50.7461487,
              0
            ],
            [
              35.4702417,
              50.7471534,
              0
            ],
            [
              35.4713575,
              50.7475336,
              0
            ],
            [
              35.4720871,
              50.7487419,
              0
            ],
            [
              35.473675,
              50.7501403,
              0
            ],
            [
              35.4753057,
              50.7507376,
              0
            ],
            [
              35.4766361,
              50.7532899,
              0
            ],
            [
              35.4738466,
              50.7549461,
              0
            ],
            [
              35.488255,
              50.776836,
              0
            ],
            [
              35.4745167,
              50.7846695,
              0
            ],
            [
              35.4695385,
              50.7828244,
              0
            ],
            [
              35.463092,
              50.7835682,
              0
            ],
            [
              35.4590671,
              50.7823903,
              0
            ],
            [
              35.4503124,
              50.7830415,
              0
            ],
            [
              35.4333716,
              50.794359,
              0
            ],
            [
              35.4161196,
              50.7982651,
              0
            ],
            [
              35.4117423,
              50.8019539,
              0
            ],
            [
              35.409977,
              50.806135,
              0
            ],
            [
              35.414097,
              50.816439,
              0
            ],
            [
              35.4167204,
              50.8184958,
              0
            ],
            [
              35.42062,
              50.829235,
              0
            ],
            [
              35.4188662,
              50.8381215,
              0
            ],
            [
              35.419762,
              50.84192,
              0
            ],
            [
              35.4104548,
              50.8569262,
              0
            ],
            [
              35.408089,
              50.858068,
              0
            ],
            [
              35.4062491,
              50.8627233,
              0
            ],
            [
              35.401909,
              50.865111,
              0
            ],
            [
              35.3980952,
              50.8638609,
              0
            ]
          ]
        ]
      },
      "properties": {
        "name": "2026",
        "styleUrl": "#poly-A52714-1901-71-nodesc",
        "fill-opacity": 0.2784313725490196,
        "fill": "#a52714",
        "stroke-opacity": 1,
        "stroke": "#a52714",
        "stroke-width": 1.901
      }
    },
    {
      "type": "Feature",
      "geometry": {
        "type": "Polygon",
        "coordinates": [
          [
            [
              36.8948462,
              50.2567031,
              0
            ],
            [
              36.8862417,
              50.2588707,
              0
            ],
            [
              36.8797615,
              50.2583494,
              0
            ],
            [
              36.8649986,
              50.2598035,
              0
            ],
            [
              36.868044,
              50.2571264,
              0
            ],
            [
              36.8707063,
              50.2517327,
              0
            ],
            [
              36.8699338,
              50.2502509,
              0
            ],
            [
              36.8425538,
              50.2389985,
              0
            ],
            [
              36.8411805,
              50.2355125,
              0
            ],
            [
              36.8435409,
              50.2279082,
              0
            ],
            [
              36.8469527,
              50.2256157,
              0
            ],
            [
              36.8475964,
              50.2254921,
              0
            ],
            [
              36.8495169,
              50.2266453,
              0
            ],
            [
              36.849592,
              50.2274003,
              0
            ],
            [
              36.8469741,
              50.2297888,
              0
            ],
            [
              36.8459871,
              50.2356085,
              0
            ],
            [
              36.8474462,
              50.238079,
              0
            ],
            [
              36.880491,
              50.2516367,
              0
            ],
            [
              36.8851139,
              50.247681,
              0
            ],
            [
              36.884159,
              50.2450942,
              0
            ],
            [
              36.8853389,
              50.2435978,
              0
            ],
            [
              36.8848292,
              50.2339545,
              0
            ],
            [
              36.8889762,
              50.2330792,
              0
            ],
            [
              36.8907628,
              50.2337412,
              0
            ],
            [
              36.8907819,
              50.2406887,
              0
            ],
            [
              36.8944441,
              50.2433067,
              0
            ],
            [
              36.8926974,
              50.2465001,
              0
            ],
            [
              36.8946961,
              50.2482787,
              0
            ],
            [
              36.8938652,
              50.2533412,
              0
            ],
            [
              36.898914,
              50.2558518,
              0
            ],
            [
              36.9115303,
              50.2565524,
              0
            ],
            [
              36.9181828,
              50.2615058,
              0
            ],
            [
              36.9180189,
              50.2625518,
              0
            ],
            [
              36.9117104,
              50.2638686,
              0
            ],
            [
              36.9001876,
              50.2572429,
              0
            ],
            [
              36.8948462,
              50.2567031,
              0
            ]
          ]
        ]
      },
      "properties": {
        "name": "2026",
        "styleUrl": "#poly-A52714-2101-66-nodesc",
        "fill-opacity": 0.25882352941176473,
        "fill": "#a52714",
        "stroke-opacity": 1,
        "stroke": "#a52714",
        "stroke-width": 2.101
      }
    },
    {
      "type": "Feature",
      "geometry": {
        "type": "Polygon",
        "coordinates": [
          [
            [
              34.289193,
              51.70387,
              0
            ],
            [
              34.294686,
              51.707062,
              0
            ],
            [
              34.305672,
              51.719187,
              0
            ],
            [
              34.310135,
              51.719612,
              0
            ],
            [
              34.317345,
              51.715784,
              0
            ],
            [
              34.3271564,
              51.7156976,
              0
            ],
            [
              34.3211483,
              51.7241521,
              0
            ],
            [
              34.3154835,
              51.7263851,
              0
            ],
            [
              34.2991756,
              51.7245242,
              0
            ],
            [
              34.289193,
              51.70387,
              0
            ]
          ]
        ]
      },
      "properties": {
        "name": "2026",
        "styleUrl": "#poly-A52714-1701-69-nodesc",
        "fill-opacity": 0.27058823529411763,
        "fill": "#a52714",
        "stroke-opacity": 1,
        "stroke": "#a52714",
        "stroke-width": 1.701
      }
    },
    {
      "type": "Feature",
      "geometry": {
        "type": "Polygon",
        "coordinates": [
          [
            [
              37.3200818,
              48.4503069,
              0
            ],
            [
              37.349495,
              48.4515657,
              0
            ],
            [
              37.3519207,
              48.4573737,
              0
            ],
            [
              37.3690424,
              48.4594915,
              0
            ],
            [
              37.3751149,
              48.469494,
              0
            ],
            [
              37.3885045,
              48.4745585,
              0
            ],
            [
              37.3899804,
              48.4794076,
              0
            ],
            [
              37.3909055,
              48.4798128,
              0
            ],
            [
              37.4009901,
              48.4790259,
              0
            ],
            [
              37.4186849,
              48.4834085,
              0
            ],
            [
              37.4480536,
              48.4803557,
              0
            ],
            [
              37.4526641,
              48.4782222,
              0
            ],
            [
              37.4437764,
              48.4862884,
              0
            ],
            [
              37.4403861,
              48.4878812,
              0
            ],
            [
              37.4393253,
              48.4902653,
              0
            ],
            [
              37.4376087,
              48.4916305,
              0
            ],
            [
              37.4277811,
              48.4943324,
              0
            ],
            [
              37.4258499,
              48.4957259,
              0
            ],
            [
              37.4241514,
              48.5001805,
              0
            ],
            [
              37.4206753,
              48.5023701,
              0
            ],
            [
              37.4263248,
              48.5525288,
              0
            ],
            [
              37.4272494,
              48.5632349,
              0
            ],
            [
              37.4251133,
              48.564841,
              0
            ],
            [
              37.418037,
              48.5651896,
              0
            ],
            [
              37.4076137,
              48.5624703,
              0
            ],
            [
              37.4016913,
              48.5556535,
              0
            ],
            [
              37.3992424,
              48.5255496,
              0
            ],
            [
              37.3894229,
              48.5032056,
              0
            ],
            [
              37.3800378,
              48.5009868,
              0
            ],
            [
              37.3791366,
              48.5009584,
              0
            ],
            [
              37.3764329,
              48.4998636,
              0
            ],
            [
              37.3752742,
              48.50002,
              0
            ],
            [
              37.3742442,
              48.5004465,
              0
            ],
            [
              37.3732357,
              48.5003044,
              0
            ],
            [
              37.3716693,
              48.498328,
              0
            ],
            [
              37.3719697,
              48.4975033,
              0
            ],
            [
              37.3712616,
              48.4963231,
              0
            ],
            [
              37.3726134,
              48.4959392,
              0
            ],
            [
              37.3724847,
              48.4954557,
              0
            ],
            [
              37.3705106,
              48.4943466,
              0
            ],
            [
              37.3678284,
              48.4914456,
              0
            ],
            [
              37.3673349,
              48.4912323,
              0
            ],
            [
              37.3655968,
              48.4914456,
              0
            ],
            [
              37.3639201,
              48.4892754,
              0
            ],
            [
              37.3655502,
              48.488294,
              0
            ],
            [
              37.3652065,
              48.4868931,
              0
            ],
            [
              37.3628461,
              48.485567,
              0
            ],
            [
              37.3640264,
              48.4829411,
              0
            ],
            [
              37.3604109,
              48.4754549,
              0
            ],
            [
              37.3440503,
              48.4740849,
              0
            ],
            [
              37.3421954,
              48.4726995,
              0
            ],
            [
              37.342718,
              48.468219,
              0
            ],
            [
              37.3216175,
              48.4573046,
              0
            ],
            [
              37.2668575,
              48.4517119,
              0
            ],
            [
              37.2617319,
              48.4493441,
              0
            ],
            [
              37.2540389,
              48.434215,
              0
            ],
            [
              37.2478591,
              48.4322788,
              0
            ],
            [
              37.2215564,
              48.4301178,
              0
            ],
            [
              37.2034395,
              48.4222249,
              0
            ],
            [
              37.2000278,
              48.4176964,
              0
            ],
            [
              37.2007011,
              48.4028248,
              0
            ],
            [
              37.1885793,
              48.3962278,
              0
            ],
            [
              37.1908588,
              48.3850262,
              0
            ],
            [
              37.1871681,
              48.3733681,
              0
            ],
            [
              37.1952901,
              48.3689064,
              0
            ],
            [
              37.1958585,
              48.3674666,
              0
            ],
            [
              37.1938629,
              48.3622774,
              0
            ],
            [
              37.1937461,
              48.359438,
              0
            ],
            [
              37.1962038,
              48.3495265,
              0
            ],
            [
              37.1949066,
              48.3486377,
              0
            ],
            [
              37.1627876,
              48.3455766,
              0
            ],
            [
              37.1479389,
              48.3574693,
              0
            ],
            [
              37.1288002,
              48.3580063,
              0
            ],
            [
              37.1256218,
              48.359883,
              0
            ],
            [
              37.1197726,
              48.3796053,
              0
            ],
            [
              37.1142504,
              48.3840398,
              0
            ],
            [
              37.1104359,
              48.3846814,
              0
            ],
            [
              37.106646,
              48.3837548,
              0
            ],
            [
              37.1035215,
              48.3795648,
              0
            ],
            [
              37.1013328,
              48.3647405,
              0
            ],
            [
              37.1019654,
              48.3564864,
              0
            ],
            [
              37.1008813,
              48.3554753,
              0
            ],
            [
              37.0988867,
              48.355245,
              0
            ],
            [
              37.0863554,
              48.3576119,
              0
            ],
            [
              37.0827076,
              48.357783,
              0
            ],
            [
              37.075412,
              48.3547602,
              0
            ],
            [
              37.0498344,
              48.3548743,
              0
            ],
            [
              37.036638,
              48.3596936,
              0
            ],
            [
              37.0349428,
              48.3592658,
              0
            ],
            [
              37.0338699,
              48.3575406,
              0
            ],
            [
              37.0342991,
              48.3563857,
              0
            ],
            [
              37.0374963,
              48.3548885,
              0
            ],
            [
              37.0373032,
              48.3511383,
              0
            ],
            [
              37.0329687,
              48.348714,
              0
            ],
            [
              37.0334193,
              48.3468458,
              0
            ],
            [
              37.0344707,
              48.3461756,
              0
            ],
            [
              37.0415947,
              48.3454625,
              0
            ],
            [
              37.0437972,
              48.3442013,
              0
            ],
            [
              37.0476848,
              48.3289888,
              0
            ],
            [
              37.0514185,
              48.3267633,
              0
            ],
            [
              37.0519334,
              48.3245091,
              0
            ],
            [
              37.0553237,
              48.3214843,
              0
            ],
            [
              37.0692539,
              48.3196535,
              0
            ],
            [
              37.0775027,
              48.3142787,
              0
            ],
            [
              37.0904249,
              48.3093596,
              0
            ],
            [
              37.0910257,
              48.3081893,
              0
            ],
            [
              37.0875495,
              48.3017094,
              0
            ],
            [
              37.0880216,
              48.2978267,
              0
            ],
            [
              37.0909207,
              48.2840174,
              0
            ],
            [
              37.1047443,
              48.2854358,
              0
            ],
            [
              37.1034587,
              48.2941807,
              0
            ],
            [
              37.0976007,
              48.2967789,
              0
            ],
            [
              37.0992315,
              48.2987631,
              0
            ],
            [
              37.1165051,
              48.2911042,
              0
            ],
            [
              37.1227708,
              48.2899049,
              0
            ],
            [
              37.1287282,
              48.29702,
              0
            ],
            [
              37.1336415,
              48.2948724,
              0
            ],
            [
              37.1378692,
              48.2966774,
              0
            ],
            [
              37.1404594,
              48.2952278,
              0
            ],
            [
              37.1469986,
              48.2883089,
              0
            ],
            [
              37.1620734,
              48.2878546,
              0
            ],
            [
              37.1790679,
              48.2855701,
              0
            ],
            [
              37.1798408,
              48.2872139,
              0
            ],
            [
              37.1780386,
              48.2968531,
              0
            ],
            [
              37.186895,
              48.298114,
              0
            ],
            [
              37.1860211,
              48.3048792,
              0
            ],
            [
              37.1889626,
              48.3055547,
              0
            ],
            [
              37.2090694,
              48.3016616,
              0
            ],
            [
              37.211605,
              48.2945203,
              0
            ],
            [
              37.2334734,
              48.2984382,
              0
            ],
            [
              37.2353656,
              48.3086665,
              0
            ],
            [
              37.2465068,
              48.3108055,
              0
            ],
            [
              37.2528588,
              48.3048156,
              0
            ],
            [
              37.2590385,
              48.3052193,
              0
            ],
            [
              37.2610117,
              48.3008887,
              0
            ],
            [
              37.2710941,
              48.3023616,
              0
            ],
            [
              37.2751221,
              48.3018816,
              0
            ],
            [
              37.2807731,
              48.2975528,
              0
            ],
            [
              37.2912169,
              48.3027675,
              0
            ],
            [
              37.2925384,
              48.3119388,
              0
            ],
            [
              37.2784353,
              48.3272793,
              0
            ],
            [
              37.2449025,
              48.3278283,
              0
            ],
            [
              37.2408801,
              48.3412295,
              0
            ],
            [
              37.2353276,
              48.3482232,
              0
            ],
            [
              37.2352183,
              48.3627504,
              0
            ],
            [
              37.243617,
              48.366095,
              0
            ],
            [
              37.2601559,
              48.3668908,
              0
            ],
            [
              37.2667098,
              48.3740307,
              0
            ],
            [
              37.2780179,
              48.3774372,
              0
            ],
            [
              37.28688,
              48.379518,
              0
            ],
            [
              37.2844553,
              48.3824681,
              0
            ],
            [
              37.2663235,
              48.3806582,
              0
            ],
            [
              37.2647142,
              48.3809717,
              0
            ],
            [
              37.258221,
              48.3859991,
              0
            ],
            [
              37.2583223,
              48.3868573,
              0
            ],
            [
              37.2696821,
              48.3913203,
              0
            ],
            [
              37.2734124,
              48.4069484,
              0
            ],
            [
              37.2586428,
              48.4104018,
              0
            ],
            [
              37.234984,
              48.411893,
              0
            ],
            [
              37.2337065,
              48.4168043,
              0
            ],
            [
              37.2402082,
              48.419325,
              0
            ],
            [
              37.2454173,
              48.4193385,
              0
            ],
            [
              37.2550779,
              48.423579,
              0
            ],
            [
              37.2685748,
              48.4257576,
              0
            ],
            [
              37.2683824,
              48.4280133,
              0
            ],
            [
              37.269866,
              48.4299949,
              0
            ],
            [
              37.2762077,
              48.4322029,
              0
            ],
            [
              37.2756927,
              48.4363315,
              0
            ],
            [
              37.3180398,
              48.4410248,
              0
            ],
            [
              37.3182685,
              48.4481294,
              0
            ],
            [
              37.3200818,
              48.4503069,
              0
            ]
          ]
        ]
      },
      "properties": {
        "name": "2026",
        "styleUrl": "#poly-A52714-1801-66-nodesc",
        "fill-opacity": 0.25882352941176473,
        "fill": "#a52714",
        "stroke-opacity": 1,
        "stroke": "#a52714",
        "stroke-width": 1.801
      }
    },
    {
      "type": "Feature",
      "geometry": {
        "type": "Polygon",
        "coordinates": [
          [
            [
              36.9766588,
              50.3020491,
              0
            ],
            [
              36.9751049,
              50.3000849,
              0
            ],
            [
              36.9671826,
              50.297339,
              0
            ],
            [
              36.9666677,
              50.2957763,
              0
            ],
            [
              36.9709592,
              50.2886204,
              0
            ],
            [
              36.9719757,
              50.294458,
              0
            ],
            [
              36.9876341,
              50.2988741,
              0
            ],
            [
              36.9923118,
              50.3025199,
              0
            ],
            [
              36.9985794,
              50.303585,
              0
            ],
            [
              37.0102965,
              50.3029661,
              0
            ],
            [
              37.0219703,
              50.3060278,
              0
            ],
            [
              37.0234343,
              50.30739,
              0
            ],
            [
              37.0230935,
              50.3112504,
              0
            ],
            [
              37.0239544,
              50.3143982,
              0
            ],
            [
              37.0170669,
              50.3127796,
              0
            ],
            [
              37.0144182,
              50.3103296,
              0
            ],
            [
              37.0163279,
              50.3081027,
              0
            ],
            [
              37.0162528,
              50.3074312,
              0
            ],
            [
              37.0151477,
              50.3068419,
              0
            ],
            [
              37.0132595,
              50.3068214,
              0
            ],
            [
              37.0105772,
              50.3079931,
              0
            ],
            [
              37.0071536,
              50.3118835,
              0
            ],
            [
              37.0058222,
              50.3120642,
              0
            ],
            [
              36.9919269,
              50.3096915,
              0
            ],
            [
              36.9914492,
              50.3093534,
              0
            ],
            [
              36.9908241,
              50.3093488,
              0
            ],
            [
              36.9905852,
              50.3096731,
              0
            ],
            [
              36.9835756,
              50.3101811,
              0
            ],
            [
              36.978476,
              50.3099627,
              0
            ],
            [
              36.9752572,
              50.307872,
              0
            ],
            [
              36.9747637,
              50.3072373,
              0
            ],
            [
              36.9747423,
              50.3050772,
              0
            ],
            [
              36.9766588,
              50.3020491,
              0
            ]
          ]
        ]
      },
      "properties": {
        "name": "2026",
        "styleUrl": "#poly-A52714-2201-69-nodesc",
        "fill-opacity": 0.27058823529411763,
        "fill": "#a52714",
        "stroke-opacity": 1,
        "stroke": "#a52714",
        "stroke-width": 2.201
      }
    },
    {
      "type": "Feature",
      "geometry": {
        "type": "Polygon",
        "coordinates": [
          [
            [
              37.8092414,
              48.5915541,
              0
            ],
            [
              37.8070296,
              48.5982362,
              0
            ],
            [
              37.8058839,
              48.5987408,
              0
            ],
            [
              37.7837013,
              48.6000041,
              0
            ],
            [
              37.7731495,
              48.6015447,
              0
            ],
            [
              37.7758961,
              48.5880058,
              0
            ],
            [
              37.777999,
              48.5872961,
              0
            ],
            [
              37.8092414,
              48.5915541,
              0
            ]
          ]
        ]
      },
      "properties": {
        "name": "2026",
        "styleUrl": "#poly-A52714-1801-69-nodesc",
        "fill-opacity": 0.27058823529411763,
        "fill": "#a52714",
        "stroke-opacity": 1,
        "stroke": "#a52714",
        "stroke-width": 1.801
      }
    },
    {
      "type": "Feature",
      "geometry": {
        "type": "Polygon",
        "coordinates": [
          [
            [
              36.0309153,
              47.5219193,
              0
            ],
            [
              36.0284938,
              47.5214663,
              0
            ],
            [
              36.0091819,
              47.5232051,
              0
            ],
            [
              36.0036243,
              47.5246831,
              0
            ],
            [
              35.9980238,
              47.5246107,
              0
            ],
            [
              35.9936251,
              47.5223067,
              0
            ],
            [
              35.9903894,
              47.5165368,
              0
            ],
            [
              35.996076,
              47.516361,
              0
            ],
            [
              36.00621,
              47.517709,
              0
            ],
            [
              36.012756,
              47.518307,
              0
            ],
            [
              36.023573,
              47.516746,
              0
            ],
            [
              36.0309153,
              47.5219193,
              0
            ]
          ]
        ]
      },
      "properties": {
        "name": "2026",
        "styleUrl": "#poly-A52714-1701-69-nodesc",
        "fill-opacity": 0.27058823529411763,
        "fill": "#a52714",
        "stroke-opacity": 1,
        "stroke": "#a52714",
        "stroke-width": 1.701
      }
    },
    {
      "type": "Feature",
      "geometry": {
        "type": "Polygon",
        "coordinates": [
          [
            [
              37.0705296,
              50.3462906,
              0
            ],
            [
              37.060293,
              50.347367,
              0
            ],
            [
              37.045074,
              50.3447612,
              0
            ],
            [
              37.037948,
              50.348916,
              0
            ],
            [
              37.0283843,
              50.3485556,
              0
            ],
            [
              37.0249786,
              50.3388421,
              0
            ],
            [
              37.030709,
              50.3334876,
              0
            ],
            [
              37.0477624,
              50.3246841,
              0
            ],
            [
              37.0506799,
              50.3210944,
              0
            ],
            [
              37.0498644,
              50.3187173,
              0
            ],
            [
              37.0564036,
              50.3245999,
              0
            ],
            [
              37.0588069,
              50.3254767,
              0
            ],
            [
              37.0649034,
              50.325047,
              0
            ],
            [
              37.0764047,
              50.3267731,
              0
            ],
            [
              37.0813829,
              50.3292388,
              0
            ],
            [
              37.0862752,
              50.3302798,
              0
            ],
            [
              37.0945579,
              50.3346355,
              0
            ],
            [
              37.0994932,
              50.3355121,
              0
            ],
            [
              37.10061,
              50.3367032,
              0
            ],
            [
              37.1005711,
              50.3374283,
              0
            ],
            [
              37.0832284,
              50.3448237,
              0
            ],
            [
              37.0824987,
              50.3478645,
              0
            ],
            [
              37.0705296,
              50.3462906,
              0
            ]
          ]
        ]
      },
      "properties": {
        "name": "2026",
        "styleUrl": "#poly-A52714-1801-69-nodesc",
        "fill-opacity": 0.27058823529411763,
        "fill": "#a52714",
        "stroke-opacity": 1,
        "stroke": "#a52714",
        "stroke-width": 1.801
      }
    },
    {
      "type": "Feature",
      "geometry": {
        "type": "Polygon",
        "coordinates": [
          [
            [
              36.292475,
              50.2990266,
              0
            ],
            [
              36.2930971,
              50.29549,
              0
            ],
            [
              36.2979676,
              50.2946675,
              0
            ],
            [
              36.2992824,
              50.2990875,
              0
            ],
            [
              36.292475,
              50.2990266,
              0
            ]
          ]
        ]
      },
      "properties": {
        "name": "2026",
        "styleUrl": "#poly-A52714-2401-74-nodesc",
        "fill-opacity": 0.2901960784313726,
        "fill": "#a52714",
        "stroke-opacity": 1,
        "stroke": "#a52714",
        "stroke-width": 2.401
      }
    },
    {
      "type": "Feature",
      "geometry": {
        "type": "Polygon",
        "coordinates": [
          [
            [
              35.33642,
              50.962897,
              0
            ],
            [
              35.3216685,
              50.9615062,
              0
            ],
            [
              35.3144587,
              50.959614,
              0
            ],
            [
              35.3025283,
              50.9517744,
              0
            ],
            [
              35.3031291,
              50.9445283,
              0
            ],
            [
              35.3221835,
              50.9367402,
              0
            ],
            [
              35.338663,
              50.9215929,
              0
            ],
            [
              35.3394355,
              50.9164525,
              0
            ],
            [
              35.342697,
              50.9132057,
              0
            ],
            [
              35.3513659,
              50.9127186,
              0
            ],
            [
              35.3645373,
              50.9148415,
              0
            ],
            [
              35.3729487,
              50.9151121,
              0
            ],
            [
              35.396416,
              50.90648,
              0
            ],
            [
              35.397103,
              50.909186,
              0
            ],
            [
              35.401909,
              50.910593,
              0
            ],
            [
              35.399506,
              50.915464,
              0
            ],
            [
              35.392811,
              50.918927,
              0
            ],
            [
              35.393155,
              50.924446,
              0
            ],
            [
              35.373928,
              50.923147,
              0
            ],
            [
              35.366547,
              50.925852,
              0
            ],
            [
              35.372212,
              50.932236,
              0
            ],
            [
              35.363543,
              50.932452,
              0
            ],
            [
              35.354788,
              50.931316,
              0
            ],
            [
              35.354788,
              50.932074,
              0
            ],
            [
              35.345261,
              50.932993,
              0
            ],
            [
              35.343974,
              50.935589,
              0
            ],
            [
              35.338566,
              50.934129,
              0
            ],
            [
              35.332816,
              50.934832,
              0
            ],
            [
              35.325606,
              50.946514,
              0
            ],
            [
              35.329468,
              50.947596,
              0
            ],
            [
              35.330326,
              50.951814,
              0
            ],
            [
              35.33436,
              50.955598,
              0
            ],
            [
              35.33642,
              50.962897,
              0
            ]
          ]
        ]
      },
      "properties": {
        "name": "2026",
        "styleUrl": "#poly-A52714-2001-69-nodesc",
        "fill-opacity": 0.27058823529411763,
        "fill": "#a52714",
        "stroke-opacity": 1,
        "stroke": "#a52714",
        "stroke-width": 2.001
      }
    },
    {
      "type": "Feature",
      "geometry": {
        "type": "Polygon",
        "coordinates": [
          [
            [
              36.3603608,
              50.2872796,
              0
            ],
            [
              36.3633649,
              50.2842084,
              0
            ],
            [
              36.370918,
              50.2810822,
              0
            ],
            [
              36.373922,
              50.2777364,
              0
            ],
            [
              36.3760678,
              50.277133,
              0
            ],
            [
              36.3867108,
              50.2758714,
              0
            ],
            [
              36.3819901,
              50.2847569,
              0
            ],
            [
              36.3781283,
              50.2938123,
              0
            ],
            [
              36.3639657,
              50.2876635,
              0
            ],
            [
              36.3603608,
              50.2872796,
              0
            ]
          ]
        ]
      },
      "properties": {
        "name": "2026",
        "styleUrl": "#poly-A52714-2101-71-nodesc",
        "fill-opacity": 0.2784313725490196,
        "fill": "#a52714",
        "stroke-opacity": 1,
        "stroke": "#a52714",
        "stroke-width": 2.101
      }
    },
    {
      "type": "Feature",
      "geometry": {
        "type": "Polygon",
        "coordinates": [
          [
            [
              35.3312876,
              51.0101965,
              0
            ],
            [
              35.3343346,
              51.0089004,
              0
            ],
            [
              35.3390124,
              51.0079013,
              0
            ],
            [
              35.348368,
              51.0063352,
              0
            ],
            [
              35.3542044,
              51.005876,
              0
            ],
            [
              35.3592684,
              51.0053359,
              0
            ],
            [
              35.3688814,
              51.0086844,
              0
            ],
            [
              35.3743746,
              51.0086303,
              0
            ],
            [
              35.3760054,
              51.0106285,
              0
            ],
            [
              35.3751471,
              51.0117085,
              0
            ],
            [
              35.3374674,
              51.0116005,
              0
            ],
            [
              35.3312876,
              51.0101965,
              0
            ]
          ]
        ]
      },
      "properties": {
        "name": "2026",
        "styleUrl": "#poly-A52714-1701-69-nodesc",
        "fill-opacity": 0.27058823529411763,
        "fill": "#a52714",
        "stroke-opacity": 1,
        "stroke": "#a52714",
        "stroke-width": 1.701
      }
    },
    {
      "type": "Feature",
      "geometry": {
        "type": "Polygon",
        "coordinates": [
          [
            [
              37.0144182,
              50.3103296,
              0
            ],
            [
              37.0170669,
              50.3127796,
              0
            ],
            [
              37.0239544,
              50.3143982,
              0
            ],
            [
              37.0326127,
              50.3182927,
              0
            ],
            [
              37.0484482,
              50.3179296,
              0
            ],
            [
              37.0498644,
              50.3187173,
              0
            ],
            [
              37.0506799,
              50.3210944,
              0
            ],
            [
              37.0477624,
              50.3246841,
              0
            ],
            [
              37.030709,
              50.3334876,
              0
            ],
            [
              37.0249786,
              50.3388421,
              0
            ],
            [
              37.0283843,
              50.3485556,
              0
            ],
            [
              37.0106602,
              50.3486652,
              0
            ],
            [
              36.9546987,
              50.3492677,
              0
            ],
            [
              36.9385625,
              50.3502535,
              0
            ],
            [
              36.9150449,
              50.3464196,
              0
            ],
            [
              36.8815709,
              50.3361213,
              0
            ],
            [
              36.8721296,
              50.3355734,
              0
            ],
            [
              36.8513585,
              50.3277933,
              0
            ],
            [
              36.835909,
              50.3158468,
              0
            ],
            [
              36.8332053,
              50.3129556,
              0
            ],
            [
              36.8278409,
              50.3128871,
              0
            ],
            [
              36.8208028,
              50.3135448,
              0
            ],
            [
              36.8094732,
              50.3115716,
              0
            ],
            [
              36.8038083,
              50.3099272,
              0
            ],
            [
              36.8003751,
              50.3058707,
              0
            ],
            [
              36.7861272,
              50.3045551,
              0
            ],
            [
              36.7808057,
              50.3029652,
              0
            ],
            [
              36.7756559,
              50.3032394,
              0
            ],
            [
              36.7684461,
              50.3019236,
              0
            ],
            [
              36.7662145,
              50.2960571,
              0
            ],
            [
              36.7640687,
              50.2919172,
              0
            ],
            [
              36.7661716,
              50.2918898,
              0
            ],
            [
              36.7678453,
              50.2908479,
              0
            ],
            [
              36.7722227,
              50.2897238,
              0
            ],
            [
              36.7714931,
              50.2890383,
              0
            ],
            [
              36.7631675,
              50.2906286,
              0
            ],
            [
              36.7603351,
              50.2899157,
              0
            ],
            [
              36.7541553,
              50.2906834,
              0
            ],
            [
              36.7536403,
              50.2899705,
              0
            ],
            [
              36.7478897,
              50.2884351,
              0
            ],
            [
              36.7479755,
              50.2873383,
              0
            ],
            [
              36.7499496,
              50.2867899,
              0
            ],
            [
              36.7506362,
              50.2837187,
              0
            ],
            [
              36.7499496,
              50.2805376,
              0
            ],
            [
              36.7458297,
              50.280757,
              0
            ],
            [
              36.7405082,
              50.2830605,
              0
            ],
            [
              36.734028,
              50.2798246,
              0
            ],
            [
              36.7427888,
              50.273878,
              0
            ],
            [
              36.7558608,
              50.2634426,
              0
            ],
            [
              36.7735531,
              50.2619953,
              0
            ],
            [
              36.8002249,
              50.2528722,
              0
            ],
            [
              36.8143655,
              50.2502792,
              0
            ],
            [
              36.8292997,
              50.2522826,
              0
            ],
            [
              36.8324757,
              50.2537366,
              0
            ],
            [
              36.8352329,
              50.2571116,
              0
            ],
            [
              36.8447501,
              50.2625168,
              0
            ],
            [
              36.8543556,
              50.2633426,
              0
            ],
            [
              36.8649986,
              50.2598035,
              0
            ],
            [
              36.8797615,
              50.2583494,
              0
            ],
            [
              36.8862417,
              50.2588707,
              0
            ],
            [
              36.8948462,
              50.2567031,
              0
            ],
            [
              36.9001876,
              50.2572429,
              0
            ],
            [
              36.9117104,
              50.2638686,
              0
            ],
            [
              36.9180189,
              50.2625518,
              0
            ],
            [
              36.9136452,
              50.2646332,
              0
            ],
            [
              36.9080198,
              50.270244,
              0
            ],
            [
              36.9092198,
              50.2715617,
              0
            ],
            [
              36.9073845,
              50.2743668,
              0
            ],
            [
              36.9077867,
              50.2749877,
              0
            ],
            [
              36.9219366,
              50.2794625,
              0
            ],
            [
              36.9226758,
              50.2792473,
              0
            ],
            [
              36.9242827,
              50.2775278,
              0
            ],
            [
              36.9348305,
              50.2663407,
              0
            ],
            [
              36.9371533,
              50.2651483,
              0
            ],
            [
              36.9416218,
              50.264285,
              0
            ],
            [
              36.952683,
              50.2644824,
              0
            ],
            [
              36.954819,
              50.2646518,
              0
            ],
            [
              36.97664,
              50.2779452,
              0
            ],
            [
              36.9771819,
              50.284617,
              0
            ],
            [
              36.9709592,
              50.2886204,
              0
            ],
            [
              36.9666677,
              50.2957763,
              0
            ],
            [
              36.9671826,
              50.297339,
              0
            ],
            [
              36.9751049,
              50.3000849,
              0
            ],
            [
              36.9766588,
              50.3020491,
              0
            ],
            [
              36.9747423,
              50.3050772,
              0
            ],
            [
              36.9747637,
              50.3072373,
              0
            ],
            [
              36.9752572,
              50.307872,
              0
            ],
            [
              36.978476,
              50.3099627,
              0
            ],
            [
              36.9835756,
              50.3101811,
              0
            ],
            [
              36.9905852,
              50.3096731,
              0
            ],
            [
              36.9908241,
              50.3093488,
              0
            ],
            [
              36.9914492,
              50.3093534,
              0
            ],
            [
              36.9919269,
              50.3096915,
              0
            ],
            [
              37.0058222,
              50.3120642,
              0
            ],
            [
              37.0071536,
              50.3118835,
              0
            ],
            [
              37.0105772,
              50.3079931,
              0
            ],
            [
              37.0132595,
              50.3068214,
              0
            ],
            [
              37.0151477,
              50.3068419,
              0
            ],
            [
              37.0162528,
              50.3074312,
              0
            ],
            [
              37.0163279,
              50.3081027,
              0
            ],
            [
              37.0144182,
              50.3103296,
              0
            ]
          ]
        ]
      },
      "properties": {
        "name": "Оккупировано / Окуповано / Occupied",
        "styleUrl": "#poly-A52714-1901-71-nodesc",
        "fill-opacity": 0.2784313725490196,
        "fill": "#a52714",
        "stroke-opacity": 1,
        "stroke": "#a52714",
        "stroke-width": 1.901
      }
    },
    {
      "type": "Feature",
      "geometry": {
        "type": "Polygon",
        "coordinates": [
          [
            [
              36.3819901,
              50.2847569,
              0
            ],
            [
              36.3867108,
              50.2758714,
              0
            ],
            [
              36.3912375,
              50.268206,
              0
            ],
            [
              36.3954436,
              50.2662856,
              0
            ],
            [
              36.4047988,
              50.2604149,
              0
            ],
            [
              36.4141114,
              50.2568893,
              0
            ],
            [
              36.4187569,
              50.2534593,
              0
            ],
            [
              36.427501,
              50.2516071,
              0
            ],
            [
              36.437157,
              50.2513602,
              0
            ],
            [
              36.4527351,
              50.2468596,
              0
            ],
            [
              36.4583117,
              50.2463778,
              0
            ],
            [
              36.4722402,
              50.2401217,
              0
            ],
            [
              36.5052637,
              50.2374823,
              0
            ],
            [
              36.5170868,
              50.2391756,
              0
            ],
            [
              36.5371168,
              50.2470528,
              0
            ],
            [
              36.5445311,
              50.2475732,
              0
            ],
            [
              36.5610521,
              50.2438647,
              0
            ],
            [
              36.5674144,
              50.2373378,
              0
            ],
            [
              36.5728647,
              50.2362469,
              0
            ],
            [
              36.574474,
              50.2366621,
              0
            ],
            [
              36.5775853,
              50.2399728,
              0
            ],
            [
              36.5760838,
              50.2417325,
              0
            ],
            [
              36.5691215,
              50.2443347,
              0
            ],
            [
              36.5613968,
              50.2498783,
              0
            ],
            [
              36.5600236,
              50.2508113,
              0
            ],
            [
              36.5687783,
              50.2578358,
              0
            ],
            [
              36.5743573,
              50.2555859,
              0
            ],
            [
              36.578048,
              50.2588235,
              0
            ],
            [
              36.5747864,
              50.2605794,
              0
            ],
            [
              36.5800221,
              50.2626645,
              0
            ],
            [
              36.5737565,
              50.2750084,
              0
            ],
            [
              36.5925534,
              50.2757215,
              0
            ],
            [
              36.5926821,
              50.2781899,
              0
            ],
            [
              36.5899356,
              50.2792046,
              0
            ],
            [
              36.5880044,
              50.281426,
              0
            ],
            [
              36.588176,
              50.2824406,
              0
            ],
            [
              36.5886481,
              50.2833456,
              0
            ],
            [
              36.5855582,
              50.2860055,
              0
            ],
            [
              36.5830691,
              50.2863071,
              0
            ],
            [
              36.5781767,
              50.2860603,
              0
            ],
            [
              36.5712245,
              50.2858684,
              0
            ],
            [
              36.5630705,
              50.2847167,
              0
            ],
            [
              36.5598948,
              50.2840586,
              0
            ],
            [
              36.5584786,
              50.2827149,
              0
            ],
            [
              36.5584786,
              50.2820019,
              0
            ],
            [
              36.5567191,
              50.2815357,
              0
            ],
            [
              36.55526,
              50.2814534,
              0
            ],
            [
              36.5529854,
              50.2820841,
              0
            ],
            [
              36.547781,
              50.2821572,
              0
            ],
            [
              36.540185,
              50.2838574,
              0
            ],
            [
              36.5379105,
              50.2840494,
              0
            ],
            [
              36.5363226,
              50.2835832,
              0
            ],
            [
              36.5347347,
              50.2840768,
              0
            ],
            [
              36.5332327,
              50.2846801,
              0
            ],
            [
              36.5301857,
              50.2851463,
              0
            ],
            [
              36.5272245,
              50.285777,
              0
            ],
            [
              36.5239201,
              50.2863528,
              0
            ],
            [
              36.5238772,
              50.2875319,
              0
            ],
            [
              36.5231047,
              50.2882448,
              0
            ],
            [
              36.5227614,
              50.2890948,
              0
            ],
            [
              36.5246925,
              50.2904109,
              0
            ],
            [
              36.5252934,
              50.2912609,
              0
            ],
            [
              36.5253792,
              50.2921657,
              0
            ],
            [
              36.5260229,
              50.2924672,
              0
            ],
            [
              36.5264092,
              50.2935365,
              0
            ],
            [
              36.5162811,
              50.2949896,
              0
            ],
            [
              36.5161524,
              50.2955105,
              0
            ],
            [
              36.5156374,
              50.2959765,
              0
            ],
            [
              36.5146933,
              50.295812,
              0
            ],
            [
              36.5134487,
              50.2957983,
              0
            ],
            [
              36.5127835,
              50.2958532,
              0
            ],
            [
              36.5114532,
              50.2954008,
              0
            ],
            [
              36.5106378,
              50.2955379,
              0
            ],
            [
              36.5006599,
              50.2992114,
              0
            ],
            [
              36.4971752,
              50.3028565,
              0
            ],
            [
              36.4967898,
              50.3026136,
              0
            ],
            [
              36.4907596,
              50.3062303,
              0
            ],
            [
              36.4886139,
              50.3115475,
              0
            ],
            [
              36.4725635,
              50.3130274,
              0
            ],
            [
              36.4402912,
              50.3110541,
              0
            ],
            [
              36.4335964,
              50.3305636,
              0
            ],
            [
              36.4244983,
              50.3281528,
              0
            ],
            [
              36.4143703,
              50.316864,
              0
            ],
            [
              36.4066456,
              50.310506,
              0
            ],
            [
              36.3985775,
              50.3064496,
              0
            ],
            [
              36.3857451,
              50.3033802,
              0
            ],
            [
              36.3742016,
              50.3006385,
              0
            ],
            [
              36.3781283,
              50.2938123,
              0
            ],
            [
              36.3819901,
              50.2847569,
              0
            ]
          ]
        ]
      },
      "properties": {
        "name": "Оккупировано / Окуповано / Occupied",
        "styleUrl": "#poly-A52714-2301-66-nodesc",
        "fill-opacity": 0.25882352941176473,
        "fill": "#a52714",
        "stroke-opacity": 1,
        "stroke": "#a52714",
        "stroke-width": 2.301
      }
    },
    {
      "type": "Feature",
      "geometry": {
        "type": "Polygon",
        "coordinates": [
          [
            [
              35.054668,
              46.48134,
              0
            ],
            [
              35.0766407,
              46.3013725,
              0
            ],
            [
              35.1247059,
              46.30327,
              0
            ],
            [
              35.3094135,
              46.2529645,
              0
            ],
            [
              35.4686306,
              46.4101679,
              0
            ],
            [
              35.607333,
              46.467897,
              0
            ],
            [
              35.7570217,
              46.5652338,
              0
            ],
            [
              36.0481595,
              46.6341147,
              0
            ],
            [
              36.1147123,
              46.6230891,
              0
            ],
            [
              36.140015,
              46.575893,
              0
            ],
            [
              36.0876898,
              46.5036161,
              0
            ],
            [
              36.0952221,
              46.4895847,
              0
            ],
            [
              36.1648381,
              46.4725522,
              0
            ],
            [
              36.2219297,
              46.4861379,
              0
            ],
            [
              36.352166,
              46.645324,
              0
            ],
            [
              36.4588465,
              46.7173833,
              0
            ],
            [
              36.7198311,
              46.7439857,
              0
            ],
            [
              36.7569719,
              46.7225837,
              0
            ],
            [
              36.7591634,
              46.6844549,
              0
            ],
            [
              36.7271039,
              46.6403986,
              0
            ],
            [
              36.7524991,
              46.6175863,
              0
            ],
            [
              36.7933522,
              46.6197801,
              0
            ],
            [
              36.9131561,
              46.7837006,
              0
            ],
            [
              37.0740505,
              46.8495094,
              0
            ],
            [
              37.053924,
              46.881038,
              0
            ],
            [
              37.027624,
              46.923801,
              0
            ],
            [
              37.106069,
              46.966873,
              0
            ],
            [
              37.109686,
              46.994914,
              0
            ],
            [
              37.065515,
              47.047164,
              0
            ],
            [
              36.999289,
              47.075055,
              0
            ],
            [
              36.981048,
              47.122599,
              0
            ],
            [
              36.903249,
              47.166923,
              0
            ],
            [
              36.908278,
              47.183488,
              0
            ],
            [
              36.925905,
              47.199236,
              0
            ],
            [
              36.968263,
              47.205644,
              0
            ],
            [
              36.9271929,
              47.3199987,
              0
            ],
            [
              36.9477087,
              47.32188,
              0
            ],
            [
              37.0725755,
              47.3060263,
              0
            ],
            [
              37.193087,
              47.37714,
              0
            ],
            [
              37.2398578,
              47.4459887,
              0
            ],
            [
              37.2214986,
              47.4683234,
              0
            ],
            [
              37.1385767,
              47.464639,
              0
            ],
            [
              37.0256516,
              47.5518893,
              0
            ],
            [
              37.009747,
              47.543935,
              0
            ],
            [
              36.959748,
              47.5540719,
              0
            ],
            [
              36.8946398,
              47.5465686,
              0
            ],
            [
              36.8302114,
              47.62141,
              0
            ],
            [
              36.76672,
              47.606794,
              0
            ],
            [
              36.714397,
              47.678467,
              0
            ],
            [
              36.705826,
              47.718641,
              0
            ],
            [
              36.701098,
              47.731875,
              0
            ],
            [
              36.68363,
              47.730001,
              0
            ],
            [
              36.6708927,
              47.7933729,
              0
            ],
            [
              36.587762,
              47.7843839,
              0
            ],
            [
              36.5880172,
              47.8162409,
              0
            ],
            [
              36.5987778,
              47.817414,
              0
            ],
            [
              36.6073034,
              47.838565,
              0
            ],
            [
              36.6041583,
              47.8504978,
              0
            ],
            [
              36.5852714,
              47.8477785,
              0
            ],
            [
              36.5211249,
              47.8364418,
              0
            ],
            [
              36.5223265,
              47.828721,
              0
            ],
            [
              36.5013838,
              47.826877,
              0
            ],
            [
              36.495719,
              47.8263584,
              0
            ],
            [
              36.4857627,
              47.8199617,
              0
            ],
            [
              36.470399,
              47.8186937,
              0
            ],
            [
              36.4509154,
              47.8096445,
              0
            ],
            [
              36.4474822,
              47.8091257,
              0
            ],
            [
              36.4247428,
              47.8141999,
              0
            ],
            [
              36.3966518,
              47.81103,
              0
            ],
            [
              36.390539,
              47.7974815,
              0
            ],
            [
              36.3874272,
              47.7957189,
              0
            ],
            [
              36.3686945,
              47.7962057,
              0
            ],
            [
              36.353889,
              47.80352,
              0
            ],
            [
              36.3469829,
              47.8058616,
              0
            ],
            [
              36.3034532,
              47.8033342,
              0
            ],
            [
              36.3006248,
              47.8006366,
              0
            ],
            [
              36.296768,
              47.7845188,
              0
            ],
            [
              36.280891,
              47.7833275,
              0
            ],
            [
              36.2565835,
              47.780674,
              0
            ],
            [
              36.2495394,
              47.7797685,
              0
            ],
            [
              36.2473078,
              47.7781535,
              0
            ],
            [
              36.252154,
              47.7487618,
              0
            ],
            [
              36.2488397,
              47.7483922,
              0
            ],
            [
              36.246331,
              47.7455765,
              0
            ],
            [
              36.2458108,
              47.7415977,
              0
            ],
            [
              36.2431879,
              47.7407067,
              0
            ],
            [
              36.2039713,
              47.7384445,
              0
            ],
            [
              36.1928053,
              47.7377052,
              0
            ],
            [
              36.1919029,
              47.7354644,
              0
            ],
            [
              36.1947997,
              47.7261841,
              0
            ],
            [
              36.1934264,
              47.7191399,
              0
            ],
            [
              36.1962159,
              47.7124123,
              0
            ],
            [
              36.1976734,
              47.7115796,
              0
            ],
            [
              36.2057431,
              47.7092647,
              0
            ],
            [
              36.2251257,
              47.6960784,
              0
            ],
            [
              36.2425493,
              47.6817207,
              0
            ],
            [
              36.2440943,
              47.6814318,
              0
            ],
            [
              36.2584189,
              47.6830334,
              0
            ],
            [
              36.2609724,
              47.6828167,
              0
            ],
            [
              36.2636186,
              47.6790154,
              0
            ],
            [
              36.2837861,
              47.6698105,
              0
            ],
            [
              36.2900444,
              47.660951,
              0
            ],
            [
              36.2882252,
              47.6503712,
              0
            ],
            [
              36.2847052,
              47.6492239,
              0
            ],
            [
              36.2566347,
              47.6598693,
              0
            ],
            [
              36.2532127,
              47.6664177,
              0
            ],
            [
              36.2473717,
              47.6654187,
              0
            ],
            [
              36.2490411,
              47.6576565,
              0
            ],
            [
              36.253139,
              47.6537958,
              0
            ],
            [
              36.254446,
              47.6460221,
              0
            ],
            [
              36.2665366,
              47.6455886,
              0
            ],
            [
              36.273655,
              47.6432013,
              0
            ],
            [
              36.2782461,
              47.6347358,
              0
            ],
            [
              36.2864429,
              47.6312944,
              0
            ],
            [
              36.3069565,
              47.6307159,
              0
            ],
            [
              36.3043905,
              47.6059487,
              0
            ],
            [
              36.211151,
              47.588951,
              0
            ],
            [
              36.208074,
              47.583394,
              0
            ],
            [
              36.128166,
              47.580873,
              0
            ],
            [
              36.127247,
              47.583362,
              0
            ],
            [
              36.104121,
              47.584168,
              0
            ],
            [
              36.101314,
              47.582505,
              0
            ],
            [
              36.1002851,
              47.5797622,
              0
            ],
            [
              36.094904,
              47.564861,
              0
            ],
            [
              36.092602,
              47.563306,
              0
            ],
            [
              36.093561,
              47.550283,
              0
            ],
            [
              36.083535,
              47.551567,
              0
            ],
            [
              36.076084,
              47.548332,
              0
            ],
            [
              36.0673608,
              47.5273875,
              0
            ],
            [
              36.0625333,
              47.5260564,
              0
            ],
            [
              36.0384188,
              47.5291455,
              0
            ],
            [
              36.0326706,
              47.5260897,
              0
            ],
            [
              36.0309153,
              47.5219193,
              0
            ],
            [
              36.023573,
              47.516746,
              0
            ],
            [
              36.012756,
              47.518307,
              0
            ],
            [
              36.00621,
              47.517709,
              0
            ],
            [
              35.996076,
              47.516361,
              0
            ],
            [
              35.9903894,
              47.5165368,
              0
            ],
            [
              35.98447,
              47.5167,
              0
            ],
            [
              35.972913,
              47.517092,
              0
            ],
            [
              35.9485389,
              47.5219593,
              0
            ],
            [
              35.9449791,
              47.5269855,
              0
            ],
            [
              35.9393588,
              47.5280708,
              0
            ],
            [
              35.9358426,
              47.5267058,
              0
            ],
            [
              35.935076,
              47.5242073,
              0
            ],
            [
              35.940496,
              47.5150364,
              0
            ],
            [
              35.9412158,
              47.494628,
              0
            ],
            [
              35.9332666,
              47.493413,
              0
            ],
            [
              35.9248902,
              47.4951397,
              0
            ],
            [
              35.9238098,
              47.494518,
              0
            ],
            [
              35.9209318,
              47.4766162,
              0
            ],
            [
              35.9112478,
              47.4695901,
              0
            ],
            [
              35.8939494,
              47.4660573,
              0
            ],
            [
              35.8428105,
              47.4712458,
              0
            ],
            [
              35.8181564,
              47.4698927,
              0
            ],
            [
              35.7993749,
              47.4732965,
              0
            ],
            [
              35.7909781,
              47.480393,
              0
            ],
            [
              35.781244,
              47.4846723,
              0
            ],
            [
              35.7462237,
              47.487153,
              0
            ],
            [
              35.7465601,
              47.489254,
              0
            ],
            [
              35.7460829,
              47.489878,
              0
            ],
            [
              35.7181073,
              47.4897742,
              0
            ],
            [
              35.7050928,
              47.4967786,
              0
            ],
            [
              35.6812756,
              47.5050926,
              0
            ],
            [
              35.6612356,
              47.4996223,
              0
            ],
            [
              35.6390391,
              47.5000777,
              0
            ],
            [
              35.6349524,
              47.5055782,
              0
            ],
            [
              35.6415575,
              47.5083303,
              0
            ],
            [
              35.6394343,
              47.5108562,
              0
            ],
            [
              35.6232348,
              47.5059628,
              0
            ],
            [
              35.6195549,
              47.5088896,
              0
            ],
            [
              35.6110199,
              47.5071351,
              0
            ],
            [
              35.6081497,
              47.508975,
              0
            ],
            [
              35.5981303,
              47.510044,
              0
            ],
            [
              35.5900736,
              47.5264319,
              0
            ],
            [
              35.5705313,
              47.5295704,
              0
            ],
            [
              35.5635163,
              47.5419795,
              0
            ],
            [
              35.5486909,
              47.5434724,
              0
            ],
            [
              35.5466535,
              47.5466449,
              0
            ],
            [
              35.5067671,
              47.5426918,
              0
            ],
            [
              35.4982142,
              47.5447518,
              0
            ],
            [
              35.4683161,
              47.5450307,
              0
            ],
            [
              35.4638616,
              47.5404684,
              0
            ],
            [
              35.4506479,
              47.5405622,
              0
            ],
            [
              35.4402659,
              47.545834,
              0
            ],
            [
              35.423014,
              47.5431844,
              0
            ],
            [
              35.4100527,
              47.5488757,
              0
            ],
            [
              35.3885914,
              47.5503169,
              0
            ],
            [
              35.3861879,
              47.5539879,
              0
            ],
            [
              35.3932262,
              47.5612502,
              0
            ],
            [
              35.3929133,
              47.5647194,
              0
            ],
            [
              35.3912396,
              47.5653854,
              0
            ],
            [
              35.3784508,
              47.564951,
              0
            ],
            [
              35.3639025,
              47.5644009,
              0
            ],
            [
              35.3635717,
              47.5740917,
              0
            ],
            [
              35.3629444,
              47.5747577,
              0
            ],
            [
              35.3594948,
              47.5762341,
              0
            ],
            [
              35.3589476,
              47.576169,
              0
            ],
            [
              35.340555,
              47.571603,
              0
            ],
            [
              35.3398819,
              47.5705899,
              0
            ],
            [
              35.3421961,
              47.5625074,
              0
            ],
            [
              35.3415146,
              47.5618972,
              0
            ],
            [
              35.3294466,
              47.5593379,
              0
            ],
            [
              35.336977,
              47.529752,
              0
            ],
            [
              35.3283726,
              47.5199329,
              0
            ],
            [
              35.320338,
              47.514849,
              0
            ],
            [
              35.298129,
              47.510782,
              0
            ],
            [
              35.28116,
              47.504106,
              0
            ],
            [
              35.274413,
              47.497414,
              0
            ],
            [
              35.273422,
              47.493777,
              0
            ],
            [
              35.277527,
              47.476897,
              0
            ],
            [
              35.274404,
              47.474331,
              0
            ],
            [
              35.2634088,
              47.4733016,
              0
            ],
            [
              35.202723,
              47.4476,
              0
            ],
            [
              35.1403284,
              47.4480003,
              0
            ],
            [
              35.1128534,
              47.4520722,
              0
            ],
            [
              35.0645178,
              47.45161,
              0
            ],
            [
              35.0575642,
              47.4500981,
              0
            ],
            [
              35.0088808,
              47.4103537,
              0
            ],
            [
              34.9782168,
              47.3992533,
              0
            ],
            [
              34.928844,
              47.3978903,
              0
            ],
            [
              34.8812054,
              47.4111294,
              0
            ],
            [
              34.8693608,
              47.4215836,
              0
            ],
            [
              34.8762273,
              47.446723,
              0
            ],
            [
              34.8715252,
              47.4504727,
              0
            ],
            [
              34.824694,
              47.4640242,
              0
            ],
            [
              34.78537,
              47.4730771,
              0
            ],
            [
              34.7525498,
              47.492329,
              0
            ],
            [
              34.7412158,
              47.4943567,
              0
            ],
            [
              34.6976369,
              47.4907789,
              0
            ],
            [
              34.6929475,
              47.4925391,
              0
            ],
            [
              34.6808775,
              47.5085336,
              0
            ],
            [
              34.6438657,
              47.5443382,
              0
            ],
            [
              34.6249594,
              47.5462642,
              0
            ],
            [
              34.6133445,
              47.5442142,
              0
            ],
            [
              34.5857522,
              47.5224537,
              0
            ],
            [
              34.544034,
              47.532061,
              0
            ],
            [
              34.53226,
              47.528503,
              0
            ],
            [
              34.516819,
              47.509766,
              0
            ],
            [
              34.5123876,
              47.5092011,
              0
            ],
            [
              34.5000135,
              47.4991779,
              0
            ],
            [
              34.4202943,
              47.4973139,
              0
            ],
            [
              34.396176,
              47.504678,
              0
            ],
            [
              34.388643,
              47.51165,
              0
            ],
            [
              34.384705,
              47.512295,
              0
            ],
            [
              34.373506,
              47.507209,
              0
            ],
            [
              34.372952,
              47.503978,
              0
            ],
            [
              34.375189,
              47.496647,
              0
            ],
            [
              34.3511557,
              47.4825251,
              0
            ],
            [
              34.3381547,
              47.4659324,
              0
            ],
            [
              34.341673,
              47.4520051,
              0
            ],
            [
              34.3247183,
              47.4365365,
              0
            ],
            [
              34.2921286,
              47.4260963,
              0
            ],
            [
              34.2781599,
              47.4358108,
              0
            ],
            [
              34.2651981,
              47.4365643,
              0
            ],
            [
              34.2455974,
              47.428071,
              0
            ],
            [
              34.286346,
              47.272337,
              0
            ],
            [
              34.3840283,
              47.2858254,
              0
            ],
            [
              34.4046277,
              47.3202818,
              0
            ],
            [
              34.4746655,
              47.3286598,
              0
            ],
            [
              34.5131177,
              47.1047939,
              0
            ],
            [
              34.5664631,
              47.0251728,
              0
            ],
            [
              34.7306082,
              46.9581938,
              0
            ],
            [
              34.7544274,
              46.8827017,
              0
            ],
            [
              34.8074757,
              46.8770576,
              0
            ],
            [
              34.8191486,
              46.8324492,
              0
            ],
            [
              34.7549235,
              46.8185821,
              0
            ],
            [
              34.7497974,
              46.7586466,
              0
            ],
            [
              34.6234547,
              46.7224135,
              0
            ],
            [
              34.6330677,
              46.6889821,
              0
            ],
            [
              34.7484242,
              46.6838007,
              0
            ],
            [
              34.7594105,
              46.5507998,
              0
            ],
            [
              34.8836933,
              46.5602433,
              0
            ],
            [
              34.9214588,
              46.5139546,
              0
            ],
            [
              35.054668,
              46.48134,
              0
            ]
          ]
        ]
      },
      "properties": {
        "name": "Оккупировано / Окуповано / Occupied",
        "styleUrl": "#poly-A52714-1801-74-nodesc",
        "fill-opacity": 0.2901960784313726,
        "fill": "#a52714",
        "stroke-opacity": 1,
        "stroke": "#a52714",
        "stroke-width": 1.801
      }
    },
    {
      "type": "Feature",
      "geometry": {
        "type": "Polygon",
        "coordinates": [
          [
            [
              31.8564147,
              46.5163528,
              0
            ],
            [
              31.8543547,
              46.512986,
              0
            ],
            [
              31.8600196,
              46.5126316,
              0
            ],
            [
              31.8605345,
              46.5111549,
              0
            ],
            [
              31.8534964,
              46.50637,
              0
            ],
            [
              31.8505782,
              46.498867,
              0
            ],
            [
              31.8468016,
              46.498217,
              0
            ],
            [
              31.8273181,
              46.4991624,
              0
            ],
            [
              31.8122977,
              46.4902401,
              0
            ],
            [
              31.8066329,
              46.4890583,
              0
            ],
            [
              31.8054312,
              46.4852761,
              0
            ],
            [
              31.8081778,
              46.4844488,
              0
            ],
            [
              31.8024611,
              46.4155135,
              0
            ],
            [
              31.8100142,
              46.3662588,
              0
            ],
            [
              31.781175,
              46.3463549,
              0
            ],
            [
              31.7667555,
              46.3520424,
              0
            ],
            [
              31.5525221,
              46.3799978,
              0
            ],
            [
              31.5147566,
              46.3643635,
              0
            ],
            [
              31.5106367,
              46.3235986,
              0
            ],
            [
              31.5326094,
              46.2733117,
              0
            ],
            [
              31.6520857,
              46.2111009,
              0
            ],
            [
              32.1080183,
              46.1407321,
              0
            ],
            [
              32.9622053,
              45.9892295,
              0
            ],
            [
              33.0645155,
              45.9959082,
              0
            ],
            [
              33.292737,
              46.072028,
              0
            ],
            [
              33.354535,
              46.082507,
              0
            ],
            [
              33.428975,
              46.0153046,
              0
            ],
            [
              33.548026,
              46.005504,
              0
            ],
            [
              33.593344,
              46.076045,
              0
            ],
            [
              33.601323,
              46.1277272,
              0
            ],
            [
              33.634543,
              46.140788,
              0
            ],
            [
              33.6136826,
              46.2270967,
              0
            ],
            [
              33.6443176,
              46.2301001,
              0
            ],
            [
              33.7380447,
              46.1859076,
              0
            ],
            [
              33.7795867,
              46.20088,
              0
            ],
            [
              33.851523,
              46.200702,
              0
            ],
            [
              33.9052429,
              46.1647492,
              0
            ],
            [
              34.038291,
              46.108426,
              0
            ],
            [
              34.060263,
              46.118898,
              0
            ],
            [
              34.113822,
              46.109378,
              0
            ],
            [
              34.1715,
              46.066518,
              0
            ],
            [
              34.251151,
              46.055083,
              0
            ],
            [
              34.325309,
              46.064612,
              0
            ],
            [
              34.389853,
              46.034113,
              0
            ],
            [
              34.410453,
              45.989286,
              0
            ],
            [
              34.461264,
              45.949197,
              0
            ],
            [
              34.494223,
              45.943467,
              0
            ],
            [
              34.527182,
              45.962563,
              0
            ],
            [
              34.550528,
              45.993102,
              0
            ],
            [
              34.580741,
              45.997872,
              0
            ],
            [
              34.671378,
              45.967336,
              0
            ],
            [
              34.751029,
              45.912901,
              0
            ],
            [
              34.803214,
              45.901434,
              0
            ],
            [
              34.7949741,
              45.8057851,
              0
            ],
            [
              34.871878,
              45.789508,
              0
            ],
            [
              34.951529,
              45.759815,
              0
            ],
            [
              34.974875,
              45.763647,
              0
            ],
            [
              34.876141,
              45.929889,
              0
            ],
            [
              34.845242,
              46.027232,
              0
            ],
            [
              34.829244,
              46.124467,
              0
            ],
            [
              34.9255787,
              46.1260467,
              0
            ],
            [
              34.9612843,
              46.0727205,
              0
            ],
            [
              35.0052296,
              46.0679567,
              0
            ],
            [
              35.1796375,
              46.1117679,
              0
            ],
            [
              35.3094135,
              46.2529645,
              0
            ],
            [
              35.1247059,
              46.30327,
              0
            ],
            [
              35.0766407,
              46.3013725,
              0
            ],
            [
              35.054668,
              46.48134,
              0
            ],
            [
              34.9214588,
              46.5139546,
              0
            ],
            [
              34.8836933,
              46.5602433,
              0
            ],
            [
              34.7594105,
              46.5507998,
              0
            ],
            [
              34.7484242,
              46.6838007,
              0
            ],
            [
              34.6330677,
              46.6889821,
              0
            ],
            [
              34.6234547,
              46.7224135,
              0
            ],
            [
              34.7497974,
              46.7586466,
              0
            ],
            [
              34.7549235,
              46.8185821,
              0
            ],
            [
              34.8191486,
              46.8324492,
              0
            ],
            [
              34.8074757,
              46.8770576,
              0
            ],
            [
              34.7544274,
              46.8827017,
              0
            ],
            [
              34.7306082,
              46.9581938,
              0
            ],
            [
              34.5664631,
              47.0251728,
              0
            ],
            [
              34.5131177,
              47.1047939,
              0
            ],
            [
              34.4746655,
              47.3286598,
              0
            ],
            [
              34.4046277,
              47.3202818,
              0
            ],
            [
              34.3840283,
              47.2858254,
              0
            ],
            [
              34.286346,
              47.272337,
              0
            ],
            [
              34.2455974,
              47.428071,
              0
            ],
            [
              34.234035,
              47.422632,
              0
            ],
            [
              34.218845,
              47.417463,
              0
            ],
            [
              34.216962,
              47.414789,
              0
            ],
            [
              34.210314,
              47.411628,
              0
            ],
            [
              34.2039,
              47.410336,
              0
            ],
            [
              34.185587,
              47.411897,
              0
            ],
            [
              34.146237,
              47.423848,
              0
            ],
            [
              34.137439,
              47.422194,
              0
            ],
            [
              34.123578,
              47.416938,
              0
            ],
            [
              34.1141048,
              47.4169212,
              0
            ],
            [
              34.0914455,
              47.4220318,
              0
            ],
            [
              34.0687862,
              47.4233674,
              0
            ],
            [
              34.0515343,
              47.4206961,
              0
            ],
            [
              34.0412723,
              47.4134924,
              0
            ],
            [
              33.9642285,
              47.2335994,
              0
            ],
            [
              33.9333295,
              47.2032851,
              0
            ],
            [
              33.9161633,
              47.179488,
              0
            ],
            [
              33.828631,
              47.148094,
              0
            ],
            [
              33.787432,
              47.07379,
              0
            ],
            [
              33.702288,
              47.01858,
              0
            ],
            [
              33.59809,
              46.855423,
              0
            ],
            [
              33.554659,
              46.83053,
              0
            ],
            [
              33.483581,
              46.833845,
              0
            ],
            [
              33.440829,
              46.822561,
              0
            ],
            [
              33.3699402,
              46.77601,
              0
            ],
            [
              33.345919,
              46.764016,
              0
            ],
            [
              33.315711,
              46.752614,
              0
            ],
            [
              33.278971,
              46.750374,
              0
            ],
            [
              33.251433,
              46.755335,
              0
            ],
            [
              33.246627,
              46.759533,
              0
            ],
            [
              33.241821,
              46.762672,
              0
            ],
            [
              33.21522,
              46.765967,
              0
            ],
            [
              33.161726,
              46.761782,
              0
            ],
            [
              33.131707,
              46.755514,
              0
            ],
            [
              33.049074,
              46.7255012,
              0
            ],
            [
              32.990778,
              46.714287,
              0
            ],
            [
              32.980308,
              46.710728,
              0
            ],
            [
              32.948295,
              46.712241,
              0
            ],
            [
              32.92022,
              46.71204,
              0
            ],
            [
              32.895587,
              46.703741,
              0
            ],
            [
              32.873821,
              46.687674,
              0
            ],
            [
              32.801431,
              46.641031,
              0
            ],
            [
              32.791469,
              46.629691,
              0
            ],
            [
              32.780045,
              46.62642,
              0
            ],
            [
              32.773426,
              46.634702,
              0
            ],
            [
              32.7688645,
              46.6357489,
              0
            ],
            [
              32.753133,
              46.631451,
              0
            ],
            [
              32.718444,
              46.631827,
              0
            ],
            [
              32.708652,
              46.630219,
              0
            ],
            [
              32.688649,
              46.62375,
              0
            ],
            [
              32.67496,
              46.615061,
              0
            ],
            [
              32.668184,
              46.605161,
              0
            ],
            [
              32.631488,
              46.581934,
              0
            ],
            [
              32.616613,
              46.56715,
              0
            ],
            [
              32.611238,
              46.567016,
              0
            ],
            [
              32.587322,
              46.575733,
              0
            ],
            [
              32.579327,
              46.572118,
              0
            ],
            [
              32.575196,
              46.568385,
              0
            ],
            [
              32.570106,
              46.554802,
              0
            ],
            [
              32.566001,
              46.554403,
              0
            ],
            [
              32.564127,
              46.556954,
              0
            ],
            [
              32.562125,
              46.559015,
              0
            ],
            [
              32.559495,
              46.559006,
              0
            ],
            [
              32.531773,
              46.552843,
              0
            ],
            [
              32.519696,
              46.552534,
              0
            ],
            [
              32.508305,
              46.555765,
              0
            ],
            [
              32.493852,
              46.56948,
              0
            ],
            [
              32.480506,
              46.572395,
              0
            ],
            [
              32.4368,
              46.55501,
              0
            ],
            [
              32.423107,
              46.544178,
              0
            ],
            [
              32.394933,
              46.534954,
              0
            ],
            [
              32.373644,
              46.522269,
              0
            ],
            [
              32.311164,
              46.494507,
              0
            ],
            [
              32.294601,
              46.490877,
              0
            ],
            [
              32.2710238,
              46.4905484,
              0
            ],
            [
              32.2538576,
              46.4961028,
              0
            ],
            [
              32.2437296,
              46.4926757,
              0
            ],
            [
              32.2402964,
              46.4835751,
              0
            ],
            [
              32.2215853,
              46.4828659,
              0
            ],
            [
              32.2116289,
              46.4801472,
              0
            ],
            [
              32.1482859,
              46.4963391,
              0
            ],
            [
              32.0969591,
              46.4998842,
              0
            ],
            [
              32.0107851,
              46.485939,
              0
            ],
            [
              31.9132815,
              46.5100453,
              0
            ],
            [
              31.906574,
              46.518953,
              0
            ],
            [
              31.8923388,
              46.5207952,
              0
            ],
            [
              31.8774042,
              46.5135895,
              0
            ],
            [
              31.8564147,
              46.5163528,
              0
            ]
          ]
        ]
      },
      "properties": {
        "name": "Оккупировано / Окуповано / Occupied",
        "styleUrl": "#poly-A52714-1701-69-nodesc",
        "fill-opacity": 0.27058823529411763,
        "fill": "#a52714",
        "stroke-opacity": 1,
        "stroke": "#a52714",
        "stroke-width": 1.701
      }
    },
    {
      "type": "Feature",
      "geometry": {
        "type": "Polygon",
        "coordinates": [
          [
            [
              37.827075,
              48.4731631,
              0
            ],
            [
              37.8041502,
              48.4805495,
              0
            ],
            [
              37.7825289,
              48.4922232,
              0
            ],
            [
              37.7818225,
              48.4923085,
              0
            ],
            [
              37.7791721,
              48.4916176,
              0
            ],
            [
              37.7791581,
              48.4907849,
              0
            ],
            [
              37.7810448,
              48.4860936,
              0
            ],
            [
              37.7702217,
              48.4802726,
              0
            ],
            [
              37.7700907,
              48.4794766,
              0
            ],
            [
              37.7871595,
              48.4661494,
              0
            ],
            [
              37.7799805,
              48.4614933,
              0
            ],
            [
              37.7800908,
              48.4593368,
              0
            ],
            [
              37.7836649,
              48.456978,
              0
            ],
            [
              37.7860524,
              48.4530664,
              0
            ],
            [
              37.7838541,
              48.4476666,
              0
            ],
            [
              37.7893835,
              48.4468503,
              0
            ],
            [
              37.7916994,
              48.443624,
              0
            ],
            [
              37.8020595,
              48.4367086,
              0
            ],
            [
              37.8008408,
              48.4321254,
              0
            ],
            [
              37.8265615,
              48.4272976,
              0
            ],
            [
              37.844733,
              48.4192538,
              0
            ],
            [
              37.8376524,
              48.4109119,
              0
            ],
            [
              37.8238148,
              48.4109817,
              0
            ],
            [
              37.8087091,
              48.4205177,
              0
            ],
            [
              37.8028739,
              48.4194142,
              0
            ],
            [
              37.7946341,
              48.4240381,
              0
            ],
            [
              37.7748497,
              48.4225458,
              0
            ],
            [
              37.7745713,
              48.4216566,
              0
            ],
            [
              37.776233,
              48.418327,
              0
            ],
            [
              37.7867147,
              48.4121305,
              0
            ],
            [
              37.7848061,
              48.409759,
              0
            ],
            [
              37.7671478,
              48.4115606,
              0
            ],
            [
              37.7621482,
              48.4231027,
              0
            ],
            [
              37.7571799,
              48.4231273,
              0
            ],
            [
              37.7519404,
              48.4311233,
              0
            ],
            [
              37.7456156,
              48.4337487,
              0
            ],
            [
              37.6962783,
              48.4302483,
              0
            ],
            [
              37.6813778,
              48.4250176,
              0
            ],
            [
              37.6705986,
              48.4243419,
              0
            ],
            [
              37.664828,
              48.4270916,
              0
            ],
            [
              37.656843,
              48.4287729,
              0
            ],
            [
              37.645602,
              48.428848,
              0
            ],
            [
              37.615427,
              48.4263706,
              0
            ],
            [
              37.613582,
              48.430949,
              0
            ],
            [
              37.607378,
              48.432655,
              0
            ],
            [
              37.5986758,
              48.4307448,
              0
            ],
            [
              37.5972855,
              48.4332688,
              0
            ],
            [
              37.5922737,
              48.4318246,
              0
            ],
            [
              37.5855974,
              48.4355983,
              0
            ],
            [
              37.5775662,
              48.4360266,
              0
            ],
            [
              37.5756646,
              48.441438,
              0
            ],
            [
              37.5730625,
              48.4420681,
              0
            ],
            [
              37.5611458,
              48.4413547,
              0
            ],
            [
              37.5196901,
              48.4383497,
              0
            ],
            [
              37.5178438,
              48.4444751,
              0
            ],
            [
              37.5150394,
              48.4466885,
              0
            ],
            [
              37.4844,
              48.4550596,
              0
            ],
            [
              37.4716112,
              48.4628006,
              0
            ],
            [
              37.4639079,
              48.4659878,
              0
            ],
            [
              37.4623201,
              48.4702275,
              0
            ],
            [
              37.4526641,
              48.4782222,
              0
            ],
            [
              37.4480536,
              48.4803557,
              0
            ],
            [
              37.4186849,
              48.4834085,
              0
            ],
            [
              37.4009901,
              48.4790259,
              0
            ],
            [
              37.3909055,
              48.4798128,
              0
            ],
            [
              37.3899804,
              48.4794076,
              0
            ],
            [
              37.3885045,
              48.4745585,
              0
            ],
            [
              37.3751149,
              48.469494,
              0
            ],
            [
              37.3690424,
              48.4594915,
              0
            ],
            [
              37.3519207,
              48.4573737,
              0
            ],
            [
              37.349495,
              48.4515657,
              0
            ],
            [
              37.3200818,
              48.4503069,
              0
            ],
            [
              37.3182685,
              48.4481294,
              0
            ],
            [
              37.3180398,
              48.4410248,
              0
            ],
            [
              37.2756927,
              48.4363315,
              0
            ],
            [
              37.2762077,
              48.4322029,
              0
            ],
            [
              37.269866,
              48.4299949,
              0
            ],
            [
              37.2683824,
              48.4280133,
              0
            ],
            [
              37.2685748,
              48.4257576,
              0
            ],
            [
              37.2550779,
              48.423579,
              0
            ],
            [
              37.2454173,
              48.4193385,
              0
            ],
            [
              37.2402082,
              48.419325,
              0
            ],
            [
              37.2337065,
              48.4168043,
              0
            ],
            [
              37.234984,
              48.411893,
              0
            ],
            [
              37.2586428,
              48.4104018,
              0
            ],
            [
              37.2734124,
              48.4069484,
              0
            ],
            [
              37.2696821,
              48.3913203,
              0
            ],
            [
              37.2583223,
              48.3868573,
              0
            ],
            [
              37.2584056,
              48.3858028,
              0
            ],
            [
              37.2647142,
              48.3809717,
              0
            ],
            [
              37.2663235,
              48.3806582,
              0
            ],
            [
              37.2844553,
              48.3824681,
              0
            ],
            [
              37.28688,
              48.379518,
              0
            ],
            [
              37.2780179,
              48.3774372,
              0
            ],
            [
              37.2667098,
              48.3740307,
              0
            ],
            [
              37.2601559,
              48.3668908,
              0
            ],
            [
              37.243617,
              48.366095,
              0
            ],
            [
              37.2352183,
              48.3627504,
              0
            ],
            [
              37.2353276,
              48.3482232,
              0
            ],
            [
              37.2408801,
              48.3412295,
              0
            ],
            [
              37.2449025,
              48.3278283,
              0
            ],
            [
              37.2784353,
              48.3272793,
              0
            ],
            [
              37.2925384,
              48.3119388,
              0
            ],
            [
              37.2912169,
              48.3027675,
              0
            ],
            [
              37.2807731,
              48.2975528,
              0
            ],
            [
              37.2751221,
              48.3018816,
              0
            ],
            [
              37.2710941,
              48.3023616,
              0
            ],
            [
              37.2610117,
              48.3008887,
              0
            ],
            [
              37.2590385,
              48.3052193,
              0
            ],
            [
              37.2528588,
              48.3048156,
              0
            ],
            [
              37.2465068,
              48.3108055,
              0
            ],
            [
              37.2353656,
              48.3086665,
              0
            ],
            [
              37.2334734,
              48.2984382,
              0
            ],
            [
              37.211605,
              48.2945203,
              0
            ],
            [
              37.2090694,
              48.3016616,
              0
            ],
            [
              37.1889626,
              48.3055547,
              0
            ],
            [
              37.1860211,
              48.3048792,
              0
            ],
            [
              37.186895,
              48.298114,
              0
            ],
            [
              37.1780386,
              48.2968531,
              0
            ],
            [
              37.1798408,
              48.2872139,
              0
            ],
            [
              37.1790679,
              48.2855701,
              0
            ],
            [
              37.1620734,
              48.2878546,
              0
            ],
            [
              37.1469986,
              48.2883089,
              0
            ],
            [
              37.1404594,
              48.2952278,
              0
            ],
            [
              37.1378692,
              48.2966774,
              0
            ],
            [
              37.1336415,
              48.2948724,
              0
            ],
            [
              37.1287282,
              48.29702,
              0
            ],
            [
              37.1227708,
              48.2899049,
              0
            ],
            [
              37.1165051,
              48.2911042,
              0
            ],
            [
              37.0992315,
              48.2987631,
              0
            ],
            [
              37.0976007,
              48.2967789,
              0
            ],
            [
              37.1034587,
              48.2941807,
              0
            ],
            [
              37.1047443,
              48.2854358,
              0
            ],
            [
              37.0909207,
              48.2840174,
              0
            ],
            [
              37.0580475,
              48.2807046,
              0
            ],
            [
              37.0554345,
              48.2803239,
              0
            ],
            [
              37.058521,
              48.262709,
              0
            ],
            [
              37.050925,
              48.261723,
              0
            ],
            [
              37.0451465,
              48.2595034,
              0
            ],
            [
              37.0468357,
              48.2501979,
              0
            ],
            [
              37.0428606,
              48.2483213,
              0
            ],
            [
              37.0287571,
              48.252988,
              0
            ],
            [
              37.0249572,
              48.2606529,
              0
            ],
            [
              37.0128765,
              48.2617242,
              0
            ],
            [
              37.0107522,
              48.2608385,
              0
            ],
            [
              37.0141785,
              48.2483511,
              0
            ],
            [
              37.0016706,
              48.2468622,
              0
            ],
            [
              36.9984519,
              48.2602922,
              0
            ],
            [
              36.9842685,
              48.2589208,
              0
            ],
            [
              36.9835818,
              48.2583494,
              0
            ],
            [
              36.976284,
              48.243078,
              0
            ],
            [
              36.975383,
              48.240192,
              0
            ],
            [
              36.973495,
              48.240013,
              0
            ],
            [
              36.972583,
              48.237298,
              0
            ],
            [
              36.9612,
              48.237776,
              0
            ],
            [
              36.9545438,
              48.2395834,
              0
            ],
            [
              36.9433226,
              48.2372506,
              0
            ],
            [
              36.9521409,
              48.2068432,
              0
            ],
            [
              36.9445448,
              48.2011513,
              0
            ],
            [
              36.9460469,
              48.1913965,
              0
            ],
            [
              36.9373911,
              48.1864932,
              0
            ],
            [
              36.9201,
              48.176922,
              0
            ],
            [
              36.917053,
              48.170426,
              0
            ],
            [
              36.906839,
              48.167134,
              0
            ],
            [
              36.909637,
              48.137867,
              0
            ],
            [
              36.904852,
              48.134974,
              0
            ],
            [
              36.9066006,
              48.1324866,
              0
            ],
            [
              36.913574,
              48.13061,
              0
            ],
            [
              36.917008,
              48.11421,
              0
            ],
            [
              36.903833,
              48.11166,
              0
            ],
            [
              36.904884,
              48.104123,
              0
            ],
            [
              36.8991045,
              48.09947,
              0
            ],
            [
              36.8921522,
              48.0980656,
              0
            ],
            [
              36.8951625,
              48.0775469,
              0
            ],
            [
              36.8813131,
              48.0619367,
              0
            ],
            [
              36.8783948,
              48.0619941,
              0
            ],
            [
              36.8770149,
              48.0516031,
              0
            ],
            [
              36.8584755,
              48.0518326,
              0
            ],
            [
              36.8566731,
              48.0341583,
              0
            ],
            [
              36.8532398,
              48.0325513,
              0
            ],
            [
              36.8436143,
              48.0381414,
              0
            ],
            [
              36.8395259,
              48.0381326,
              0
            ],
            [
              36.8352595,
              48.0355753,
              0
            ],
            [
              36.8271757,
              48.0359243,
              0
            ],
            [
              36.8186329,
              48.0405926,
              0
            ],
            [
              36.8102714,
              48.0422433,
              0
            ],
            [
              36.808494,
              48.044331,
              0
            ],
            [
              36.808055,
              48.046393,
              0
            ],
            [
              36.804532,
              48.047453,
              0
            ],
            [
              36.803971,
              48.051167,
              0
            ],
            [
              36.7997581,
              48.0511524,
              0
            ],
            [
              36.7945056,
              48.0482985,
              0
            ],
            [
              36.7866689,
              48.0501852,
              0
            ],
            [
              36.7829166,
              48.0475987,
              0
            ],
            [
              36.7782202,
              48.0486269,
              0
            ],
            [
              36.7747957,
              48.0472353,
              0
            ],
            [
              36.7728254,
              48.0478876,
              0
            ],
            [
              36.7721832,
              48.0499925,
              0
            ],
            [
              36.7643947,
              48.0553483,
              0
            ],
            [
              36.7619954,
              48.0550603,
              0
            ],
            [
              36.7585477,
              48.0468691,
              0
            ],
            [
              36.7571799,
              48.0378802,
              0
            ],
            [
              36.755645,
              48.0371758,
              0
            ],
            [
              36.7336833,
              48.0357228,
              0
            ],
            [
              36.7253702,
              48.0210795,
              0
            ],
            [
              36.7310028,
              48.0109558,
              0
            ],
            [
              36.7350913,
              48.0054829,
              0
            ],
            [
              36.7337712,
              47.9809683,
              0
            ],
            [
              36.7263511,
              47.9730214,
              0
            ],
            [
              36.7009793,
              47.9690447,
              0
            ],
            [
              36.6956235,
              47.9660611,
              0
            ],
            [
              36.6676217,
              47.9622352,
              0
            ],
            [
              36.6663989,
              47.9609369,
              0
            ],
            [
              36.6685868,
              47.9500832,
              0
            ],
            [
              36.6670405,
              47.9486095,
              0
            ],
            [
              36.6341681,
              47.9442637,
              0
            ],
            [
              36.6395164,
              47.9205353,
              0
            ],
            [
              36.617372,
              47.9175442,
              0
            ],
            [
              36.6140247,
              47.9133447,
              0
            ],
            [
              36.6059566,
              47.9113887,
              0
            ],
            [
              36.5938116,
              47.9125684,
              0
            ],
            [
              36.5907646,
              47.9116764,
              0
            ],
            [
              36.5744293,
              47.897236,
              0
            ],
            [
              36.5734798,
              47.8941439,
              0
            ],
            [
              36.5828808,
              47.8571348,
              0
            ],
            [
              36.5852714,
              47.8477785,
              0
            ],
            [
              36.6041583,
              47.8504978,
              0
            ],
            [
              36.6073034,
              47.838565,
              0
            ],
            [
              36.5987778,
              47.817414,
              0
            ],
            [
              36.5880172,
              47.8162409,
              0
            ],
            [
              36.587762,
              47.7843839,
              0
            ],
            [
              36.6708927,
              47.7933729,
              0
            ],
            [
              36.68363,
              47.7300012,
              0
            ],
            [
              36.7010982,
              47.7318753,
              0
            ],
            [
              36.7058264,
              47.7186409,
              0
            ],
            [
              36.714397,
              47.6784671,
              0
            ],
            [
              36.7667198,
              47.6067937,
              0
            ],
            [
              36.8302114,
              47.62141,
              0
            ],
            [
              36.8946398,
              47.5465686,
              0
            ],
            [
              36.959748,
              47.5540719,
              0
            ],
            [
              37.0097471,
              47.5439351,
              0
            ],
            [
              37.0256516,
              47.5518893,
              0
            ],
            [
              37.1385767,
              47.464639,
              0
            ],
            [
              37.2214986,
              47.4683234,
              0
            ],
            [
              37.2398578,
              47.4459887,
              0
            ],
            [
              37.1930874,
              47.3771403,
              0
            ],
            [
              37.0725755,
              47.3060263,
              0
            ],
            [
              36.9477087,
              47.32188,
              0
            ],
            [
              36.9271929,
              47.3199987,
              0
            ],
            [
              36.9682627,
              47.2056439,
              0
            ],
            [
              36.9259046,
              47.1992355,
              0
            ],
            [
              36.9082783,
              47.1834879,
              0
            ],
            [
              36.9032493,
              47.1669227,
              0
            ],
            [
              36.9810482,
              47.1225991,
              0
            ],
            [
              36.9992887,
              47.0750547,
              0
            ],
            [
              37.0655149,
              47.0471639,
              0
            ],
            [
              37.1096857,
              46.9949143,
              0
            ],
            [
              37.1060689,
              46.9668727,
              0
            ],
            [
              37.0276245,
              46.9238014,
              0
            ],
            [
              37.0539238,
              46.8810384,
              0
            ],
            [
              37.0740505,
              46.8495094,
              0
            ],
            [
              37.2237163,
              46.908519,
              0
            ],
            [
              37.2549226,
              46.9088961,
              0
            ],
            [
              37.2775338,
              46.8569623,
              0
            ],
            [
              37.3079049,
              46.8562937,
              0
            ],
            [
              37.4865754,
              47.0208782,
              0
            ],
            [
              37.5834544,
              47.0617833,
              0
            ],
            [
              37.6471615,
              47.0713597,
              0
            ],
            [
              37.7016812,
              47.0560137,
              0
            ],
            [
              37.8042714,
              47.0611995,
              0
            ],
            [
              37.8948226,
              47.0912681,
              0
            ],
            [
              37.9796232,
              47.0730328,
              0
            ],
            [
              37.9995361,
              47.0809823,
              0
            ],
            [
              38.0403915,
              47.0756048,
              0
            ],
            [
              38.0743804,
              47.0902162,
              0
            ],
            [
              38.1118026,
              47.0744357,
              0
            ],
            [
              38.1104294,
              47.0590014,
              0
            ],
            [
              38.0809035,
              47.0302256,
              0
            ],
            [
              38.0918899,
              47.011033,
              0
            ],
            [
              38.2096497,
              47.0751372,
              0
            ],
            [
              38.2310709,
              47.1209163,
              0
            ],
            [
              38.2362166,
              47.1699254,
              0
            ],
            [
              38.2322696,
              47.2011973,
              0
            ],
            [
              38.2426558,
              47.2098365,
              0
            ],
            [
              38.2437302,
              47.2188204,
              0
            ],
            [
              38.2345793,
              47.2274236,
              0
            ],
            [
              38.2348475,
              47.2313016,
              0
            ],
            [
              38.2865101,
              47.2395845,
              0
            ],
            [
              38.2907179,
              47.2572358,
              0
            ],
            [
              38.325828,
              47.2578718,
              0
            ],
            [
              38.3308907,
              47.2734465,
              0
            ],
            [
              38.3235947,
              47.2819188,
              0
            ],
            [
              38.3344947,
              47.2957476,
              0
            ],
            [
              38.334411,
              47.306782,
              0
            ],
            [
              38.2145914,
              47.3074803,
              0
            ],
            [
              38.2475505,
              47.3596006,
              0
            ],
            [
              38.2997356,
              47.3930794,
              0
            ],
            [
              38.3011194,
              47.4734395,
              0
            ],
            [
              38.2873865,
              47.4804009,
              0
            ],
            [
              38.294253,
              47.5017436,
              0
            ],
            [
              38.2860132,
              47.5087012,
              0
            ],
            [
              38.2887598,
              47.5439393,
              0
            ],
            [
              38.303866,
              47.5457933,
              0
            ],
            [
              38.3121057,
              47.5536719,
              0
            ],
            [
              38.3079859,
              47.5759112,
              0
            ],
            [
              38.3512445,
              47.5763744,
              0
            ],
            [
              38.3498713,
              47.6152701,
              0
            ],
            [
              38.4576746,
              47.6161958,
              0
            ],
            [
              38.4576746,
              47.6439602,
              0
            ],
            [
              38.6114834,
              47.645348,
              0
            ],
            [
              38.6307095,
              47.650899,
              0
            ],
            [
              38.6307095,
              47.6689356,
              0
            ],
            [
              38.6657284,
              47.6684732,
              0
            ],
            [
              38.666415,
              47.6980584,
              0
            ],
            [
              38.7330196,
              47.7008312,
              0
            ],
            [
              38.7316464,
              47.6897393,
              0
            ],
            [
              38.7350796,
              47.6800319,
              0
            ],
            [
              38.741946,
              47.678645,
              0
            ],
            [
              38.7460659,
              47.6860415,
              0
            ],
            [
              38.7728451,
              47.685117,
              0
            ],
            [
              38.7721584,
              47.7216222,
              0
            ],
            [
              38.7762783,
              47.7350164,
              0
            ],
            [
              38.786578,
              47.7354782,
              0
            ],
            [
              38.7913845,
              47.7594866,
              0
            ],
            [
              38.7886379,
              47.7765628,
              0
            ],
            [
              38.7920712,
              47.783484,
              0
            ],
            [
              38.786578,
              47.783484,
              0
            ],
            [
              38.7817715,
              47.7908655,
              0
            ],
            [
              38.7913845,
              47.7945559,
              0
            ],
            [
              38.7872646,
              47.8166928,
              0
            ],
            [
              38.7989376,
              47.8134651,
              0
            ],
            [
              38.8298368,
              47.8203813,
              0
            ],
            [
              38.8277768,
              47.8296016,
              0
            ],
            [
              38.8243436,
              47.8411246,
              0
            ],
            [
              38.8373899,
              47.8567918,
              0
            ],
            [
              38.8380765,
              47.8646236,
              0
            ],
            [
              38.8730954,
              47.8655449,
              0
            ],
            [
              38.8792752,
              47.8756782,
              0
            ],
            [
              38.9108609,
              47.8733754,
              0
            ],
            [
              38.9328336,
              47.8752177,
              0
            ],
            [
              38.9493132,
              47.8683087,
              0
            ],
            [
              38.9726591,
              47.8701512,
              0
            ],
            [
              39.0763426,
              47.8701512,
              0
            ],
            [
              39.0868402,
              47.9406415,
              0
            ],
            [
              39.0422641,
              47.9563579,
              0
            ],
            [
              39.0399656,
              48.0044482,
              0
            ],
            [
              38.8449963,
              48.0144676,
              0
            ],
            [
              38.8195056,
              48.0377948,
              0
            ],
            [
              38.8132107,
              48.1125284,
              0
            ],
            [
              38.6005381,
              48.1765796,
              0
            ],
            [
              38.6153982,
              48.2048235,
              0
            ],
            [
              38.5698178,
              48.2684928,
              0
            ],
            [
              38.4295427,
              48.2814094,
              0
            ],
            [
              38.4781684,
              48.3642263,
              0
            ],
            [
              38.428735,
              48.4448134,
              0
            ],
            [
              38.3408083,
              48.4409456,
              0
            ],
            [
              38.2877847,
              48.4749229,
              0
            ],
            [
              38.318874,
              48.5082253,
              0
            ],
            [
              38.2807607,
              48.5383521,
              0
            ],
            [
              38.2593815,
              48.6675208,
              0
            ],
            [
              38.3144092,
              48.6856508,
              0
            ],
            [
              38.3177731,
              48.7356952,
              0
            ],
            [
              38.2827931,
              48.7377873,
              0
            ],
            [
              38.2647818,
              48.7515016,
              0
            ],
            [
              38.2883362,
              48.8114856,
              0
            ],
            [
              38.3160601,
              48.8139393,
              0
            ],
            [
              38.3137867,
              48.8283916,
              0
            ],
            [
              38.2732117,
              48.8240505,
              0
            ],
            [
              38.2714466,
              48.8326216,
              0
            ],
            [
              38.2580081,
              48.8423778,
              0
            ],
            [
              38.2219028,
              48.8388817,
              0
            ],
            [
              38.2260089,
              48.8585558,
              0
            ],
            [
              38.2289061,
              48.8593607,
              0
            ],
            [
              38.2268495,
              48.9222417,
              0
            ],
            [
              38.2237815,
              48.9344959,
              0
            ],
            [
              38.1971974,
              48.9277401,
              0
            ],
            [
              38.1433286,
              48.9324199,
              0
            ],
            [
              38.1341885,
              48.9238542,
              0
            ],
            [
              38.0752238,
              48.9346855,
              0
            ],
            [
              38.0617871,
              48.9324653,
              0
            ],
            [
              38.0459471,
              48.9339276,
              0
            ],
            [
              38.0395538,
              48.9431377,
              0
            ],
            [
              38.0054565,
              48.944018,
              0
            ],
            [
              38.0304555,
              48.9738768,
              0
            ],
            [
              38.0541195,
              48.9654818,
              0
            ],
            [
              38.0573675,
              48.9866796,
              0
            ],
            [
              38.0805803,
              48.9921651,
              0
            ],
            [
              38.0980392,
              48.9919058,
              0
            ],
            [
              38.0982844,
              48.9992965,
              0
            ],
            [
              38.0613439,
              49.0630425,
              0
            ],
            [
              38.0821074,
              49.1468263,
              0
            ],
            [
              38.0458214,
              49.1505714,
              0
            ],
            [
              38.0376376,
              49.1266053,
              0
            ],
            [
              37.9343778,
              49.1403636,
              0
            ],
            [
              37.8939572,
              49.1608274,
              0
            ],
            [
              37.9029212,
              49.1662435,
              0
            ],
            [
              37.8936754,
              49.175124,
              0
            ],
            [
              37.9345439,
              49.1917975,
              0
            ],
            [
              37.9079762,
              49.2140876,
              0
            ],
            [
              37.8899517,
              49.2110038,
              0
            ],
            [
              37.8898659,
              49.2185167,
              0
            ],
            [
              37.8881094,
              49.2188919,
              0
            ],
            [
              37.8833683,
              49.2063427,
              0
            ],
            [
              37.8852092,
              49.1993924,
              0
            ],
            [
              37.8845882,
              49.1955802,
              0
            ],
            [
              37.8797304,
              49.1924393,
              0
            ],
            [
              37.8720631,
              49.1921502,
              0
            ],
            [
              37.8419794,
              49.1904393,
              0
            ],
            [
              37.8403916,
              49.189654,
              0
            ],
            [
              37.8374733,
              49.1842405,
              0
            ],
            [
              37.8301606,
              49.1832015,
              0
            ],
            [
              37.8201012,
              49.1842376,
              0
            ],
            [
              37.813293,
              49.1794074,
              0
            ],
            [
              37.7955732,
              49.1833638,
              0
            ],
            [
              37.7939622,
              49.1858674,
              0
            ],
            [
              37.7833987,
              49.1879363,
              0
            ],
            [
              37.7754874,
              49.1827045,
              0
            ],
            [
              37.7601432,
              49.1845343,
              0
            ],
            [
              37.7556371,
              49.1814908,
              0
            ],
            [
              37.7493331,
              49.178262,
              0
            ],
            [
              37.7496152,
              49.1753573,
              0
            ],
            [
              37.7629313,
              49.1675919,
              0
            ],
            [
              37.7628943,
              49.1635974,
              0
            ],
            [
              37.7461221,
              49.1442201,
              0
            ],
            [
              37.7476286,
              49.1390561,
              0
            ],
            [
              37.7560877,
              49.1366426,
              0
            ],
            [
              37.7499938,
              49.1296226,
              0
            ],
            [
              37.746303,
              49.1288364,
              0
            ],
            [
              37.7245021,
              49.133217,
              0
            ],
            [
              37.7110392,
              49.1330357,
              0
            ],
            [
              37.7021125,
              49.1289361,
              0
            ],
            [
              37.686202,
              49.128322,
              0
            ],
            [
              37.681653,
              49.125429,
              0
            ],
            [
              37.673413,
              49.12585,
              0
            ],
            [
              37.67131,
              49.125204,
              0
            ],
            [
              37.667619,
              49.119082,
              0
            ],
            [
              37.667705,
              49.113717,
              0
            ],
            [
              37.6582815,
              49.1053276,
              0
            ],
            [
              37.6435024,
              49.1029948,
              0
            ],
            [
              37.6402408,
              49.1009999,
              0
            ],
            [
              37.6404125,
              49.099904,
              0
            ],
            [
              37.6533729,
              49.0879889,
              0
            ],
            [
              37.6629001,
              49.0848972,
              0
            ],
            [
              37.6815762,
              49.0880556,
              0
            ],
            [
              37.6950619,
              49.0877661,
              0
            ],
            [
              37.7025319,
              49.0861718,
              0
            ],
            [
              37.7040334,
              49.0845956,
              0
            ],
            [
              37.7026597,
              49.0801523,
              0
            ],
            [
              37.7043737,
              49.0771069,
              0
            ],
            [
              37.7165859,
              49.0682402,
              0
            ],
            [
              37.7329523,
              49.0646381,
              0
            ],
            [
              37.7458758,
              49.0635678,
              0
            ],
            [
              37.7811912,
              49.0707432,
              0
            ],
            [
              37.8139948,
              49.0839279,
              0
            ],
            [
              37.8283265,
              49.080177,
              0
            ],
            [
              37.8342395,
              49.0713656,
              0
            ],
            [
              37.8355765,
              49.0706801,
              0
            ],
            [
              37.8406441,
              49.0710953,
              0
            ],
            [
              37.8421114,
              49.072955,
              0
            ],
            [
              37.8379915,
              49.0918438,
              0
            ],
            [
              37.8414248,
              49.1007236,
              0
            ],
            [
              37.851188,
              49.1040812,
              0
            ],
            [
              37.8642799,
              49.0944892,
              0
            ],
            [
              37.8720476,
              49.0792277,
              0
            ],
            [
              37.8820835,
              49.0767493,
              0
            ],
            [
              37.882849,
              49.0728089,
              0
            ],
            [
              37.8864398,
              49.0730242,
              0
            ],
            [
              37.8977399,
              49.0708677,
              0
            ],
            [
              37.9043752,
              49.0713893,
              0
            ],
            [
              37.9112416,
              49.0780239,
              0
            ],
            [
              37.9267783,
              49.0759437,
              0
            ],
            [
              37.9322701,
              49.0675655,
              0
            ],
            [
              37.939071,
              49.065172,
              0
            ],
            [
              37.9400378,
              49.0520707,
              0
            ],
            [
              37.9326075,
              49.0461431,
              0
            ],
            [
              37.9416555,
              49.0338092,
              0
            ],
            [
              37.9313869,
              49.0302963,
              0
            ],
            [
              37.9311331,
              49.0292052,
              0
            ],
            [
              37.934299,
              49.0238709,
              0
            ],
            [
              37.9313438,
              49.0203364,
              0
            ],
            [
              37.9323152,
              49.0143188,
              0
            ],
            [
              37.9317099,
              49.0137213,
              0
            ],
            [
              37.9278181,
              49.0132135,
              0
            ],
            [
              37.9270129,
              49.0127306,
              0
            ],
            [
              37.9279126,
              49.0091028,
              0
            ],
            [
              37.9321838,
              49.0063773,
              0
            ],
            [
              37.9322267,
              48.997706,
              0
            ],
            [
              37.9193857,
              48.9925585,
              0
            ],
            [
              37.9196972,
              48.9751752,
              0
            ],
            [
              37.8863092,
              48.9761179,
              0
            ],
            [
              37.870307,
              48.9740203,
              0
            ],
            [
              37.8690636,
              48.970921,
              0
            ],
            [
              37.8633135,
              48.9685981,
              0
            ],
            [
              37.8644286,
              48.9562646,
              0
            ],
            [
              37.8727068,
              48.9472917,
              0
            ],
            [
              37.87199,
              48.9424283,
              0
            ],
            [
              37.8783844,
              48.9369878,
              0
            ],
            [
              37.8812598,
              48.9303344,
              0
            ],
            [
              37.9041568,
              48.9172307,
              0
            ],
            [
              37.9104224,
              48.9176819,
              0
            ],
            [
              37.9216844,
              48.9248347,
              0
            ],
            [
              37.9288185,
              48.9312019,
              0
            ],
            [
              37.9336352,
              48.9383006,
              0
            ],
            [
              37.9401584,
              48.9414015,
              0
            ],
            [
              37.954385,
              48.9412264,
              0
            ],
            [
              37.9613159,
              48.9373288,
              0
            ],
            [
              37.9610153,
              48.9355662,
              0
            ],
            [
              37.9731533,
              48.9397569,
              0
            ],
            [
              37.9822312,
              48.9395455,
              0
            ],
            [
              37.9963871,
              48.9310005,
              0
            ],
            [
              37.9937693,
              48.9209907,
              0
            ],
            [
              37.9994341,
              48.9190166,
              0
            ],
            [
              38.0204626,
              48.9334533,
              0
            ],
            [
              38.0394233,
              48.926938,
              0
            ],
            [
              38.0392326,
              48.9257654,
              0
            ],
            [
              38.0372727,
              48.9242907,
              0
            ],
            [
              38.031655,
              48.9164617,
              0
            ],
            [
              38.0320198,
              48.91594,
              0
            ],
            [
              38.0355447,
              48.9157822,
              0
            ],
            [
              38.0403586,
              48.9073301,
              0
            ],
            [
              38.0254939,
              48.9026128,
              0
            ],
            [
              38.0085669,
              48.8973879,
              0
            ],
            [
              38.0079661,
              48.896344,
              0
            ],
            [
              38.0101548,
              48.8936919,
              0
            ],
            [
              38.0323603,
              48.8903682,
              0
            ],
            [
              38.0353876,
              48.8722719,
              0
            ],
            [
              38.0337568,
              48.8702395,
              0
            ],
            [
              38.016414,
              48.8638521,
              0
            ],
            [
              38.0176927,
              48.8534242,
              0
            ],
            [
              38.0180877,
              48.850892,
              0
            ],
            [
              38.0328935,
              48.8403294,
              0
            ],
            [
              38.0453926,
              48.8391007,
              0
            ],
            [
              38.0563681,
              48.8408308,
              0
            ],
            [
              38.0582309,
              48.8403995,
              0
            ],
            [
              38.0593695,
              48.8313161,
              0
            ],
            [
              38.0532954,
              48.8139125,
              0
            ],
            [
              38.0515359,
              48.8046989,
              0
            ],
            [
              38.0503772,
              48.8038792,
              0
            ],
            [
              38.0220531,
              48.8028333,
              0
            ],
            [
              38.0165599,
              48.8015048,
              0
            ],
            [
              38.016002,
              48.800572,
              0
            ],
            [
              38.0177638,
              48.7872625,
              0
            ],
            [
              38.0190513,
              48.7866688,
              0
            ],
            [
              38.0305526,
              48.7896093,
              0
            ],
            [
              38.0587089,
              48.7911925,
              0
            ],
            [
              38.0603482,
              48.7876082,
              0
            ],
            [
              38.043568,
              48.774355,
              0
            ],
            [
              38.040135,
              48.769264,
              0
            ],
            [
              38.0200693,
              48.767412,
              0
            ],
            [
              38.00798,
              48.7602288,
              0
            ],
            [
              38.0195564,
              48.7460321,
              0
            ],
            [
              38.0192131,
              48.7387873,
              0
            ],
            [
              38.0171102,
              48.7375136,
              0
            ],
            [
              37.9951105,
              48.7357282,
              0
            ],
            [
              37.9881108,
              48.7199559,
              0
            ],
            [
              37.9806886,
              48.7110988,
              0
            ],
            [
              37.9717853,
              48.7054241,
              0
            ],
            [
              37.9639554,
              48.7034021,
              0
            ],
            [
              37.9478213,
              48.7027012,
              0
            ],
            [
              37.9318186,
              48.704662,
              0
            ],
            [
              37.92633,
              48.7077552,
              0
            ],
            [
              37.9241435,
              48.7092876,
              0
            ],
            [
              37.9226854,
              48.7093386,
              0
            ],
            [
              37.9165841,
              48.7062492,
              0
            ],
            [
              37.9159749,
              48.7048785,
              0
            ],
            [
              37.9184273,
              48.7006508,
              0
            ],
            [
              37.9158537,
              48.697386,
              0
            ],
            [
              37.9088669,
              48.6943691,
              0
            ],
            [
              37.9002177,
              48.6949781,
              0
            ],
            [
              37.8837811,
              48.6930802,
              0
            ],
            [
              37.8817923,
              48.6916096,
              0
            ],
            [
              37.8775155,
              48.6884908,
              0
            ],
            [
              37.8753268,
              48.6881792,
              0
            ],
            [
              37.8654563,
              48.6905306,
              0
            ],
            [
              37.8627526,
              48.6903323,
              0
            ],
            [
              37.860399,
              48.6886067,
              0
            ],
            [
              37.8452861,
              48.6770722,
              0
            ],
            [
              37.8389015,
              48.6800601,
              0
            ],
            [
              37.8364124,
              48.6794084,
              0
            ],
            [
              37.8357258,
              48.6770281,
              0
            ],
            [
              37.8364124,
              48.6763197,
              0
            ],
            [
              37.840146,
              48.6752145,
              0
            ],
            [
              37.8413906,
              48.6716721,
              0
            ],
            [
              37.8352966,
              48.6606466,
              0
            ],
            [
              37.8365841,
              48.6581804,
              0
            ],
            [
              37.8159651,
              48.6457504,
              0
            ],
            [
              37.7942275,
              48.6430951,
              0
            ],
            [
              37.7900218,
              48.6395505,
              0
            ],
            [
              37.7871465,
              48.6231284,
              0
            ],
            [
              37.7830282,
              48.6201205,
              0
            ],
            [
              37.7632855,
              48.6189865,
              0
            ],
            [
              37.7550029,
              48.6136245,
              0
            ],
            [
              37.7565049,
              48.6053673,
              0
            ],
            [
              37.7583503,
              48.6038633,
              0
            ],
            [
              37.7837013,
              48.6000041,
              0
            ],
            [
              37.8058839,
              48.5987408,
              0
            ],
            [
              37.8070296,
              48.5982362,
              0
            ],
            [
              37.8092414,
              48.5915541,
              0
            ],
            [
              37.8101624,
              48.5888324,
              0
            ],
            [
              37.8194514,
              48.5883276,
              0
            ],
            [
              37.821283,
              48.5852253,
              0
            ],
            [
              37.8282752,
              48.5801677,
              0
            ],
            [
              37.841395,
              48.5656256,
              0
            ],
            [
              37.8415357,
              48.5638176,
              0
            ],
            [
              37.8249592,
              48.5549231,
              0
            ],
            [
              37.8189226,
              48.5475543,
              0
            ],
            [
              37.8194375,
              48.545729,
              0
            ],
            [
              37.8248091,
              48.544649,
              0
            ],
            [
              37.8282506,
              48.5421077,
              0
            ],
            [
              37.8340252,
              48.5423902,
              0
            ],
            [
              37.841868,
              48.5411112,
              0
            ],
            [
              37.8493567,
              48.5410117,
              0
            ],
            [
              37.8532834,
              48.5358401,
              0
            ],
            [
              37.85073,
              48.5320039,
              0
            ],
            [
              37.8422068,
              48.5263285,
              0
            ],
            [
              37.8368423,
              48.5177444,
              0
            ],
            [
              37.838337,
              48.4943795,
              0
            ],
            [
              37.8512001,
              48.4896524,
              0
            ],
            [
              37.8512634,
              48.4837552,
              0
            ],
            [
              37.845202,
              48.4807781,
              0
            ],
            [
              37.8382619,
              48.4750781,
              0
            ],
            [
              37.827075,
              48.4731631,
              0
            ]
          ]
        ]
      },
      "properties": {
        "name": "Оккупировано / Окуповано / Occupied",
        "styleUrl": "#poly-A52714-1701-71-nodesc",
        "fill-opacity": 0.2784313725490196,
        "fill": "#a52714",
        "stroke-opacity": 1,
        "stroke": "#a52714",
        "stroke-width": 1.701
      }
    },
    {
      "type": "Feature",
      "geometry": {
        "type": "Polygon",
        "coordinates": [
          [
            [
              37.939862,
              50.015425,
              0
            ],
            [
              37.937261,
              50.017739,
              0
            ],
            [
              37.930549,
              50.026284,
              0
            ],
            [
              37.926601,
              50.033893,
              0
            ],
            [
              37.921794,
              50.037642,
              0
            ],
            [
              37.903453,
              50.046384,
              0
            ],
            [
              37.891373,
              50.051138,
              0
            ],
            [
              37.8626944,
              50.0546673,
              0
            ],
            [
              37.8242879,
              50.0684346,
              0
            ],
            [
              37.7978349,
              50.0842841,
              0
            ],
            [
              37.7553881,
              50.0785492,
              0
            ],
            [
              37.749398,
              50.085408,
              0
            ],
            [
              37.744299,
              50.093843,
              0
            ],
            [
              37.73309,
              50.102808,
              0
            ],
            [
              37.725641,
              50.107112,
              0
            ],
            [
              37.706938,
              50.12794,
              0
            ],
            [
              37.708783,
              50.133799,
              0
            ],
            [
              37.7004565,
              50.1339834,
              0
            ],
            [
              37.694578,
              50.140373,
              0
            ],
            [
              37.691617,
              50.141474,
              0
            ],
            [
              37.691145,
              50.142656,
              0
            ],
            [
              37.6875819,
              50.1430878,
              0
            ],
            [
              37.685995,
              50.144004,
              0
            ],
            [
              37.684622,
              50.145709,
              0
            ],
            [
              37.674035,
              50.150196,
              0
            ],
            [
              37.674121,
              50.150773,
              0
            ],
            [
              37.67367,
              50.15098,
              0
            ],
            [
              37.672146,
              50.150952,
              0
            ],
            [
              37.671245,
              50.151172,
              0
            ],
            [
              37.670687,
              50.151763,
              0
            ],
            [
              37.668306,
              50.152781,
              0
            ],
            [
              37.667876,
              50.154719,
              0
            ],
            [
              37.667147,
              50.155709,
              0
            ],
            [
              37.665731,
              50.156891,
              0
            ],
            [
              37.665387,
              50.158156,
              0
            ],
            [
              37.66307,
              50.159311,
              0
            ],
            [
              37.654272,
              50.166156,
              0
            ],
            [
              37.65483,
              50.167366,
              0
            ],
            [
              37.65246,
              50.169125,
              0
            ],
            [
              37.652905,
              50.17017,
              0
            ],
            [
              37.65139,
              50.17083,
              0
            ],
            [
              37.650203,
              50.170802,
              0
            ],
            [
              37.6492893,
              50.1712864,
              0
            ],
            [
              37.649688,
              50.172135,
              0
            ],
            [
              37.64933,
              50.172607,
              0
            ],
            [
              37.648456,
              50.172997,
              0
            ],
            [
              37.64701,
              50.173172,
              0
            ],
            [
              37.646737,
              50.173479,
              0
            ],
            [
              37.646764,
              50.174116,
              0
            ],
            [
              37.646434,
              50.174401,
              0
            ],
            [
              37.644038,
              50.174138,
              0
            ],
            [
              37.641477,
              50.175509,
              0
            ],
            [
              37.640389,
              50.176656,
              0
            ],
            [
              37.637514,
              50.177069,
              0
            ],
            [
              37.62981,
              50.176876,
              0
            ],
            [
              37.625776,
              50.176052,
              0
            ],
            [
              37.608868,
              50.160466,
              0
            ],
            [
              37.6030748,
              50.1514473,
              0
            ],
            [
              37.6040403,
              50.1480999,
              0
            ],
            [
              37.6122147,
              50.1426623,
              0
            ],
            [
              37.618567,
              50.142179,
              0
            ],
            [
              37.627279,
              50.1441432,
              0
            ],
            [
              37.6399391,
              50.144171,
              0
            ],
            [
              37.6445309,
              50.142878,
              0
            ],
            [
              37.6486508,
              50.1431255,
              0
            ],
            [
              37.6624696,
              50.1399076,
              0
            ],
            [
              37.6633279,
              50.1386423,
              0
            ],
            [
              37.6503672,
              50.1190703,
              0
            ],
            [
              37.65144,
              50.11808,
              0
            ],
            [
              37.659336,
              50.115328,
              0
            ],
            [
              37.664186,
              50.114585,
              0
            ],
            [
              37.665387,
              50.113099,
              0
            ],
            [
              37.7002336,
              50.0974305,
              0
            ],
            [
              37.7004053,
              50.094292,
              0
            ],
            [
              37.6958923,
              50.085866,
              0
            ],
            [
              37.698596,
              50.0804686,
              0
            ],
            [
              37.7190236,
              50.0751808,
              0
            ],
            [
              37.7355284,
              50.0743535,
              0
            ],
            [
              37.7437155,
              50.0706776,
              0
            ],
            [
              37.7487693,
              50.0370674,
              0
            ],
            [
              37.753304,
              50.0292536,
              0
            ],
            [
              37.774144,
              50.023974,
              0
            ],
            [
              37.7828297,
              50.0203757,
              0
            ],
            [
              37.7790692,
              50.0059995,
              0
            ],
            [
              37.7745202,
              50.0010344,
              0
            ],
            [
              37.769726,
              49.990853,
              0
            ],
            [
              37.7700848,
              49.9891154,
              0
            ],
            [
              37.7752498,
              49.9837908,
              0
            ],
            [
              37.774813,
              49.981534,
              0
            ],
            [
              37.767505,
              49.97818,
              0
            ],
            [
              37.763375,
              49.969832,
              0
            ],
            [
              37.762378,
              49.96965,
              0
            ],
            [
              37.752412,
              49.971565,
              0
            ],
            [
              37.743804,
              49.969945,
              0
            ],
            [
              37.7342431,
              49.9667156,
              0
            ],
            [
              37.7273891,
              49.9608771,
              0
            ],
            [
              37.7283897,
              49.958667,
              0
            ],
            [
              37.735827,
              49.954745,
              0
            ],
            [
              37.744839,
              49.952481,
              0
            ],
            [
              37.746985,
              49.950437,
              0
            ],
            [
              37.747245,
              49.939504,
              0
            ],
            [
              37.747821,
              49.9305569,
              0
            ],
            [
              37.7418129,
              49.9177095,
              0
            ],
            [
              37.7415983,
              49.9077054,
              0
            ],
            [
              37.74074,
              49.90613,
              0
            ],
            [
              37.7335102,
              49.9004716,
              0
            ],
            [
              37.7168978,
              49.8948333,
              0
            ],
            [
              37.6983128,
              49.8895138,
              0
            ],
            [
              37.6904379,
              49.8901866,
              0
            ],
            [
              37.6737198,
              49.8833018,
              0
            ],
            [
              37.6657141,
              49.8832653,
              0
            ],
            [
              37.6532923,
              49.8903059,
              0
            ],
            [
              37.6491948,
              49.8914289,
              0
            ],
            [
              37.6468132,
              49.8906482,
              0
            ],
            [
              37.6460618,
              49.8888865,
              0
            ],
            [
              37.6461041,
              49.8876302,
              0
            ],
            [
              37.6447431,
              49.8850266,
              0
            ],
            [
              37.6452399,
              49.8783795,
              0
            ],
            [
              37.6498805,
              49.8736524,
              0
            ],
            [
              37.6491112,
              49.8681914,
              0
            ],
            [
              37.6468869,
              49.8674315,
              0
            ],
            [
              37.6387325,
              49.8686574,
              0
            ],
            [
              37.6356856,
              49.8681081,
              0
            ],
            [
              37.634334,
              49.8654545,
              0
            ],
            [
              37.6356446,
              49.8631327,
              0
            ],
            [
              37.6449512,
              49.8584702,
              0
            ],
            [
              37.6447974,
              49.8529296,
              0
            ],
            [
              37.6379498,
              49.8488831,
              0
            ],
            [
              37.6353809,
              49.8464002,
              0
            ],
            [
              37.6348724,
              49.8340651,
              0
            ],
            [
              37.6318131,
              49.8282214,
              0
            ],
            [
              37.626008,
              49.8255889,
              0
            ],
            [
              37.6173313,
              49.824376,
              0
            ],
            [
              37.6113019,
              49.8212007,
              0
            ],
            [
              37.6088345,
              49.8165162,
              0
            ],
            [
              37.6005865,
              49.8111999,
              0
            ],
            [
              37.6000634,
              49.8094693,
              0
            ],
            [
              37.6003907,
              49.8089713,
              0
            ],
            [
              37.6033715,
              49.8078908,
              0
            ],
            [
              37.6058373,
              49.8035974,
              0
            ],
            [
              37.6085326,
              49.8031274,
              0
            ],
            [
              37.618009,
              49.8068951,
              0
            ],
            [
              37.626533,
              49.801911,
              0
            ],
            [
              37.6277145,
              49.7996576,
              0
            ],
            [
              37.629312,
              49.7810626,
              0
            ],
            [
              37.6327106,
              49.7782034,
              0
            ],
            [
              37.6458149,
              49.7734262,
              0
            ],
            [
              37.6475724,
              49.77425,
              0
            ],
            [
              37.647903,
              49.7752817,
              0
            ],
            [
              37.6487271,
              49.7757313,
              0
            ],
            [
              37.650618,
              49.776054,
              0
            ],
            [
              37.671133,
              49.772107,
              0
            ],
            [
              37.672775,
              49.771199,
              0
            ],
            [
              37.67469,
              49.768601,
              0
            ],
            [
              37.675606,
              49.768018,
              0
            ],
            [
              37.678878,
              49.767149,
              0
            ],
            [
              37.690338,
              49.76596,
              0
            ],
            [
              37.69389,
              49.765192,
              0
            ],
            [
              37.696895,
              49.762943,
              0
            ],
            [
              37.701601,
              49.762204,
              0
            ],
            [
              37.706629,
              49.762089,
              0
            ],
            [
              37.718367,
              49.758744,
              0
            ],
            [
              37.730998,
              49.757473,
              0
            ],
            [
              37.753916,
              49.7533557,
              0
            ],
            [
              37.757856,
              49.7583262,
              0
            ],
            [
              37.7596505,
              49.7591934,
              0
            ],
            [
              37.7692705,
              49.7567562,
              0
            ],
            [
              37.7742656,
              49.7577657,
              0
            ],
            [
              37.8063019,
              49.7465416,
              0
            ],
            [
              37.8071603,
              49.7449887,
              0
            ],
            [
              37.8012379,
              49.732286,
              0
            ],
            [
              37.8212365,
              49.7173325,
              0
            ],
            [
              37.8190049,
              49.6936583,
              0
            ],
            [
              37.8043097,
              49.6945647,
              0
            ],
            [
              37.8027755,
              49.6940304,
              0
            ],
            [
              37.7933994,
              49.6862314,
              0
            ],
            [
              37.7841989,
              49.6717901,
              0
            ],
            [
              37.784435,
              49.6712729,
              0
            ],
            [
              37.7985047,
              49.6677326,
              0
            ],
            [
              37.7992664,
              49.6678715,
              0
            ],
            [
              37.80276,
              49.6699985,
              0
            ],
            [
              37.8074378,
              49.6709151,
              0
            ],
            [
              37.8177374,
              49.6689708,
              0
            ],
            [
              37.8231019,
              49.6692486,
              0
            ],
            [
              37.8282309,
              49.6710517,
              0
            ],
            [
              37.837123,
              49.6757022,
              0
            ],
            [
              37.8412214,
              49.6765075,
              0
            ],
            [
              37.8439434,
              49.6754364,
              0
            ],
            [
              37.846199,
              49.6542388,
              0
            ],
            [
              37.8436455,
              49.6524954,
              0
            ],
            [
              37.8291831,
              49.6503698,
              0
            ],
            [
              37.82796,
              49.6497724,
              0
            ],
            [
              37.8282389,
              49.6482719,
              0
            ],
            [
              37.8292045,
              49.6474383,
              0
            ],
            [
              37.836307,
              49.6467853,
              0
            ],
            [
              37.84543,
              49.6472833,
              0
            ],
            [
              37.87692,
              49.641969,
              0
            ],
            [
              37.865763,
              49.604304,
              0
            ],
            [
              37.833967,
              49.607797,
              0
            ],
            [
              37.832231,
              49.598183,
              0
            ],
            [
              37.8026684,
              49.585284,
              0
            ],
            [
              37.770288,
              49.585653,
              0
            ],
            [
              37.769469,
              49.584374,
              0
            ],
            [
              37.770063,
              49.579145,
              0
            ],
            [
              37.768676,
              49.575338,
              0
            ],
            [
              37.7639056,
              49.5728976,
              0
            ],
            [
              37.761874,
              49.569329,
              0
            ],
            [
              37.761928,
              49.564084,
              0
            ],
            [
              37.753943,
              49.56283,
              0
            ],
            [
              37.744672,
              49.563761,
              0
            ],
            [
              37.743341,
              49.56278,
              0
            ],
            [
              37.742696,
              49.558124,
              0
            ],
            [
              37.738817,
              49.553722,
              0
            ],
            [
              37.735024,
              49.551045,
              0
            ],
            [
              37.733077,
              49.55075,
              0
            ],
            [
              37.722031,
              49.552569,
              0
            ],
            [
              37.712756,
              49.552398,
              0
            ],
            [
              37.708845,
              49.552941,
              0
            ],
            [
              37.702659,
              49.553012,
              0
            ],
            [
              37.701103,
              49.551983,
              0
            ],
            [
              37.70168,
              49.549925,
              0
            ],
            [
              37.700375,
              49.546561,
              0
            ],
            [
              37.701635,
              49.544501,
              0
            ],
            [
              37.69886,
              49.542414,
              0
            ],
            [
              37.697373,
              49.54183,
              0
            ],
            [
              37.69663,
              49.540077,
              0
            ],
            [
              37.697022,
              49.538034,
              0
            ],
            [
              37.697071,
              49.536521,
              0
            ],
            [
              37.698628,
              49.533772,
              0
            ],
            [
              37.700212,
              49.529004,
              0
            ],
            [
              37.700367,
              49.526275,
              0
            ],
            [
              37.700672,
              49.524771,
              0
            ],
            [
              37.700548,
              49.523101,
              0
            ],
            [
              37.700515,
              49.519146,
              0
            ],
            [
              37.700138,
              49.516752,
              0
            ],
            [
              37.699106,
              49.512603,
              0
            ],
            [
              37.695886,
              49.506502,
              0
            ],
            [
              37.6930106,
              49.5015848,
              0
            ],
            [
              37.6934299,
              49.5010023,
              0
            ],
            [
              37.6947075,
              49.5004477,
              0
            ],
            [
              37.7077454,
              49.5025237,
              0
            ],
            [
              37.7139813,
              49.5016167,
              0
            ],
            [
              37.7233611,
              49.4936697,
              0
            ],
            [
              37.7618347,
              49.4845572,
              0
            ],
            [
              37.7628016,
              49.4836648,
              0
            ],
            [
              37.759178,
              49.4694335,
              0
            ],
            [
              37.7600534,
              49.4682648,
              0
            ],
            [
              37.7944799,
              49.4580855,
              0
            ],
            [
              37.7965209,
              49.4558553,
              0
            ],
            [
              37.7918705,
              49.4511759,
              0
            ],
            [
              37.7892805,
              49.4504579,
              0
            ],
            [
              37.7704964,
              49.4502206,
              0
            ],
            [
              37.7365769,
              49.4515915,
              0
            ],
            [
              37.733533,
              49.451197,
              0
            ],
            [
              37.7095958,
              49.4394397,
              0
            ],
            [
              37.7089246,
              49.4386956,
              0
            ],
            [
              37.7083882,
              49.4328768,
              0
            ],
            [
              37.7069076,
              49.4312162,
              0
            ],
            [
              37.6793271,
              49.4221106,
              0
            ],
            [
              37.6789487,
              49.4201622,
              0
            ],
            [
              37.6881111,
              49.4137688,
              0
            ],
            [
              37.6941622,
              49.4130988,
              0
            ],
            [
              37.7064789,
              49.4175938,
              0
            ],
            [
              37.7101696,
              49.417538,
              0
            ],
            [
              37.7120149,
              49.4169237,
              0
            ],
            [
              37.7181567,
              49.4050479,
              0
            ],
            [
              37.7312929,
              49.4020934,
              0
            ],
            [
              37.7328619,
              49.4024557,
              0
            ],
            [
              37.7375947,
              49.408166,
              0
            ],
            [
              37.7392314,
              49.40834,
              0
            ],
            [
              37.7485927,
              49.4064761,
              0
            ],
            [
              37.7588986,
              49.4031703,
              0
            ],
            [
              37.7706265,
              49.4047771,
              0
            ],
            [
              37.8217263,
              49.3906087,
              0
            ],
            [
              37.8240905,
              49.3916332,
              0
            ],
            [
              37.8265171,
              49.3973405,
              0
            ],
            [
              37.8322793,
              49.396898,
              0
            ],
            [
              37.8343875,
              49.394554,
              0
            ],
            [
              37.8415031,
              49.3942435,
              0
            ],
            [
              37.8443355,
              49.3789905,
              0
            ],
            [
              37.8500432,
              49.3768391,
              0
            ],
            [
              37.8761813,
              49.3780679,
              0
            ],
            [
              37.8920134,
              49.3777207,
              0
            ],
            [
              37.8959094,
              49.4035072,
              0
            ],
            [
              37.8809749,
              49.4149556,
              0
            ],
            [
              37.880889,
              49.4169099,
              0
            ],
            [
              37.874795,
              49.4176358,
              0
            ],
            [
              37.8792582,
              49.4355002,
              0
            ],
            [
              37.8744517,
              49.4365048,
              0
            ],
            [
              37.8761683,
              49.4467737,
              0
            ],
            [
              37.8442393,
              49.4448763,
              0
            ],
            [
              37.8505908,
              49.4886082,
              0
            ],
            [
              37.8372012,
              49.4922879,
              0
            ],
            [
              37.8454409,
              49.5017648,
              0
            ],
            [
              37.842351,
              49.5081188,
              0
            ],
            [
              37.8461276,
              49.5149178,
              0
            ],
            [
              37.8471576,
              49.5207129,
              0
            ],
            [
              37.8842806,
              49.5185513,
              0
            ],
            [
              37.9174113,
              49.5338166,
              0
            ],
            [
              37.9268526,
              49.542617,
              0
            ],
            [
              37.9280543,
              49.5480747,
              0
            ],
            [
              37.8847956,
              49.5489657,
              0
            ],
            [
              37.9007601,
              49.5733504,
              0
            ],
            [
              37.9222178,
              49.5678955,
              0
            ],
            [
              37.9241061,
              49.5702334,
              0
            ],
            [
              37.9515719,
              49.5687862,
              0
            ],
            [
              37.9515719,
              49.5727938,
              0
            ],
            [
              37.9364657,
              49.583368,
              0
            ],
            [
              37.9332041,
              49.5888212,
              0
            ],
            [
              37.9332041,
              49.5938286,
              0
            ],
            [
              37.9417872,
              49.5944963,
              0
            ],
            [
              37.9443621,
              49.6115176,
              0
            ],
            [
              37.9728579,
              49.6119625,
              0
            ],
            [
              37.9773211,
              49.6175237,
              0
            ],
            [
              37.9762911,
              49.6209713,
              0
            ],
            [
              37.9840159,
              49.6267538,
              0
            ],
            [
              37.9965472,
              49.6271986,
              0
            ],
            [
              37.9967188,
              49.6325357,
              0
            ],
            [
              37.9895091,
              49.6353152,
              0
            ],
            [
              37.9855608,
              49.6433192,
              0
            ],
            [
              37.9946589,
              49.647543,
              0
            ],
            [
              38.0470156,
              49.6571009,
              0
            ],
            [
              38.0368876,
              49.6624347,
              0
            ],
            [
              38.0329394,
              49.6592122,
              0
            ],
            [
              38.0274462,
              49.6625458,
              0
            ],
            [
              38.0320811,
              49.6674346,
              0
            ],
            [
              38.0145716,
              49.677655,
              0
            ],
            [
              38.0125117,
              49.6949804,
              0
            ],
            [
              38.0070185,
              49.6949804,
              0
            ],
            [
              37.9991221,
              49.70031,
              0
            ],
            [
              38.0176615,
              49.7047509,
              0
            ],
            [
              38.0169749,
              49.7131876,
              0
            ],
            [
              37.9974055,
              49.7134096,
              0
            ],
            [
              37.9898524,
              49.7162954,
              0
            ],
            [
              37.9730296,
              49.7083034,
              0
            ],
            [
              37.9507136,
              49.7320537,
              0
            ],
            [
              37.9678797,
              49.7593411,
              0
            ],
            [
              37.9766344,
              49.7676573,
              0
            ],
            [
              37.9802393,
              49.7653289,
              0
            ],
            [
              37.990024,
              49.7521325,
              0
            ],
            [
              38.0104517,
              49.7570123,
              0
            ],
            [
              38.0101084,
              49.7641092,
              0
            ],
            [
              38.0332827,
              49.7770807,
              0
            ],
            [
              38.0368876,
              49.7833989,
              0
            ],
            [
              38.0538821,
              49.7836206,
              0
            ],
            [
              38.055427,
              49.7917111,
              0
            ],
            [
              38.0102801,
              49.8125406,
              0
            ],
            [
              38.0198073,
              49.8345791,
              0
            ],
            [
              38.0177473,
              49.837181,
              0
            ],
            [
              38.0437125,
              49.839384,
              0
            ],
            [
              38.0732382,
              49.8360626,
              0
            ],
            [
              38.0945242,
              49.8460261,
              0
            ],
            [
              38.0704916,
              49.8626275,
              0
            ],
            [
              38.03299,
              49.900115,
              0
            ],
            [
              38.023978,
              49.907412,
              0
            ],
            [
              38.012648,
              49.918466,
              0
            ],
            [
              38.019918,
              49.920649,
              0
            ],
            [
              38.017405,
              49.924684,
              0
            ],
            [
              38.044212,
              49.932996,
              0
            ],
            [
              38.024992,
              49.951303,
              0
            ],
            [
              38.004694,
              49.967618,
              0
            ],
            [
              37.999365,
              49.96329,
              0
            ],
            [
              37.980226,
              49.977024,
              0
            ],
            [
              37.964813,
              49.978802,
              0
            ],
            [
              37.9611608,
              49.9859657,
              0
            ],
            [
              37.949523,
              49.999052,
              0
            ],
            [
              37.939862,
              50.015425,
              0
            ]
          ]
        ]
      },
      "properties": {
        "name": "Оккупировано / Окуповано / Occupied",
        "styleUrl": "#poly-A52714-2101-69-nodesc",
        "fill-opacity": 0.27058823529411763,
        "fill": "#a52714",
        "stroke-opacity": 1,
        "stroke": "#a52714",
        "stroke-width": 2.101
      }
    },
    {
      "type": "Feature",
      "geometry": {
        "type": "Polygon",
        "coordinates": [
          [
            [
              36.8951625,
              48.0775469,
              0
            ],
            [
              36.8943042,
              48.0831665,
              0
            ],
            [
              36.8921155,
              48.0823923,
              0
            ],
            [
              36.8658513,
              48.0836252,
              0
            ],
            [
              36.8506892,
              48.0793214,
              0
            ],
            [
              36.8396484,
              48.0779979,
              0
            ],
            [
              36.8284021,
              48.0696685,
              0
            ],
            [
              36.8247109,
              48.0640916,
              0
            ],
            [
              36.8221356,
              48.0629752,
              0
            ],
            [
              36.8046261,
              48.0605947,
              0
            ],
            [
              36.8014076,
              48.061326,
              0
            ],
            [
              36.7999913,
              48.0667037,
              0
            ],
            [
              36.78967,
              48.0694213,
              0
            ],
            [
              36.7769614,
              48.0670582,
              0
            ],
            [
              36.7619954,
              48.0550603,
              0
            ],
            [
              36.7643947,
              48.0553483,
              0
            ],
            [
              36.7721832,
              48.0499925,
              0
            ],
            [
              36.7728254,
              48.0478876,
              0
            ],
            [
              36.7747957,
              48.0472353,
              0
            ],
            [
              36.7782202,
              48.0486269,
              0
            ],
            [
              36.7829166,
              48.0475987,
              0
            ],
            [
              36.7866689,
              48.0501852,
              0
            ],
            [
              36.7945056,
              48.0482985,
              0
            ],
            [
              36.7997581,
              48.0511524,
              0
            ],
            [
              36.803971,
              48.051167,
              0
            ],
            [
              36.804532,
              48.047453,
              0
            ],
            [
              36.808055,
              48.046393,
              0
            ],
            [
              36.808494,
              48.044331,
              0
            ],
            [
              36.8102714,
              48.0422433,
              0
            ],
            [
              36.8186329,
              48.0405926,
              0
            ],
            [
              36.8271757,
              48.0359243,
              0
            ],
            [
              36.8352595,
              48.0355753,
              0
            ],
            [
              36.8395259,
              48.0381326,
              0
            ],
            [
              36.8436143,
              48.0381414,
              0
            ],
            [
              36.8532398,
              48.0325513,
              0
            ],
            [
              36.8566731,
              48.0341583,
              0
            ],
            [
              36.8584755,
              48.0518326,
              0
            ],
            [
              36.8770149,
              48.0516031,
              0
            ],
            [
              36.8783948,
              48.0619941,
              0
            ],
            [
              36.8813131,
              48.0619367,
              0
            ],
            [
              36.8951625,
              48.0775469,
              0
            ]
          ]
        ]
      },
      "properties": {
        "name": "Оккупировано / Окуповано / Occupied",
        "styleUrl": "#poly-A52714-1901-69-nodesc",
        "fill-opacity": 0.27058823529411763,
        "fill": "#a52714",
        "stroke-opacity": 1,
        "stroke": "#a52714",
        "stroke-width": 1.901
      }
    },
    {
      "type": "Feature",
      "geometry": {
        "type": "Polygon",
        "coordinates": [
          [
            [
              31.8564147,
              46.5163528,
              0
            ],
            [
              31.7838982,
              46.5357949,
              0
            ],
            [
              31.7605523,
              46.5483106,
              0
            ],
            [
              31.749566,
              46.5497272,
              0
            ],
            [
              31.6592721,
              46.5395735,
              0
            ],
            [
              31.6204766,
              46.5431157,
              0
            ],
            [
              31.5830544,
              46.5405181,
              0
            ],
            [
              31.5665749,
              46.5433519,
              0
            ],
            [
              31.5373925,
              46.556574,
              0
            ],
            [
              31.5164498,
              46.5792332,
              0
            ],
            [
              31.5125016,
              46.5799411,
              0
            ],
            [
              31.5090684,
              46.5779352,
              0
            ],
            [
              31.5272645,
              46.5501995,
              0
            ],
            [
              31.6144685,
              46.4970488,
              0
            ],
            [
              31.7157487,
              46.4152135,
              0
            ],
            [
              31.7487076,
              46.3692751,
              0
            ],
            [
              31.7428712,
              46.3555335,
              0
            ],
            [
              31.7667555,
              46.3520424,
              0
            ],
            [
              31.781175,
              46.3463549,
              0
            ],
            [
              31.8100142,
              46.3662588,
              0
            ],
            [
              31.802266,
              46.41403,
              0
            ],
            [
              31.8081778,
              46.4844488,
              0
            ],
            [
              31.8054312,
              46.4852761,
              0
            ],
            [
              31.8066329,
              46.4890583,
              0
            ],
            [
              31.8122977,
              46.4902401,
              0
            ],
            [
              31.8273181,
              46.4991624,
              0
            ],
            [
              31.8468016,
              46.498217,
              0
            ],
            [
              31.8505782,
              46.498867,
              0
            ],
            [
              31.8534964,
              46.50637,
              0
            ],
            [
              31.8605345,
              46.5111549,
              0
            ],
            [
              31.8600196,
              46.5126316,
              0
            ],
            [
              31.8543547,
              46.512986,
              0
            ],
            [
              31.8564147,
              46.5163528,
              0
            ]
          ]
        ]
      },
      "properties": {
        "name": "Оккупировано / Окуповано / Occupied",
        "styleUrl": "#poly-A52714-1-102-nodesc",
        "fill-opacity": 0.4,
        "fill": "#a52714",
        "stroke-opacity": 1,
        "stroke": "#a52714",
        "stroke-width": 0.001
      }
    },
    {
      "type": "Feature",
      "geometry": {
        "type": "Polygon",
        "coordinates": [
          [
            [
              36.5742781,
              45.2513155,
              0
            ],
            [
              36.5416624,
              45.2803119,
              0
            ],
            [
              36.5207197,
              45.2928725,
              0
            ],
            [
              36.4956572,
              45.3216063,
              0
            ],
            [
              36.4740279,
              45.328365,
              0
            ],
            [
              36.4729979,
              45.3418802,
              0
            ],
            [
              36.4832976,
              45.3580458,
              0
            ],
            [
              36.5093901,
              45.3580458,
              0
            ],
            [
              36.535826,
              45.3474301,
              0
            ],
            [
              36.5591719,
              45.3474301,
              0
            ],
            [
              36.5989973,
              45.3467062,
              0
            ],
            [
              36.611357,
              45.3565984,
              0
            ],
            [
              36.6288664,
              45.3626293,
              0
            ],
            [
              36.6309264,
              45.3739657,
              0
            ],
            [
              36.6443159,
              45.3792713,
              0
            ],
            [
              36.6453459,
              45.3843353,
              0
            ],
            [
              36.6347029,
              45.3932565,
              0
            ],
            [
              36.6082671,
              45.4086844,
              0
            ],
            [
              36.6144469,
              45.4221804,
              0
            ],
            [
              36.5876677,
              45.4453088,
              0
            ],
            [
              36.5698149,
              45.4404912,
              0
            ],
            [
              36.5643217,
              45.4255539,
              0
            ],
            [
              36.5354826,
              45.4250719,
              0
            ],
            [
              36.5183165,
              45.4327821,
              0
            ],
            [
              36.4881041,
              45.4515711,
              0
            ],
            [
              36.4675047,
              45.4578327,
              0
            ],
            [
              36.4420988,
              45.4578327,
              0
            ],
            [
              36.4283659,
              45.4462723,
              0
            ],
            [
              36.40296,
              45.450126,
              0
            ],
            [
              36.3617613,
              45.4713169,
              0
            ],
            [
              36.3377287,
              45.4823909,
              0
            ],
            [
              36.3267424,
              45.473243,
              0
            ],
            [
              36.2937834,
              45.481428,
              0
            ],
            [
              36.2086394,
              45.4737245,
              0
            ],
            [
              36.1317351,
              45.4650568,
              0
            ],
            [
              36.0726836,
              45.4438636,
              0
            ],
            [
              36.0726836,
              45.4188067,
              0
            ],
            [
              36.0644438,
              45.3961496,
              0
            ],
            [
              36.0074522,
              45.3710715,
              0
            ],
            [
              35.938101,
              45.3802359,
              0
            ],
            [
              35.8914091,
              45.4053099,
              0
            ],
            [
              35.8440306,
              45.4395276,
              0
            ],
            [
              35.8443661,
              45.4496428,
              0
            ],
            [
              35.8538074,
              45.453135,
              0
            ],
            [
              35.8680553,
              45.4574699,
              0
            ],
            [
              35.8713169,
              45.4678242,
              0
            ],
            [
              35.8629055,
              45.4714358,
              0
            ],
            [
              35.8373279,
              45.4703523,
              0
            ],
            [
              35.8208485,
              45.4602393,
              0
            ],
            [
              35.8215351,
              45.4492815,
              0
            ],
            [
              35.8285732,
              45.446632,
              0
            ],
            [
              35.8242817,
              45.4348283,
              0
            ],
            [
              35.8036823,
              45.4226607,
              0
            ],
            [
              35.7473774,
              45.3925317,
              0
            ],
            [
              35.7528705,
              45.3852983,
              0
            ],
            [
              35.7621403,
              45.381199,
              0
            ],
            [
              35.7566471,
              45.3633514,
              0
            ],
            [
              35.726778,
              45.3508065,
              0
            ],
            [
              35.728838,
              45.3426025,
              0
            ],
            [
              35.7157917,
              45.3324666,
              0
            ],
            [
              35.694849,
              45.332708,
              0
            ],
            [
              35.6024952,
              45.3124308,
              0
            ],
            [
              35.5719395,
              45.2996331,
              0
            ],
            [
              35.5317707,
              45.2851417,
              0
            ],
            [
              35.4610203,
              45.3072075,
              0
            ],
            [
              35.3470371,
              45.3786348,
              0
            ],
            [
              35.1904819,
              45.527473,
              0
            ],
            [
              35.1067112,
              45.5967003,
              0
            ],
            [
              34.9748752,
              45.7636474,
              0
            ],
            [
              34.9515293,
              45.7598152,
              0
            ],
            [
              34.8718784,
              45.7895084,
              0
            ],
            [
              34.7949741,
              45.8057851,
              0
            ],
            [
              34.8032139,
              45.9014339,
              0
            ],
            [
              34.7510288,
              45.9129007,
              0
            ],
            [
              34.6713779,
              45.9673357,
              0
            ],
            [
              34.5807407,
              45.9978723,
              0
            ],
            [
              34.5505283,
              45.9931021,
              0
            ],
            [
              34.5271824,
              45.9625629,
              0
            ],
            [
              34.4942234,
              45.9434673,
              0
            ],
            [
              34.4612644,
              45.9491967,
              0
            ],
            [
              34.4104526,
              45.9892856,
              0
            ],
            [
              34.3898533,
              46.0341126,
              0
            ],
            [
              34.3253086,
              46.0646123,
              0
            ],
            [
              34.2511509,
              46.055083,
              0
            ],
            [
              34.1715,
              46.066518,
              0
            ],
            [
              34.1138218,
              46.1093783,
              0
            ],
            [
              34.0602634,
              46.1188983,
              0
            ],
            [
              34.0382908,
              46.1084262,
              0
            ],
            [
              33.9052429,
              46.1647492,
              0
            ],
            [
              33.8515232,
              46.2007022,
              0
            ],
            [
              33.7795867,
              46.20088,
              0
            ],
            [
              33.7380447,
              46.1859076,
              0
            ],
            [
              33.6443176,
              46.2301001,
              0
            ],
            [
              33.6136826,
              46.2270967,
              0
            ],
            [
              33.6345432,
              46.140788,
              0
            ],
            [
              33.601323,
              46.1277272,
              0
            ],
            [
              33.5933445,
              46.0760454,
              0
            ],
            [
              33.5480259,
              46.0055038,
              0
            ],
            [
              33.6180637,
              45.9635175,
              0
            ],
            [
              33.6043308,
              45.9406024,
              0
            ],
            [
              33.6084507,
              45.9004783,
              0
            ],
            [
              33.5329197,
              45.8909206,
              0
            ],
            [
              33.402457,
              45.825885,
              0
            ],
            [
              33.2912205,
              45.7722691,
              0
            ],
            [
              33.2307957,
              45.7511916,
              0
            ],
            [
              33.1772373,
              45.7847202,
              0
            ],
            [
              33.1841038,
              45.8153574,
              0
            ],
            [
              33.1566379,
              45.7962111,
              0
            ],
            [
              33.1648777,
              45.7464002,
              0
            ],
            [
              33.1305454,
              45.7224367,
              0
            ],
            [
              32.9877231,
              45.6735195,
              0
            ],
            [
              32.831168,
              45.5957394,
              0
            ],
            [
              32.7460239,
              45.5476731,
              0
            ],
            [
              32.5592563,
              45.4697184,
              0
            ],
            [
              32.4768589,
              45.3955132,
              0
            ],
            [
              32.5098179,
              45.3742938,
              0
            ],
            [
              32.4974583,
              45.3434151,
              0
            ],
            [
              32.65676,
              45.3163823,
              0
            ],
            [
              32.7061985,
              45.3472758,
              0
            ],
            [
              32.8133152,
              45.3694701,
              0
            ],
            [
              32.9272983,
              45.3540315,
              0
            ],
            [
              33.057761,
              45.2777417,
              0
            ],
            [
              33.123679,
              45.230371,
              0
            ],
            [
              33.1895969,
              45.1771528,
              0
            ],
            [
              33.2761143,
              45.1442294,
              0
            ],
            [
              33.3530186,
              45.1752167,
              0
            ],
            [
              33.4312961,
              45.1848967,
              0
            ],
            [
              33.5068272,
              45.1287294,
              0
            ],
            [
              33.5782383,
              45.0511664,
              0
            ],
            [
              33.6043308,
              44.9705835,
              0
            ],
            [
              33.5947178,
              44.8626387,
              0
            ],
            [
              33.5603855,
              44.8431677,
              0
            ],
            [
              33.5480259,
              44.8071288,
              0
            ],
            [
              33.5301731,
              44.775942,
              0
            ],
            [
              33.5397861,
              44.6822802,
              0
            ],
            [
              33.510947,
              44.6275741,
              0
            ],
            [
              33.4120701,
              44.5982461,
              0
            ],
            [
              33.3887216,
              44.5887111,
              0
            ],
            [
              33.3846043,
              44.5762403,
              0
            ],
            [
              33.421023,
              44.5407681,
              0
            ],
            [
              33.4752415,
              44.5082144,
              0
            ],
            [
              33.510947,
              44.500379,
              0
            ],
            [
              33.5754917,
              44.4847049,
              0
            ],
            [
              33.6208103,
              44.4905832,
              0
            ],
            [
              33.6482761,
              44.4229476,
              0
            ],
            [
              33.7087009,
              44.4170625,
              0
            ],
            [
              33.7334202,
              44.3807582,
              0
            ],
            [
              33.8007114,
              44.3935163,
              0
            ],
            [
              33.8844822,
              44.4013661,
              0
            ],
            [
              33.9558933,
              44.3905724,
              0
            ],
            [
              34.0382908,
              44.4052906,
              0
            ],
            [
              34.1042087,
              44.4229476,
              0
            ],
            [
              34.1454075,
              44.449423,
              0
            ],
            [
              34.1646335,
              44.4837252,
              0
            ],
            [
              34.2648838,
              44.5091937,
              0
            ],
            [
              34.2923496,
              44.5483544,
              0
            ],
            [
              34.3527744,
              44.5454183,
              0
            ],
            [
              34.355521,
              44.5894448,
              0
            ],
            [
              34.3898533,
              44.6177998,
              0
            ],
            [
              34.440665,
              44.6969248,
              0
            ],
            [
              34.5546482,
              44.7486396,
              0
            ],
            [
              34.7345493,
              44.8090775,
              0
            ],
            [
              34.8581455,
              44.8168713,
              0
            ],
            [
              34.959769,
              44.8324558,
              0
            ],
            [
              35.0284336,
              44.8168713,
              0
            ],
            [
              35.0778721,
              44.7973847,
              0
            ],
            [
              35.134177,
              44.824664,
              0
            ],
            [
              35.1534031,
              44.8869683,
              0
            ],
            [
              35.233054,
              44.9093424,
              0
            ],
            [
              35.2536533,
              44.9676687,
              0
            ],
            [
              35.3072117,
              44.960867,
              0
            ],
            [
              35.3896091,
              44.9472612,
              0
            ],
            [
              35.3593967,
              44.9793269,
              0
            ],
            [
              35.4253147,
              45.0036071,
              0
            ],
            [
              35.3868626,
              45.0375821,
              0
            ],
            [
              35.4445408,
              45.088022,
              0
            ],
            [
              35.5461643,
              45.1238848,
              0
            ],
            [
              35.6326816,
              45.1161326,
              0
            ],
            [
              35.7741306,
              45.0618376,
              0
            ],
            [
              35.8359287,
              44.9977807,
              0
            ],
            [
              35.9320591,
              45.019141,
              0
            ],
            [
              36.0474155,
              45.0434043,
              0
            ],
            [
              36.1984775,
              45.0288476,
              0
            ],
            [
              36.2767551,
              45.0550471,
              0
            ],
            [
              36.379752,
              45.0560172,
              0
            ],
            [
              36.4566563,
              45.0928696,
              0
            ],
            [
              36.4236973,
              45.1413235,
              0
            ],
            [
              36.4030979,
              45.2032843,
              0
            ],
            [
              36.4333103,
              45.2748425,
              0
            ],
            [
              36.4676426,
              45.3009292,
              0
            ],
            [
              36.5100044,
              45.2948076,
              0
            ],
            [
              36.5367836,
              45.2757249,
              0
            ],
            [
              36.5587562,
              45.2542188,
              0
            ],
            [
              36.5742781,
              45.2513155,
              0
            ]
          ]
        ]
      },
      "properties": {
        "name": "Оккупировано / Окуповано / Occupied",
        "styleUrl": "#poly-A52714-1601-69-nodesc",
        "fill-opacity": 0.27058823529411763,
        "fill": "#a52714",
        "stroke-opacity": 1,
        "stroke": "#a52714",
        "stroke-width": 1.601
      }
    },
    {
      "type": "Feature",
      "geometry": {
        "type": "Polygon",
        "coordinates": [
          [
            [
              35.325916,
              51.074121,
              0
            ],
            [
              35.32804,
              51.077074,
              0
            ],
            [
              35.312591,
              51.077262,
              0
            ],
            [
              35.311776,
              51.078759,
              0
            ],
            [
              35.304308,
              51.078705,
              0
            ],
            [
              35.303686,
              51.077909,
              0
            ],
            [
              35.303793,
              51.077181,
              0
            ],
            [
              35.304973,
              51.076521,
              0
            ],
            [
              35.304952,
              51.075766,
              0
            ],
            [
              35.304051,
              51.07431,
              0
            ],
            [
              35.303622,
              51.074067,
              0
            ],
            [
              35.301819,
              51.074054,
              0
            ],
            [
              35.301111,
              51.073757,
              0
            ],
            [
              35.301111,
              51.072988,
              0
            ],
            [
              35.301368,
              51.072206,
              0
            ],
            [
              35.301326,
              51.071964,
              0
            ],
            [
              35.300832,
              51.07195,
              0
            ],
            [
              35.298515,
              51.072463,
              0
            ],
            [
              35.298042,
              51.072314,
              0
            ],
            [
              35.298214,
              51.070791,
              0
            ],
            [
              35.298479,
              51.070809,
              0
            ],
            [
              35.315402,
              51.073959,
              0
            ],
            [
              35.325916,
              51.074121,
              0
            ]
          ]
        ]
      },
      "properties": {
        "name": "Оккупировано / Окуповано / Occupied",
        "styleUrl": "#poly-A52714-1801-69-nodesc",
        "fill-opacity": 0.27058823529411763,
        "fill": "#a52714",
        "stroke-opacity": 1,
        "stroke": "#a52714",
        "stroke-width": 1.801
      }
    },
    {
      "type": "Feature",
      "geometry": {
        "type": "Polygon",
        "coordinates": [
          [
            [
              34.7501,
              51.180007,
              0
            ],
            [
              34.7367386,
              51.1793928,
              0
            ],
            [
              34.748212,
              51.160175,
              0
            ],
            [
              34.748868,
              51.159759,
              0
            ],
            [
              34.778257,
              51.160437,
              0
            ],
            [
              34.7843866,
              51.159497,
              0
            ],
            [
              34.7950726,
              51.1536063,
              0
            ],
            [
              34.8105221,
              51.1502145,
              0
            ],
            [
              34.8121529,
              51.14903,
              0
            ],
            [
              34.8131829,
              51.1351369,
              0
            ],
            [
              34.819461,
              51.1278326,
              0
            ],
            [
              34.8296251,
              51.1217735,
              0
            ],
            [
              34.863525,
              51.11914,
              0
            ],
            [
              34.864298,
              51.119517,
              0
            ],
            [
              34.8658,
              51.122857,
              0
            ],
            [
              34.880305,
              51.13083,
              0
            ],
            [
              34.9009472,
              51.1303718,
              0
            ],
            [
              34.9124586,
              51.1428561,
              0
            ],
            [
              34.9139178,
              51.1429369,
              0
            ],
            [
              34.9299252,
              51.1389789,
              0
            ],
            [
              34.932543,
              51.1277222,
              0
            ],
            [
              34.9387785,
              51.1251016,
              0
            ],
            [
              34.9466214,
              51.1249423,
              0
            ],
            [
              34.9633893,
              51.1197179,
              0
            ],
            [
              34.9709424,
              51.1204721,
              0
            ],
            [
              34.9872931,
              51.1172934,
              0
            ],
            [
              34.9963054,
              51.100642,
              0
            ],
            [
              34.9995659,
              51.0998021,
              0
            ],
            [
              35.0151006,
              51.1063881,
              0
            ],
            [
              35.0424822,
              51.1048862,
              0
            ],
            [
              35.0804168,
              51.1221569,
              0
            ],
            [
              35.1143202,
              51.1217802,
              0
            ],
            [
              35.141743,
              51.133926,
              0
            ],
            [
              35.142258,
              51.13565,
              0
            ],
            [
              35.143996,
              51.136848,
              0
            ],
            [
              35.143695,
              51.138585,
              0
            ],
            [
              35.143073,
              51.139178,
              0
            ],
            [
              35.143459,
              51.139716,
              0
            ],
            [
              35.142987,
              51.14086,
              0
            ],
            [
              35.14155,
              51.141372,
              0
            ],
            [
              35.140648,
              51.142395,
              0
            ],
            [
              35.139146,
              51.142758,
              0
            ],
            [
              35.138095,
              51.143391,
              0
            ],
            [
              35.138288,
              51.143903,
              0
            ],
            [
              35.137923,
              51.14432,
              0
            ],
            [
              35.137322,
              51.144468,
              0
            ],
            [
              35.136571,
              51.144428,
              0
            ],
            [
              35.136121,
              51.144697,
              0
            ],
            [
              35.136421,
              51.145114,
              0
            ],
            [
              35.136228,
              51.147214,
              0
            ],
            [
              35.135327,
              51.147685,
              0
            ],
            [
              35.136014,
              51.14887,
              0
            ],
            [
              35.140069,
              51.150431,
              0
            ],
            [
              35.14067,
              51.150902,
              0
            ],
            [
              35.140691,
              51.151347,
              0
            ],
            [
              35.137752,
              51.153702,
              0
            ],
            [
              35.134018,
              51.155169,
              0
            ],
            [
              35.132473,
              51.155532,
              0
            ],
            [
              35.131615,
              51.156326,
              0
            ],
            [
              35.129169,
              51.157443,
              0
            ],
            [
              35.126014,
              51.159583,
              0
            ],
            [
              35.123053,
              51.165289,
              0
            ],
            [
              35.134297,
              51.170967,
              0
            ],
            [
              35.130896,
              51.173752,
              0
            ],
            [
              35.130274,
              51.194357,
              0
            ],
            [
              35.133532,
              51.195849,
              0
            ],
            [
              35.138554,
              51.20034,
              0
            ],
            [
              35.143188,
              51.203029,
              0
            ],
            [
              35.143188,
              51.205126,
              0
            ],
            [
              35.142566,
              51.206282,
              0
            ],
            [
              35.139111,
              51.207895,
              0
            ],
            [
              35.137073,
              51.209361,
              0
            ],
            [
              35.136708,
              51.210463,
              0
            ],
            [
              35.138618,
              51.216955,
              0
            ],
            [
              35.140334,
              51.218192,
              0
            ],
            [
              35.144969,
              51.219482,
              0
            ],
            [
              35.14557,
              51.220234,
              0
            ],
            [
              35.150044,
              51.221125,
              0
            ],
            [
              35.150248,
              51.223487,
              0
            ],
            [
              35.119627,
              51.231454,
              0
            ],
            [
              35.117641,
              51.229582,
              0
            ],
            [
              35.113983,
              51.231037,
              0
            ],
            [
              35.105143,
              51.232636,
              0
            ],
            [
              35.084968,
              51.230192,
              0
            ],
            [
              35.074651,
              51.232045,
              0
            ],
            [
              35.068815,
              51.23011,
              0
            ],
            [
              35.061262,
              51.221752,
              0
            ],
            [
              35.063258,
              51.218314,
              0
            ],
            [
              35.062549,
              51.216026,
              0
            ],
            [
              35.056841,
              51.21315,
              0
            ],
            [
              35.055296,
              51.210838,
              0
            ],
            [
              35.045769,
              51.207343,
              0
            ],
            [
              35.043709,
              51.20581,
              0
            ],
            [
              35.038731,
              51.20417,
              0
            ],
            [
              35.037873,
              51.21772,
              0
            ],
            [
              35.0371,
              51.218123,
              0
            ],
            [
              35.031693,
              51.219709,
              0
            ],
            [
              35.027745,
              51.219467,
              0
            ],
            [
              35.022852,
              51.220838,
              0
            ],
            [
              35.021737,
              51.223096,
              0
            ],
            [
              35.020192,
              51.224493,
              0
            ],
            [
              35.013392,
              51.228267,
              0
            ],
            [
              35.011823,
              51.230755,
              0
            ],
            [
              35.00573,
              51.231855,
              0
            ],
            [
              35.000028,
              51.229066,
              0
            ],
            [
              34.998655,
              51.229523,
              0
            ],
            [
              34.994964,
              51.22869,
              0
            ],
            [
              34.982262,
              51.231861,
              0
            ],
            [
              34.981918,
              51.232372,
              0
            ],
            [
              34.982948,
              51.233474,
              0
            ],
            [
              34.979472,
              51.234952,
              0
            ],
            [
              34.975996,
              51.23385,
              0
            ],
            [
              34.968357,
              51.231808,
              0
            ],
            [
              34.96531,
              51.23162,
              0
            ],
            [
              34.963722,
              51.230491,
              0
            ],
            [
              34.956384,
              51.228206,
              0
            ],
            [
              34.954281,
              51.228287,
              0
            ],
            [
              34.950547,
              51.227132,
              0
            ],
            [
              34.949818,
              51.225492,
              0
            ],
            [
              34.952435,
              51.222132,
              0
            ],
            [
              34.952521,
              51.219794,
              0
            ],
            [
              34.951277,
              51.218907,
              0
            ],
            [
              34.941964,
              51.218665,
              0
            ],
            [
              34.93956,
              51.217673,
              0
            ],
            [
              34.939389,
              51.211434,
              0
            ],
            [
              34.936557,
              51.208584,
              0
            ],
            [
              34.930677,
              51.205626,
              0
            ],
            [
              34.923951,
              51.205297,
              0
            ],
            [
              34.911813,
              51.206223,
              0
            ],
            [
              34.907417,
              51.205142,
              0
            ],
            [
              34.90437,
              51.203395,
              0
            ],
            [
              34.90437,
              51.201943,
              0
            ],
            [
              34.9054,
              51.200034,
              0
            ],
            [
              34.904027,
              51.197936,
              0
            ],
            [
              34.900937,
              51.196376,
              0
            ],
            [
              34.898405,
              51.193041,
              0
            ],
            [
              34.891968,
              51.19444,
              0
            ],
            [
              34.884111,
              51.195855,
              0
            ],
            [
              34.880166,
              51.194682,
              0
            ],
            [
              34.876432,
              51.191212,
              0
            ],
            [
              34.872484,
              51.191723,
              0
            ],
            [
              34.863257,
              51.198393,
              0
            ],
            [
              34.86197,
              51.198904,
              0
            ],
            [
              34.845748,
              51.191212,
              0
            ],
            [
              34.847078,
              51.18898,
              0
            ],
            [
              34.838624,
              51.184246,
              0
            ],
            [
              34.833345,
              51.183008,
              0
            ],
            [
              34.833289,
              51.180177,
              0
            ],
            [
              34.83492,
              51.177863,
              0
            ],
            [
              34.834662,
              51.169414,
              0
            ],
            [
              34.815608,
              51.169199,
              0
            ],
            [
              34.81329,
              51.171567,
              0
            ],
            [
              34.808742,
              51.172374,
              0
            ],
            [
              34.808312,
              51.173935,
              0
            ],
            [
              34.809256,
              51.175388,
              0
            ],
            [
              34.808613,
              51.176518,
              0
            ],
            [
              34.803463,
              51.175899,
              0
            ],
            [
              34.800716,
              51.175307,
              0
            ],
            [
              34.797541,
              51.176114,
              0
            ],
            [
              34.795395,
              51.178132,
              0
            ],
            [
              34.789773,
              51.180338,
              0
            ],
            [
              34.789387,
              51.18241,
              0
            ],
            [
              34.78428,
              51.184804,
              0
            ],
            [
              34.780417,
              51.180903,
              0
            ],
            [
              34.77913,
              51.17719,
              0
            ],
            [
              34.772178,
              51.174742,
              0
            ],
            [
              34.769517,
              51.174742,
              0
            ],
            [
              34.759861,
              51.177002,
              0
            ],
            [
              34.755012,
              51.18015,
              0
            ],
            [
              34.752952,
              51.180715,
              0
            ],
            [
              34.7501,
              51.180007,
              0
            ]
          ]
        ]
      },
      "properties": {
        "name": "Оккупировано / Окуповано / Occupied",
        "styleUrl": "#poly-A52714-2001-69-nodesc",
        "fill-opacity": 0.27058823529411763,
        "fill": "#a52714",
        "stroke-opacity": 1,
        "stroke": "#a52714",
        "stroke-width": 2.001
      }
    },
    {
      "type": "Feature",
      "geometry": {
        "type": "Polygon",
        "coordinates": [
          [
            [
              35.887396,
              50.4371218,
              0
            ],
            [
              35.8898422,
              50.4355501,
              0
            ],
            [
              35.8950135,
              50.4354681,
              0
            ],
            [
              35.8979103,
              50.4360558,
              0
            ],
            [
              35.902867,
              50.4350854,
              0
            ],
            [
              35.9032103,
              50.4347027,
              0
            ],
            [
              35.9029313,
              50.4341014,
              0
            ],
            [
              35.9033176,
              50.4336913,
              0
            ],
            [
              35.9130165,
              50.4316958,
              0
            ],
            [
              35.9230157,
              50.4319008,
              0
            ],
            [
              35.9248182,
              50.4316958,
              0
            ],
            [
              35.9263846,
              50.4310944,
              0
            ],
            [
              35.934045,
              50.4290167,
              0
            ],
            [
              35.9355685,
              50.4288663,
              0
            ],
            [
              35.9409543,
              50.4307116,
              0
            ],
            [
              35.9424564,
              50.4316274,
              0
            ],
            [
              35.9425851,
              50.4322425,
              0
            ],
            [
              35.9416624,
              50.4332129,
              0
            ],
            [
              35.9409543,
              50.4335546,
              0
            ],
            [
              35.9385511,
              50.433705,
              0
            ],
            [
              35.937328,
              50.433377,
              0
            ],
            [
              35.9376069,
              50.4315728,
              0
            ],
            [
              35.9363195,
              50.4305203,
              0
            ],
            [
              35.9348604,
              50.4299735,
              0
            ],
            [
              35.9335514,
              50.4304793,
              0
            ],
            [
              35.9321567,
              50.4307526,
              0
            ],
            [
              35.9321996,
              50.4313951,
              0
            ],
            [
              35.9316417,
              50.4321742,
              0
            ],
            [
              35.9303757,
              50.4325979,
              0
            ],
            [
              35.9297534,
              50.4332676,
              0
            ],
            [
              35.9277793,
              50.4339784,
              0
            ],
            [
              35.9279295,
              50.4345387,
              0
            ],
            [
              35.9274146,
              50.4349624,
              0
            ],
            [
              35.9232303,
              50.4360285,
              0
            ],
            [
              35.9220716,
              50.4370125,
              0
            ],
            [
              35.9211918,
              50.4372995,
              0
            ],
            [
              35.9202477,
              50.4368758,
              0
            ],
            [
              35.9187457,
              50.4357961,
              0
            ],
            [
              35.9177586,
              50.4356595,
              0
            ],
            [
              35.9134027,
              50.4349761,
              0
            ],
            [
              35.9129092,
              50.4345387,
              0
            ],
            [
              35.9118792,
              50.4344567,
              0
            ],
            [
              35.9106561,
              50.4352358,
              0
            ],
            [
              35.9090039,
              50.4353998,
              0
            ],
            [
              35.9087893,
              50.4358781,
              0
            ],
            [
              35.9091326,
              50.4362062,
              0
            ],
            [
              35.9090039,
              50.4365068,
              0
            ],
            [
              35.9086176,
              50.4366025,
              0
            ],
            [
              35.9087678,
              50.4371082,
              0
            ],
            [
              35.907695,
              50.4372722,
              0
            ],
            [
              35.9070083,
              50.4380375,
              0
            ],
            [
              35.9048625,
              50.4386252,
              0
            ],
            [
              35.9034249,
              50.4384885,
              0
            ],
            [
              35.9030386,
              50.4381742,
              0
            ],
            [
              35.9014937,
              50.4381332,
              0
            ],
            [
              35.9006998,
              50.4388165,
              0
            ],
            [
              35.8987686,
              50.4387482,
              0
            ],
            [
              35.8978673,
              50.4388712,
              0
            ],
            [
              35.8957001,
              50.4385979,
              0
            ],
            [
              35.8948847,
              50.4379419,
              0
            ],
            [
              35.893962,
              50.4376275,
              0
            ],
            [
              35.892696,
              50.4376275,
              0
            ],
            [
              35.8922025,
              50.4379829,
              0
            ],
            [
              35.8911082,
              50.4379282,
              0
            ],
            [
              35.8905074,
              50.4380102,
              0
            ],
            [
              35.8901211,
              50.4384612,
              0
            ],
            [
              35.8893486,
              50.4388302,
              0
            ],
            [
              35.887396,
              50.4371218,
              0
            ]
          ]
        ]
      },
      "properties": {
        "name": "Оккупировано / Окуповано / Occupied",
        "styleUrl": "#poly-A52714-1701-69-nodesc",
        "fill-opacity": 0.27058823529411763,
        "fill": "#a52714",
        "stroke-opacity": 1,
        "stroke": "#a52714",
        "stroke-width": 1.701
      }
    },
    {
      "type": "Feature",
      "geometry": {
        "type": "Polygon",
        "coordinates": [
          [
            [
              35.4636757,
              50.7349595,
              0
            ],
            [
              35.4522661,
              50.7295443,
              0
            ],
            [
              35.4514078,
              50.7270994,
              0
            ],
            [
              35.4522661,
              50.719275,
              0
            ],
            [
              35.4425672,
              50.7093294,
              0
            ],
            [
              35.4429964,
              50.7050897,
              0
            ],
            [
              35.4469446,
              50.7022087,
              0
            ],
            [
              35.4481462,
              50.6959568,
              0
            ],
            [
              35.4595129,
              50.6890613,
              0
            ],
            [
              35.4608862,
              50.69091,
              0
            ],
            [
              35.4631178,
              50.6924053,
              0
            ],
            [
              35.46358,
              50.6942178,
              0
            ],
            [
              35.4602854,
              50.6966461,
              0
            ],
            [
              35.4606287,
              50.6992013,
              0
            ],
            [
              35.4619161,
              50.7015389,
              0
            ],
            [
              35.4617016,
              50.7030067,
              0
            ],
            [
              35.4600767,
              50.7039754,
              0
            ],
            [
              35.4595773,
              50.7046103,
              0
            ],
            [
              35.4599635,
              50.7060507,
              0
            ],
            [
              35.4615095,
              50.7063589,
              0
            ],
            [
              35.4618732,
              50.7077901,
              0
            ],
            [
              35.4624097,
              50.7077765,
              0
            ],
            [
              35.4626457,
              50.7082793,
              0
            ],
            [
              35.4660419,
              50.7082016,
              0
            ],
            [
              35.467581,
              50.7113502,
              0
            ],
            [
              35.4671947,
              50.7167306,
              0
            ],
            [
              35.4695551,
              50.7186869,
              0
            ],
            [
              35.4699842,
              50.7196379,
              0
            ],
            [
              35.4721729,
              50.7221103,
              0
            ],
            [
              35.4724304,
              50.7236046,
              0
            ],
            [
              35.4735033,
              50.7252618,
              0
            ],
            [
              35.4636757,
              50.7349595,
              0
            ]
          ]
        ]
      },
      "properties": {
        "name": "Оккупировано / Окуповано / Occupied",
        "styleUrl": "#poly-A52714-2301-74-nodesc",
        "fill-opacity": 0.2901960784313726,
        "fill": "#a52714",
        "stroke-opacity": 1,
        "stroke": "#a52714",
        "stroke-width": 2.301
      }
    },
    {
      "type": "Feature",
      "geometry": {
        "type": "Polygon",
        "coordinates": [
          [
            [
              36.5013838,
              47.826877,
              0
            ],
            [
              36.5223265,
              47.828721,
              0
            ],
            [
              36.5211249,
              47.8364418,
              0
            ],
            [
              36.5852714,
              47.8477785,
              0
            ],
            [
              36.5828808,
              47.8571348,
              0
            ],
            [
              36.5780866,
              47.8534747,
              0
            ],
            [
              36.522124,
              47.8426995,
              0
            ],
            [
              36.5003876,
              47.8337078,
              0
            ],
            [
              36.5013838,
              47.826877,
              0
            ]
          ]
        ]
      },
      "properties": {
        "name": "Оккупировано / Окуповано / Occupied",
        "styleUrl": "#poly-A52714-2401-69-nodesc",
        "fill-opacity": 0.27058823529411763,
        "fill": "#a52714",
        "stroke-opacity": 1,
        "stroke": "#a52714",
        "stroke-width": 2.401
      }
    },
    {
      "type": "Feature",
      "geometry": {
        "type": "Polygon",
        "coordinates": [
          [
            [
              38.2883362,
              48.8114856,
              0
            ],
            [
              38.2647818,
              48.7515016,
              0
            ],
            [
              38.2827931,
              48.7377873,
              0
            ],
            [
              38.3177731,
              48.7356952,
              0
            ],
            [
              38.3144092,
              48.6856508,
              0
            ],
            [
              38.2593815,
              48.6675208,
              0
            ],
            [
              38.2807607,
              48.5383521,
              0
            ],
            [
              38.318874,
              48.5082253,
              0
            ],
            [
              38.2877847,
              48.4749229,
              0
            ],
            [
              38.3408083,
              48.4409456,
              0
            ],
            [
              38.428735,
              48.4448134,
              0
            ],
            [
              38.4781684,
              48.3642263,
              0
            ],
            [
              38.4295427,
              48.2814094,
              0
            ],
            [
              38.5698178,
              48.2684928,
              0
            ],
            [
              38.6153982,
              48.2048235,
              0
            ],
            [
              38.6005381,
              48.1765796,
              0
            ],
            [
              38.8132107,
              48.1125284,
              0
            ],
            [
              38.8195056,
              48.0377948,
              0
            ],
            [
              38.8449963,
              48.0144676,
              0
            ],
            [
              39.0399656,
              48.0044482,
              0
            ],
            [
              39.0422641,
              47.9563579,
              0
            ],
            [
              39.0868402,
              47.9406415,
              0
            ],
            [
              39.0763426,
              47.8701512,
              0
            ],
            [
              39.0830649,
              47.8701728,
              0
            ],
            [
              39.0816916,
              47.8517451,
              0
            ],
            [
              39.110874,
              47.8522058,
              0
            ],
            [
              39.1105307,
              47.841607,
              0
            ],
            [
              39.1486395,
              47.8425288,
              0
            ],
            [
              39.1493262,
              47.8512843,
              0
            ],
            [
              39.1640891,
              47.8517451,
              0
            ],
            [
              39.1699255,
              47.8457547,
              0
            ],
            [
              39.1781653,
              47.8538185,
              0
            ],
            [
              39.2372168,
              47.8542793,
              0
            ],
            [
              39.2399634,
              47.8681,
              0
            ],
            [
              39.3862189,
              47.8708637,
              0
            ],
            [
              39.4133414,
              47.8303146,
              0
            ],
            [
              39.4765128,
              47.8602687,
              0
            ],
            [
              39.5197714,
              47.8261658,
              0
            ],
            [
              39.534191,
              47.8326194,
              0
            ],
            [
              39.5424307,
              47.8236302,
              0
            ],
            [
              39.5668066,
              47.8356155,
              0
            ],
            [
              39.7398413,
              47.8270878,
              0
            ],
            [
              39.7573508,
              47.8466763,
              0
            ],
            [
              39.7655905,
              47.8462155,
              0
            ],
            [
              39.7614707,
              47.871094,
              0
            ],
            [
              39.7951163,
              47.8697122,
              0
            ],
            [
              39.7920264,
              47.9192046,
              0
            ],
            [
              39.8067893,
              47.9507169,
              0
            ],
            [
              39.8225821,
              47.9514068,
              0
            ],
            [
              39.8249854,
              47.9555456,
              0
            ],
            [
              39.816059,
              47.9737065,
              0
            ],
            [
              39.8239554,
              47.9824399,
              0
            ],
            [
              39.8153723,
              47.9874954,
              0
            ],
            [
              39.813999,
              48.0031183,
              0
            ],
            [
              39.7982062,
              48.0086311,
              0
            ],
            [
              39.7765769,
              48.0412367,
              0
            ],
            [
              39.8833502,
              48.0414663,
              0
            ],
            [
              39.8830069,
              48.0488111,
              0
            ],
            [
              39.8452414,
              48.0586791,
              0
            ],
            [
              39.8332251,
              48.0669392,
              0
            ],
            [
              39.868244,
              48.0795563,
              0
            ],
            [
              39.8740805,
              48.1169306,
              0
            ],
            [
              39.9042929,
              48.1416789,
              0
            ],
            [
              39.9125327,
              48.1801526,
              0
            ],
            [
              39.9372519,
              48.1828997,
              0
            ],
            [
              39.9454916,
              48.226832,
              0
            ],
            [
              40.0059165,
              48.2222574,
              0
            ],
            [
              40.0004233,
              48.2387238,
              0
            ],
            [
              40.0223959,
              48.2515273,
              0
            ],
            [
              39.9932135,
              48.3033944,
              0
            ],
            [
              39.9949301,
              48.3134419,
              0
            ],
            [
              39.9863471,
              48.3182365,
              0
            ],
            [
              39.9719275,
              48.3132135,
              0
            ],
            [
              39.9722708,
              48.3070483,
              0
            ],
            [
              39.9654044,
              48.3063632,
              0
            ],
            [
              39.9460066,
              48.293345,
              0
            ],
            [
              39.9370802,
              48.2918603,
              0
            ],
            [
              39.934677,
              48.2808947,
              0
            ],
            [
              39.9242056,
              48.2711836,
              0
            ],
            [
              39.9097861,
              48.2719834,
              0
            ],
            [
              39.9099577,
              48.291175,
              0
            ],
            [
              39.8869551,
              48.3045363,
              0
            ],
            [
              39.8885001,
              48.309446,
              0
            ],
            [
              39.8400916,
              48.3103593,
              0
            ],
            [
              39.8457564,
              48.3328461,
              0
            ],
            [
              39.8641242,
              48.3350144,
              0
            ],
            [
              39.8792304,
              48.3335308,
              0
            ],
            [
              39.9178542,
              48.341975,
              0
            ],
            [
              39.9188841,
              48.3474515,
              0
            ],
            [
              39.9322737,
              48.3489346,
              0
            ],
            [
              39.9417151,
              48.3460824,
              0
            ],
            [
              39.9472083,
              48.3539541,
              0
            ],
            [
              39.935192,
              48.3569199,
              0
            ],
            [
              39.9321021,
              48.3633073,
              0
            ],
            [
              39.9370802,
              48.3670709,
              0
            ],
            [
              39.9345053,
              48.3718605,
              0
            ],
            [
              39.9436034,
              48.3833766,
              0
            ],
            [
              39.9415434,
              48.3880507,
              0
            ],
            [
              39.9357069,
              48.3866827,
              0
            ],
            [
              39.9266089,
              48.3748253,
              0
            ],
            [
              39.9187125,
              48.3774478,
              0
            ],
            [
              39.9068678,
              48.3926104,
              0
            ],
            [
              39.9166525,
              48.3948901,
              0
            ],
            [
              39.9185408,
              48.3981954,
              0
            ],
            [
              39.9060095,
              48.4036659,
              0
            ],
            [
              39.910816,
              48.4217827,
              0
            ],
            [
              39.8969115,
              48.4282758,
              0
            ],
            [
              39.8888434,
              48.44274,
              0
            ],
            [
              39.8986281,
              48.445359,
              0
            ],
            [
              39.8984564,
              48.4486611,
              0
            ],
            [
              39.8555411,
              48.4649407,
              0
            ],
            [
              39.8448981,
              48.4765495,
              0
            ],
            [
              39.8473013,
              48.502944,
              0
            ],
            [
              39.8620642,
              48.5010103,
              0
            ],
            [
              39.8685874,
              48.5060148,
              0
            ],
            [
              39.8538245,
              48.5369407,
              0
            ],
            [
              39.8548544,
              48.5600091,
              0
            ],
            [
              39.8430098,
              48.5731863,
              0
            ],
            [
              39.8196639,
              48.5782973,
              0
            ],
            [
              39.8248137,
              48.5818178,
              0
            ],
            [
              39.8217238,
              48.5867008,
              0
            ],
            [
              39.8042143,
              48.5857924,
              0
            ],
            [
              39.7987212,
              48.5904478,
              0
            ],
            [
              39.7726286,
              48.5920374,
              0
            ],
            [
              39.7683371,
              48.5864737,
              0
            ],
            [
              39.7509993,
              48.5819314,
              0
            ],
            [
              39.7503127,
              48.5886311,
              0
            ],
            [
              39.7463645,
              48.5905614,
              0
            ],
            [
              39.7364081,
              48.5854517,
              0
            ],
            [
              39.68323,
              48.586878,
              0
            ],
            [
              39.684983,
              48.590678,
              0
            ],
            [
              39.678117,
              48.597944,
              0
            ],
            [
              39.668504,
              48.60521,
              0
            ],
            [
              39.660264,
              48.607934,
              0
            ],
            [
              39.670564,
              48.625184,
              0
            ],
            [
              39.680863,
              48.628814,
              0
            ],
            [
              39.695283,
              48.636982,
              0
            ],
            [
              39.69391,
              48.642427,
              0
            ],
            [
              39.68979,
              48.650593,
              0
            ],
            [
              39.704209,
              48.65649,
              0
            ],
            [
              39.712449,
              48.655129,
              0
            ],
            [
              39.711762,
              48.667375,
              0
            ],
            [
              39.702149,
              48.668735,
              0
            ],
            [
              39.713136,
              48.67735,
              0
            ],
            [
              39.722062,
              48.685964,
              0
            ],
            [
              39.720002,
              48.697296,
              0
            ],
            [
              39.717942,
              48.70364,
              0
            ],
            [
              39.711762,
              48.702281,
              0
            ],
            [
              39.704209,
              48.705906,
              0
            ],
            [
              39.712449,
              48.714515,
              0
            ],
            [
              39.704896,
              48.720404,
              0
            ],
            [
              39.714509,
              48.727199,
              0
            ],
            [
              39.723435,
              48.735804,
              0
            ],
            [
              39.731675,
              48.743955,
              0
            ],
            [
              39.739915,
              48.74803,
              0
            ],
            [
              39.735108,
              48.751199,
              0
            ],
            [
              39.737168,
              48.756631,
              0
            ],
            [
              39.735108,
              48.763421,
              0
            ],
            [
              39.748841,
              48.774735,
              0
            ],
            [
              39.755708,
              48.767042,
              0
            ],
            [
              39.764634,
              48.763421,
              0
            ],
            [
              39.769441,
              48.769305,
              0
            ],
            [
              39.761888,
              48.77021,
              0
            ],
            [
              39.766007,
              48.778808,
              0
            ],
            [
              39.776307,
              48.785594,
              0
            ],
            [
              39.784547,
              48.79826,
              0
            ],
            [
              39.77768,
              48.807758,
              0
            ],
            [
              39.783174,
              48.814993,
              0
            ],
            [
              39.793473,
              48.822679,
              0
            ],
            [
              39.801713,
              48.84347,
              0
            ],
            [
              39.833299,
              48.83172,
              0
            ],
            [
              39.886857,
              48.82087,
              0
            ],
            [
              39.941789,
              48.797356,
              0
            ],
            [
              39.958268,
              48.80007,
              0
            ],
            [
              39.973374,
              48.793737,
              0
            ],
            [
              40.077744,
              48.869673,
              0
            ],
            [
              40.065385,
              48.882318,
              0
            ],
            [
              40.051652,
              48.906696,
              0
            ],
            [
              40.029679,
              48.914819,
              0
            ],
            [
              40.003587,
              48.89496,
              0
            ],
            [
              39.989854,
              48.865156,
              0
            ],
            [
              39.952775,
              48.873286,
              0
            ],
            [
              39.932176,
              48.893154,
              0
            ],
            [
              39.848405,
              48.891348,
              0
            ],
            [
              39.845658,
              48.905793,
              0
            ],
            [
              39.833299,
              48.90489,
              0
            ],
            [
              39.826432,
              48.886833,
              0
            ],
            [
              39.797593,
              48.915721,
              0
            ],
            [
              39.771501,
              48.925647,
              0
            ],
            [
              39.778367,
              48.952709,
              0
            ],
            [
              39.760514,
              48.965333,
              0
            ],
            [
              39.741288,
              48.987868,
              0
            ],
            [
              39.723435,
              48.977954,
              0
            ],
            [
              39.70009,
              49.001384,
              0
            ],
            [
              39.676744,
              48.991472,
              0
            ],
            [
              39.664384,
              49.000482,
              0
            ],
            [
              39.678117,
              49.030205,
              0
            ],
            [
              39.67125,
              49.039208,
              0
            ],
            [
              39.690476,
              49.05271,
              0
            ],
            [
              39.768754,
              49.040109,
              0
            ],
            [
              39.80446,
              49.06171,
              0
            ],
            [
              39.822312,
              49.05901,
              0
            ],
            [
              39.881364,
              49.066209,
              0
            ],
            [
              39.903336,
              49.05541,
              0
            ],
            [
              39.932176,
              49.05541,
              0
            ],
            [
              39.936296,
              49.082402,
              0
            ],
            [
              40.029679,
              49.182142,
              0
            ],
            [
              40.076371,
              49.18663,
              0
            ],
            [
              40.090104,
              49.206373,
              0
            ],
            [
              40.112077,
              49.21355,
              0
            ],
            [
              40.11345,
              49.227902,
              0
            ],
            [
              40.143662,
              49.240456,
              0
            ],
            [
              40.188981,
              49.239559,
              0
            ],
            [
              40.215074,
              49.244042,
              0
            ],
            [
              40.219194,
              49.262866,
              0
            ],
            [
              40.184861,
              49.281682,
              0
            ],
            [
              40.177995,
              49.305864,
              0
            ],
            [
              40.193101,
              49.310341,
              0
            ],
            [
              40.194474,
              49.343458,
              0
            ],
            [
              40.150529,
              49.373869,
              0
            ],
            [
              40.073625,
              49.406942,
              0
            ],
            [
              40.0537122,
              49.4388777,
              0
            ],
            [
              40.028306,
              49.451601,
              0
            ],
            [
              40.043412,
              49.50157,
              0
            ],
            [
              40.035172,
              49.519404,
              0
            ],
            [
              40.165635,
              49.569304,
              0
            ],
            [
              40.136796,
              49.596905,
              0
            ],
            [
              40.128556,
              49.612035,
              0
            ],
            [
              40.061265,
              49.601356,
              0
            ],
            [
              40.054398,
              49.608475,
              0
            ],
            [
              39.952775,
              49.596015,
              0
            ],
            [
              39.939042,
              49.573757,
              0
            ],
            [
              39.89235,
              49.557724,
              0
            ],
            [
              39.834672,
              49.56396,
              0
            ],
            [
              39.803086,
              49.558615,
              0
            ],
            [
              39.753648,
              49.595125,
              0
            ],
            [
              39.713822,
              49.608475,
              0
            ],
            [
              39.698716,
              49.604916,
              0
            ],
            [
              39.657517,
              49.613814,
              0
            ],
            [
              39.641038,
              49.634276,
              0
            ],
            [
              39.5916,
              49.718698,
              0
            ],
            [
              39.612199,
              49.732015,
              0
            ],
            [
              39.47075,
              49.758637,
              0
            ],
            [
              39.429551,
              49.758637,
              0
            ],
            [
              39.373246,
              49.73734,
              0
            ],
            [
              39.305955,
              49.754201,
              0
            ],
            [
              39.283982,
              49.754201,
              0
            ],
            [
              39.270249,
              49.772829,
              0
            ],
            [
              39.255143,
              49.772829,
              0
            ],
            [
              39.240037,
              49.795883,
              0
            ],
            [
              39.227677,
              49.807406,
              0
            ],
            [
              39.226304,
              49.841958,
              0
            ],
            [
              39.207078,
              49.859668,
              0
            ],
            [
              39.191972,
              49.87383,
              0
            ],
            [
              39.190598,
              49.883565,
              0
            ],
            [
              39.179612,
              49.887104,
              0
            ],
            [
              39.1288,
              49.864094,
              0
            ],
            [
              39.115068,
              49.838416,
              0
            ],
            [
              39.064256,
              49.817154,
              0
            ],
            [
              39.031777,
              49.822932,
              0
            ],
            [
              39.025082,
              49.821492,
              0
            ],
            [
              39.021305,
              49.821824,
              0
            ],
            [
              38.985428,
              49.807979,
              0
            ],
            [
              38.969807,
              49.806538,
              0
            ],
            [
              38.949551,
              49.795902,
              0
            ],
            [
              38.938564,
              49.800888,
              0
            ],
            [
              38.929123,
              49.7976746,
              0
            ],
            [
              38.928265,
              49.804212,
              0
            ],
            [
              38.920368,
              49.805984,
              0
            ],
            [
              38.914875,
              49.813739,
              0
            ],
            [
              38.916935,
              49.816176,
              0
            ],
            [
              38.908696,
              49.819277,
              0
            ],
            [
              38.906636,
              49.829023,
              0
            ],
            [
              38.911099,
              49.828137,
              0
            ],
            [
              38.913159,
              49.832123,
              0
            ],
            [
              38.909725,
              49.833895,
              0
            ],
            [
              38.913845,
              49.836995,
              0
            ],
            [
              38.909725,
              49.845187,
              0
            ],
            [
              38.904232,
              49.846073,
              0
            ],
            [
              38.904576,
              49.849836,
              0
            ],
            [
              38.911442,
              49.852492,
              0
            ],
            [
              38.911442,
              49.855813,
              0
            ],
            [
              38.917965,
              49.856698,
              0
            ],
            [
              38.917278,
              49.860461,
              0
            ],
            [
              38.906292,
              49.861346,
              0
            ],
            [
              38.898396,
              49.870862,
              0
            ],
            [
              38.878826,
              49.869977,
              0
            ],
            [
              38.8699,
              49.864666,
              0
            ],
            [
              38.855137,
              49.869313,
              0
            ],
            [
              38.848957,
              49.864444,
              0
            ],
            [
              38.836598,
              49.866436,
              0
            ],
            [
              38.825611,
              49.878385,
              0
            ],
            [
              38.794712,
              49.883694,
              0
            ],
            [
              38.791279,
              49.878385,
              0
            ],
            [
              38.77892,
              49.884136,
              0
            ],
            [
              38.769306,
              49.895638,
              0
            ],
            [
              38.744244,
              49.896744,
              0
            ],
            [
              38.732914,
              49.905811,
              0
            ],
            [
              38.723644,
              49.927696,
              0
            ],
            [
              38.692059,
              49.936978,
              0
            ],
            [
              38.6862607,
              49.9622403,
              0
            ],
            [
              38.696865,
              49.970996,
              0
            ],
            [
              38.710255,
              49.981373,
              0
            ],
            [
              38.716778,
              49.984022,
              0
            ],
            [
              38.702702,
              49.993514,
              0
            ],
            [
              38.698925,
              50.000355,
              0
            ],
            [
              38.685879,
              50.007196,
              0
            ],
            [
              38.681759,
              50.006975,
              0
            ],
            [
              38.678669,
              50.002783,
              0
            ],
            [
              38.680386,
              49.97497,
              0
            ],
            [
              38.66112,
              49.973005,
              0
            ],
            [
              38.641893,
              49.955337,
              0
            ],
            [
              38.617174,
              49.974772,
              0
            ],
            [
              38.584215,
              49.979187,
              0
            ],
            [
              38.560869,
              49.971239,
              0
            ],
            [
              38.526537,
              49.957988,
              0
            ],
            [
              38.508684,
              49.964172,
              0
            ],
            [
              38.489458,
              49.966822,
              0
            ],
            [
              38.477098,
              49.984486,
              0
            ],
            [
              38.464739,
              49.986252,
              0
            ],
            [
              38.470232,
              49.994198,
              0
            ],
            [
              38.43178,
              50.003026,
              0
            ],
            [
              38.413518,
              49.982369,
              0
            ],
            [
              38.398412,
              49.989874,
              0
            ],
            [
              38.352407,
              50.005764,
              0
            ],
            [
              38.355153,
              50.017237,
              0
            ],
            [
              38.352407,
              50.034882,
              0
            ],
            [
              38.344167,
              50.041938,
              0
            ],
            [
              38.340047,
              50.051198,
              0
            ],
            [
              38.333867,
              50.058693,
              0
            ],
            [
              38.327688,
              50.084254,
              0
            ],
            [
              38.313955,
              50.087779,
              0
            ],
            [
              38.298848,
              50.086898,
              0
            ],
            [
              38.288549,
              50.077645,
              0
            ],
            [
              38.275502,
              50.07456,
              0
            ],
            [
              38.256963,
              50.072357,
              0
            ],
            [
              38.177999,
              50.078967,
              0
            ],
            [
              38.182119,
              50.046348,
              0
            ],
            [
              38.186238,
              50.034441,
              0
            ],
            [
              38.182119,
              50.021208,
              0
            ],
            [
              38.204091,
              49.998261,
              0
            ],
            [
              38.212331,
              49.988991,
              0
            ],
            [
              38.215078,
              49.978837,
              0
            ],
            [
              38.195165,
              49.970888,
              0
            ],
            [
              38.197225,
              49.962496,
              0
            ],
            [
              38.160833,
              49.951894,
              0
            ],
            [
              38.169759,
              49.943057,
              0
            ],
            [
              38.135427,
              49.925378,
              0
            ],
            [
              38.127187,
              49.922284,
              0
            ],
            [
              38.129934,
              49.93245,
              0
            ],
            [
              38.123754,
              49.940847,
              0
            ],
            [
              38.089757,
              49.93356,
              0
            ],
            [
              38.059374,
              49.923724,
              0
            ],
            [
              38.051656,
              49.920073,
              0
            ],
            [
              38.037236,
              49.904155,
              0
            ],
            [
              38.03299,
              49.900115,
              0
            ],
            [
              38.0704916,
              49.8626275,
              0
            ],
            [
              38.0945242,
              49.8460261,
              0
            ],
            [
              38.0732382,
              49.8360626,
              0
            ],
            [
              38.0437125,
              49.839384,
              0
            ],
            [
              38.0177473,
              49.837181,
              0
            ],
            [
              38.0198073,
              49.8345791,
              0
            ],
            [
              38.0102801,
              49.8125406,
              0
            ],
            [
              38.055427,
              49.7917111,
              0
            ],
            [
              38.0538821,
              49.7836206,
              0
            ],
            [
              38.0368876,
              49.7833989,
              0
            ],
            [
              38.0332827,
              49.7770807,
              0
            ],
            [
              38.0101084,
              49.7641092,
              0
            ],
            [
              38.0104517,
              49.7570123,
              0
            ],
            [
              37.990024,
              49.7521325,
              0
            ],
            [
              37.9802393,
              49.7653289,
              0
            ],
            [
              37.9766344,
              49.7676573,
              0
            ],
            [
              37.9678797,
              49.7593411,
              0
            ],
            [
              37.9507136,
              49.7320537,
              0
            ],
            [
              37.9730296,
              49.7083034,
              0
            ],
            [
              37.9898524,
              49.7162954,
              0
            ],
            [
              37.9974055,
              49.7134096,
              0
            ],
            [
              38.0169749,
              49.7131876,
              0
            ],
            [
              38.0176615,
              49.7047509,
              0
            ],
            [
              37.9991221,
              49.70031,
              0
            ],
            [
              38.0070185,
              49.6949804,
              0
            ],
            [
              38.0125117,
              49.6949804,
              0
            ],
            [
              38.0145716,
              49.677655,
              0
            ],
            [
              38.0320811,
              49.6674346,
              0
            ],
            [
              38.0274462,
              49.6625458,
              0
            ],
            [
              38.0329394,
              49.6592122,
              0
            ],
            [
              38.0368876,
              49.6624347,
              0
            ],
            [
              38.0470156,
              49.6571009,
              0
            ],
            [
              37.9946589,
              49.647543,
              0
            ],
            [
              37.9855608,
              49.6433192,
              0
            ],
            [
              37.9895091,
              49.6353152,
              0
            ],
            [
              37.9967188,
              49.6325357,
              0
            ],
            [
              37.9965472,
              49.6271986,
              0
            ],
            [
              37.9840159,
              49.6267538,
              0
            ],
            [
              37.9762911,
              49.6209713,
              0
            ],
            [
              37.9773211,
              49.6175237,
              0
            ],
            [
              37.9728579,
              49.6119625,
              0
            ],
            [
              37.9443621,
              49.6115176,
              0
            ],
            [
              37.9417872,
              49.5944963,
              0
            ],
            [
              37.9332041,
              49.5938286,
              0
            ],
            [
              37.9332041,
              49.5888212,
              0
            ],
            [
              37.9364657,
              49.583368,
              0
            ],
            [
              37.9515719,
              49.5727938,
              0
            ],
            [
              37.9515719,
              49.5687862,
              0
            ],
            [
              37.9241061,
              49.5702334,
              0
            ],
            [
              37.9222178,
              49.5678955,
              0
            ],
            [
              37.9007601,
              49.5733504,
              0
            ],
            [
              37.8847956,
              49.5489657,
              0
            ],
            [
              37.9280543,
              49.5480747,
              0
            ],
            [
              37.9268526,
              49.542617,
              0
            ],
            [
              37.9174113,
              49.5338166,
              0
            ],
            [
              37.8842806,
              49.5185513,
              0
            ],
            [
              37.8471576,
              49.5207129,
              0
            ],
            [
              37.8461276,
              49.5149178,
              0
            ],
            [
              37.842351,
              49.5081188,
              0
            ],
            [
              37.8454409,
              49.5017648,
              0
            ],
            [
              37.8372012,
              49.4922879,
              0
            ],
            [
              37.8505908,
              49.4886082,
              0
            ],
            [
              37.8442393,
              49.4448763,
              0
            ],
            [
              37.8761683,
              49.4467737,
              0
            ],
            [
              37.8744517,
              49.4365048,
              0
            ],
            [
              37.8792582,
              49.4355002,
              0
            ],
            [
              37.874795,
              49.4176358,
              0
            ],
            [
              37.880889,
              49.4169099,
              0
            ],
            [
              37.8809749,
              49.4149556,
              0
            ],
            [
              37.8959094,
              49.4035072,
              0
            ],
            [
              37.8920134,
              49.3777207,
              0
            ],
            [
              37.9195178,
              49.3765871,
              0
            ],
            [
              37.9292042,
              49.3780583,
              0
            ],
            [
              37.9316256,
              49.3776862,
              0
            ],
            [
              37.9381271,
              49.3750362,
              0
            ],
            [
              37.9500709,
              49.3625488,
              0
            ],
            [
              37.9543404,
              49.3564158,
              0
            ],
            [
              37.9492311,
              49.3528368,
              0
            ],
            [
              37.9433411,
              49.350026,
              0
            ],
            [
              37.9430087,
              49.3493049,
              0
            ],
            [
              37.9519678,
              49.3378828,
              0
            ],
            [
              37.9578646,
              49.3345495,
              0
            ],
            [
              37.961285,
              49.3343097,
              0
            ],
            [
              37.9633813,
              49.3323442,
              0
            ],
            [
              37.9651592,
              49.328481,
              0
            ],
            [
              37.9657912,
              49.3219904,
              0
            ],
            [
              37.9638769,
              49.3202835,
              0
            ],
            [
              37.9640573,
              49.3158911,
              0
            ],
            [
              37.9657147,
              49.3142402,
              0
            ],
            [
              37.966415,
              49.3121559,
              0
            ],
            [
              37.968096,
              49.3114774,
              0
            ],
            [
              37.9688079,
              49.3037793,
              0
            ],
            [
              37.9586512,
              49.3036512,
              0
            ],
            [
              37.9576464,
              49.3031522,
              0
            ],
            [
              37.9573283,
              49.2990715,
              0
            ],
            [
              37.9636298,
              49.2961491,
              0
            ],
            [
              37.9641182,
              49.2937777,
              0
            ],
            [
              37.965972,
              49.292774,
              0
            ],
            [
              37.9676285,
              49.2875139,
              0
            ],
            [
              37.9785853,
              49.2851638,
              0
            ],
            [
              37.9777983,
              49.2823937,
              0
            ],
            [
              37.9851956,
              49.2802243,
              0
            ],
            [
              37.9899795,
              49.2831098,
              0
            ],
            [
              37.9910269,
              49.2855652,
              0
            ],
            [
              37.9983282,
              49.2858984,
              0
            ],
            [
              38.0006449,
              49.2878121,
              0
            ],
            [
              38.0067842,
              49.288505,
              0
            ],
            [
              38.0127714,
              49.2869199,
              0
            ],
            [
              38.0133612,
              49.2862115,
              0
            ],
            [
              38.0098538,
              49.2757762,
              0
            ],
            [
              38.0146555,
              49.2711237,
              0
            ],
            [
              37.9971263,
              49.2484228,
              0
            ],
            [
              37.9905688,
              49.2487351,
              0
            ],
            [
              37.9879557,
              49.2447243,
              0
            ],
            [
              37.9817141,
              49.2437554,
              0
            ],
            [
              37.9788632,
              49.2407972,
              0
            ],
            [
              37.9757728,
              49.2402921,
              0
            ],
            [
              37.9729232,
              49.2408925,
              0
            ],
            [
              37.965533,
              49.2401835,
              0
            ],
            [
              37.9618812,
              49.2386091,
              0
            ],
            [
              37.9592125,
              49.2384602,
              0
            ],
            [
              37.949763,
              49.2404965,
              0
            ],
            [
              37.9327119,
              49.2397579,
              0
            ],
            [
              37.9223792,
              49.2416097,
              0
            ],
            [
              37.9173663,
              49.2405084,
              0
            ],
            [
              37.9166625,
              49.2395792,
              0
            ],
            [
              37.9203796,
              49.2268231,
              0
            ],
            [
              37.8993668,
              49.224595,
              0
            ],
            [
              37.8952123,
              49.2258304,
              0
            ],
            [
              37.8895577,
              49.2251921,
              0
            ],
            [
              37.8881094,
              49.2188919,
              0
            ],
            [
              37.8898659,
              49.2185167,
              0
            ],
            [
              37.8899517,
              49.2110038,
              0
            ],
            [
              37.9079762,
              49.2140876,
              0
            ],
            [
              37.9345439,
              49.1917975,
              0
            ],
            [
              37.8936754,
              49.175124,
              0
            ],
            [
              37.9029212,
              49.1662435,
              0
            ],
            [
              37.8939572,
              49.1608274,
              0
            ],
            [
              37.9343778,
              49.1403636,
              0
            ],
            [
              38.0376376,
              49.1266053,
              0
            ],
            [
              38.0458214,
              49.1505714,
              0
            ],
            [
              38.0821074,
              49.1468263,
              0
            ],
            [
              38.0613439,
              49.0630425,
              0
            ],
            [
              38.0982844,
              48.9992965,
              0
            ],
            [
              38.0980392,
              48.9919058,
              0
            ],
            [
              38.0805803,
              48.9921651,
              0
            ],
            [
              38.0573675,
              48.9866796,
              0
            ],
            [
              38.0541195,
              48.9654818,
              0
            ],
            [
              38.0304555,
              48.9738768,
              0
            ],
            [
              38.0054565,
              48.944018,
              0
            ],
            [
              38.0395538,
              48.9431377,
              0
            ],
            [
              38.0459471,
              48.9339276,
              0
            ],
            [
              38.0617871,
              48.9324653,
              0
            ],
            [
              38.0752238,
              48.9346855,
              0
            ],
            [
              38.1341885,
              48.9238542,
              0
            ],
            [
              38.1433286,
              48.9324199,
              0
            ],
            [
              38.1971974,
              48.9277401,
              0
            ],
            [
              38.2237815,
              48.9344959,
              0
            ],
            [
              38.2268495,
              48.9222417,
              0
            ],
            [
              38.2289061,
              48.8593607,
              0
            ],
            [
              38.2260089,
              48.8585558,
              0
            ],
            [
              38.2219028,
              48.8388817,
              0
            ],
            [
              38.2580081,
              48.8423778,
              0
            ],
            [
              38.2714466,
              48.8326216,
              0
            ],
            [
              38.2732117,
              48.8240505,
              0
            ],
            [
              38.3137867,
              48.8283916,
              0
            ],
            [
              38.3160601,
              48.8139393,
              0
            ],
            [
              38.2883362,
              48.8114856,
              0
            ]
          ]
        ]
      },
      "properties": {
        "name": "Оккупировано / Окуповано / Occupied ",
        "styleUrl": "#poly-A52714-1501-71-nodesc",
        "fill-opacity": 0.2784313725490196,
        "fill": "#a52714",
        "stroke-opacity": 1,
        "stroke": "#a52714",
        "stroke-width": 1.501
      }
    },
    {
      "type": "Feature",
      "geometry": {
        "type": "Polygon",
        "coordinates": [
          [
            [
              35.155692,
              51.090758,
              0
            ],
            [
              35.173453,
              51.087199,
              0
            ],
            [
              35.1768354,
              51.0987488,
              0
            ],
            [
              35.1718787,
              51.1012416,
              0
            ],
            [
              35.1699475,
              51.1033031,
              0
            ],
            [
              35.1683381,
              51.1005005,
              0
            ],
            [
              35.1645781,
              51.10077,
              0
            ],
            [
              35.164301,
              51.105192,
              0
            ],
            [
              35.166984,
              51.105677,
              0
            ],
            [
              35.1631619,
              51.1085306,
              0
            ],
            [
              35.1639474,
              51.1122713,
              0
            ],
            [
              35.1688256,
              51.1197115,
              0
            ],
            [
              35.1748338,
              51.1214355,
              0
            ],
            [
              35.168139,
              51.1264454,
              0
            ],
            [
              35.1640191,
              51.1271996,
              0
            ],
            [
              35.1535254,
              51.1313984,
              0
            ],
            [
              35.1417427,
              51.1339265,
              0
            ],
            [
              35.1143202,
              51.1217802,
              0
            ],
            [
              35.0804168,
              51.1221569,
              0
            ],
            [
              35.0424822,
              51.1048862,
              0
            ],
            [
              35.0151006,
              51.1063881,
              0
            ],
            [
              34.9995659,
              51.0998021,
              0
            ],
            [
              34.9963054,
              51.100642,
              0
            ],
            [
              34.9872931,
              51.1172934,
              0
            ],
            [
              34.9709424,
              51.1204721,
              0
            ],
            [
              34.9633893,
              51.1197179,
              0
            ],
            [
              34.9466214,
              51.1249423,
              0
            ],
            [
              34.9387785,
              51.1251016,
              0
            ],
            [
              34.932543,
              51.1277222,
              0
            ],
            [
              34.9299252,
              51.1389789,
              0
            ],
            [
              34.9139178,
              51.1429369,
              0
            ],
            [
              34.9124586,
              51.1428561,
              0
            ],
            [
              34.9009472,
              51.1303718,
              0
            ],
            [
              34.8803049,
              51.1308295,
              0
            ],
            [
              34.8657996,
              51.1228572,
              0
            ],
            [
              34.8642975,
              51.119517,
              0
            ],
            [
              34.863525,
              51.1191399,
              0
            ],
            [
              34.8296251,
              51.1217735,
              0
            ],
            [
              34.819461,
              51.1278326,
              0
            ],
            [
              34.8131829,
              51.1351369,
              0
            ],
            [
              34.8121529,
              51.14903,
              0
            ],
            [
              34.8105221,
              51.1502145,
              0
            ],
            [
              34.7950726,
              51.1536063,
              0
            ],
            [
              34.7843866,
              51.159497,
              0
            ],
            [
              34.7782574,
              51.160437,
              0
            ],
            [
              34.7488679,
              51.1597593,
              0
            ],
            [
              34.7482117,
              51.1601752,
              0
            ],
            [
              34.7367386,
              51.1793928,
              0
            ],
            [
              34.7311873,
              51.1824369,
              0
            ],
            [
              34.7168267,
              51.1716822,
              0
            ],
            [
              34.738028,
              51.168464,
              0
            ],
            [
              34.7435657,
              51.165104,
              0
            ],
            [
              34.7499239,
              51.1497159,
              0
            ],
            [
              34.7514427,
              51.149254,
              0
            ],
            [
              34.7660041,
              51.1509363,
              0
            ],
            [
              34.7703101,
              51.1495626,
              0
            ],
            [
              34.8025386,
              51.1305429,
              0
            ],
            [
              34.8255699,
              51.1197383,
              0
            ],
            [
              34.8263604,
              51.1158559,
              0
            ],
            [
              34.8350838,
              51.1151605,
              0
            ],
            [
              34.857074,
              51.1052895,
              0
            ],
            [
              34.8557306,
              51.0940275,
              0
            ],
            [
              34.8541224,
              51.0880607,
              0
            ],
            [
              34.8493159,
              51.084125,
              0
            ],
            [
              34.8487151,
              51.0814829,
              0
            ],
            [
              34.8753226,
              51.0663289,
              0
            ],
            [
              34.8793566,
              51.0663829,
              0
            ],
            [
              34.8813307,
              51.0677313,
              0
            ],
            [
              34.8815024,
              51.0698887,
              0
            ],
            [
              34.8747218,
              51.0735291,
              0
            ],
            [
              34.8723185,
              51.0841519,
              0
            ],
            [
              34.8646796,
              51.0886268,
              0
            ],
            [
              34.8616801,
              51.0938178,
              0
            ],
            [
              34.880925,
              51.1022783,
              0
            ],
            [
              34.9204443,
              51.1102463,
              0
            ],
            [
              34.9571374,
              51.1046963,
              0
            ],
            [
              34.9650423,
              51.0987089,
              0
            ],
            [
              34.9903227,
              51.0975764,
              0
            ],
            [
              35.0176861,
              51.0879683,
              0
            ],
            [
              35.0329477,
              51.0901609,
              0
            ],
            [
              35.0501799,
              51.0980758,
              0
            ],
            [
              35.0706232,
              51.1025453,
              0
            ],
            [
              35.0753769,
              51.1146237,
              0
            ],
            [
              35.0813291,
              51.1184827,
              0
            ],
            [
              35.0900204,
              51.1204005,
              0
            ],
            [
              35.1172775,
              51.1192868,
              0
            ],
            [
              35.1253072,
              51.1172007,
              0
            ],
            [
              35.1373443,
              51.1075693,
              0
            ],
            [
              35.1370647,
              51.1024184,
              0
            ],
            [
              35.1385755,
              51.1001045,
              0
            ],
            [
              35.155692,
              51.090758,
              0
            ]
          ]
        ]
      },
      "properties": {
        "name": "Серая зона / Сіра зона / Gray zone",
        "styleUrl": "#poly-BDBDBD-1901-59-nodesc",
        "fill-opacity": 0.23137254901960785,
        "fill": "#bdbdbd",
        "stroke-opacity": 1,
        "stroke": "#bdbdbd",
        "stroke-width": 1.901
      }
    },
    {
      "type": "Feature",
      "geometry": {
        "type": "Polygon",
        "coordinates": [
          [
            [
              36.6547614,
              47.9525484,
              0
            ],
            [
              36.6284543,
              47.9490705,
              0
            ],
            [
              36.6202146,
              47.9369677,
              0
            ],
            [
              36.5944654,
              47.9332874,
              0
            ],
            [
              36.5921899,
              47.9323165,
              0
            ],
            [
              36.5867178,
              47.9271439,
              0
            ],
            [
              36.5835637,
              47.9258819,
              0
            ],
            [
              36.5781718,
              47.9249502,
              0
            ],
            [
              36.5686742,
              47.9208892,
              0
            ],
            [
              36.5530899,
              47.9192608,
              0
            ],
            [
              36.5489218,
              47.917689,
              0
            ],
            [
              36.5407701,
              47.9054418,
              0
            ],
            [
              36.5433451,
              47.8923792,
              0
            ],
            [
              36.5744293,
              47.897236,
              0
            ],
            [
              36.5907646,
              47.9116764,
              0
            ],
            [
              36.5938116,
              47.9125684,
              0
            ],
            [
              36.6059566,
              47.9113887,
              0
            ],
            [
              36.6140247,
              47.9133447,
              0
            ],
            [
              36.617372,
              47.9175442,
              0
            ],
            [
              36.6395164,
              47.9205353,
              0
            ],
            [
              36.6341681,
              47.9442637,
              0
            ],
            [
              36.6670405,
              47.9486095,
              0
            ],
            [
              36.6685358,
              47.9509328,
              0
            ],
            [
              36.6663989,
              47.9609369,
              0
            ],
            [
              36.6676217,
              47.9622352,
              0
            ],
            [
              36.6956235,
              47.9660611,
              0
            ],
            [
              36.7009793,
              47.9690447,
              0
            ],
            [
              36.7263511,
              47.9730214,
              0
            ],
            [
              36.7337712,
              47.9809683,
              0
            ],
            [
              36.7350913,
              48.0054829,
              0
            ],
            [
              36.7310028,
              48.0109558,
              0
            ],
            [
              36.7253702,
              48.0210795,
              0
            ],
            [
              36.7336833,
              48.0357228,
              0
            ],
            [
              36.755645,
              48.0371758,
              0
            ],
            [
              36.7571799,
              48.0378802,
              0
            ],
            [
              36.7585477,
              48.0468691,
              0
            ],
            [
              36.7619954,
              48.0550603,
              0
            ],
            [
              36.7769614,
              48.0670582,
              0
            ],
            [
              36.78967,
              48.0694213,
              0
            ],
            [
              36.7999913,
              48.0667037,
              0
            ],
            [
              36.8014076,
              48.061326,
              0
            ],
            [
              36.8046261,
              48.0605947,
              0
            ],
            [
              36.8221356,
              48.0629752,
              0
            ],
            [
              36.8247109,
              48.0640916,
              0
            ],
            [
              36.8284021,
              48.0696685,
              0
            ],
            [
              36.8396484,
              48.0779979,
              0
            ],
            [
              36.8506892,
              48.0793214,
              0
            ],
            [
              36.8658513,
              48.0836252,
              0
            ],
            [
              36.8921155,
              48.0823923,
              0
            ],
            [
              36.8943042,
              48.0831665,
              0
            ],
            [
              36.8921522,
              48.0980656,
              0
            ],
            [
              36.8991045,
              48.09947,
              0
            ],
            [
              36.904884,
              48.1041231,
              0
            ],
            [
              36.9038326,
              48.1116596,
              0
            ],
            [
              36.9170076,
              48.1142097,
              0
            ],
            [
              36.9135744,
              48.1306105,
              0
            ],
            [
              36.9066006,
              48.1324866,
              0
            ],
            [
              36.9048522,
              48.134974,
              0
            ],
            [
              36.902527,
              48.1341776,
              0
            ],
            [
              36.9024979,
              48.1307819,
              0
            ],
            [
              36.8996615,
              48.1279167,
              0
            ],
            [
              36.901114,
              48.1166287,
              0
            ],
            [
              36.8992966,
              48.1150926,
              0
            ],
            [
              36.889212,
              48.113645,
              0
            ],
            [
              36.8811895,
              48.1094447,
              0
            ],
            [
              36.8745919,
              48.095158,
              0
            ],
            [
              36.8724136,
              48.094204,
              0
            ],
            [
              36.8405115,
              48.0914335,
              0
            ],
            [
              36.8350408,
              48.0926106,
              0
            ],
            [
              36.8058894,
              48.0898789,
              0
            ],
            [
              36.7940019,
              48.0952105,
              0
            ],
            [
              36.7690252,
              48.0977328,
              0
            ],
            [
              36.7633174,
              48.0966723,
              0
            ],
            [
              36.7585538,
              48.0920862,
              0
            ],
            [
              36.7561935,
              48.0913982,
              0
            ],
            [
              36.7495416,
              48.0924588,
              0
            ],
            [
              36.7403148,
              48.0907246,
              0
            ],
            [
              36.7177842,
              48.0904093,
              0
            ],
            [
              36.7149518,
              48.0877146,
              0
            ],
            [
              36.7152925,
              48.0849177,
              0
            ],
            [
              36.7146293,
              48.0840559,
              0
            ],
            [
              36.7150274,
              48.0826072,
              0
            ],
            [
              36.7143229,
              48.0817159,
              0
            ],
            [
              36.7219337,
              48.0546248,
              0
            ],
            [
              36.7165264,
              48.0411407,
              0
            ],
            [
              36.7132711,
              48.0380183,
              0
            ],
            [
              36.7077845,
              48.0370765,
              0
            ],
            [
              36.7052121,
              48.0340859,
              0
            ],
            [
              36.70161,
              48.0325875,
              0
            ],
            [
              36.7007577,
              48.0276392,
              0
            ],
            [
              36.7018858,
              48.0198101,
              0
            ],
            [
              36.7177646,
              47.9985164,
              0
            ],
            [
              36.7187044,
              47.9928428,
              0
            ],
            [
              36.7129118,
              47.975767,
              0
            ],
            [
              36.7090501,
              47.9736988,
              0
            ],
            [
              36.6650619,
              47.9659206,
              0
            ],
            [
              36.6616274,
              47.9640913,
              0
            ],
            [
              36.6547614,
              47.9525484,
              0
            ]
          ]
        ]
      },
      "properties": {
        "name": "Серая зона / Сіра зона / Gray zone",
        "styleUrl": "#poly-BDBDBD-1901-61-nodesc",
        "fill-opacity": 0.23921568627450981,
        "fill": "#bdbdbd",
        "stroke-opacity": 1,
        "stroke": "#bdbdbd",
        "stroke-width": 1.901
      }
    },
    {
      "type": "Feature",
      "geometry": {
        "type": "Polygon",
        "coordinates": [
          [
            [
              37.8797304,
              49.1924393,
              0
            ],
            [
              37.8845882,
              49.1955802,
              0
            ],
            [
              37.8852092,
              49.1993924,
              0
            ],
            [
              37.8833683,
              49.2063427,
              0
            ],
            [
              37.8881094,
              49.2188919,
              0
            ],
            [
              37.8895577,
              49.2251921,
              0
            ],
            [
              37.8952123,
              49.2258304,
              0
            ],
            [
              37.8993668,
              49.224595,
              0
            ],
            [
              37.9203796,
              49.2268231,
              0
            ],
            [
              37.9166625,
              49.2395792,
              0
            ],
            [
              37.9173663,
              49.2405084,
              0
            ],
            [
              37.9223792,
              49.2416097,
              0
            ],
            [
              37.9327119,
              49.2397579,
              0
            ],
            [
              37.949763,
              49.2404965,
              0
            ],
            [
              37.9592125,
              49.2384602,
              0
            ],
            [
              37.9618812,
              49.2386091,
              0
            ],
            [
              37.965533,
              49.2401835,
              0
            ],
            [
              37.9729232,
              49.2408925,
              0
            ],
            [
              37.9757728,
              49.2402921,
              0
            ],
            [
              37.9788632,
              49.2407972,
              0
            ],
            [
              37.9817141,
              49.2437554,
              0
            ],
            [
              37.9879557,
              49.2447243,
              0
            ],
            [
              37.9905688,
              49.2487351,
              0
            ],
            [
              37.9971263,
              49.2484228,
              0
            ],
            [
              38.0146555,
              49.2711237,
              0
            ],
            [
              38.0098538,
              49.2757762,
              0
            ],
            [
              38.0133612,
              49.2862115,
              0
            ],
            [
              38.0127714,
              49.2869199,
              0
            ],
            [
              38.0067842,
              49.288505,
              0
            ],
            [
              38.0006449,
              49.2878121,
              0
            ],
            [
              37.9983282,
              49.2858984,
              0
            ],
            [
              37.9910269,
              49.2855652,
              0
            ],
            [
              37.9899795,
              49.2831098,
              0
            ],
            [
              37.9851956,
              49.2802243,
              0
            ],
            [
              37.9777983,
              49.2823937,
              0
            ],
            [
              37.9785853,
              49.2851638,
              0
            ],
            [
              37.9676285,
              49.2875139,
              0
            ],
            [
              37.965972,
              49.292774,
              0
            ],
            [
              37.9641182,
              49.2937777,
              0
            ],
            [
              37.9636298,
              49.2961491,
              0
            ],
            [
              37.9573283,
              49.2990715,
              0
            ],
            [
              37.9576464,
              49.3031522,
              0
            ],
            [
              37.9586512,
              49.3036512,
              0
            ],
            [
              37.9688079,
              49.3037793,
              0
            ],
            [
              37.968096,
              49.3114774,
              0
            ],
            [
              37.966415,
              49.3121559,
              0
            ],
            [
              37.9657147,
              49.3142402,
              0
            ],
            [
              37.9640573,
              49.3158911,
              0
            ],
            [
              37.9638769,
              49.3202835,
              0
            ],
            [
              37.9657912,
              49.3219904,
              0
            ],
            [
              37.9651592,
              49.328481,
              0
            ],
            [
              37.9633813,
              49.3323442,
              0
            ],
            [
              37.961285,
              49.3343097,
              0
            ],
            [
              37.9578646,
              49.3345495,
              0
            ],
            [
              37.9519678,
              49.3378828,
              0
            ],
            [
              37.9430087,
              49.3493049,
              0
            ],
            [
              37.9433411,
              49.350026,
              0
            ],
            [
              37.9492311,
              49.3528368,
              0
            ],
            [
              37.9543404,
              49.3564158,
              0
            ],
            [
              37.9500709,
              49.3625488,
              0
            ],
            [
              37.9381271,
              49.3750362,
              0
            ],
            [
              37.9316256,
              49.3776862,
              0
            ],
            [
              37.9292042,
              49.3780583,
              0
            ],
            [
              37.9195178,
              49.3765871,
              0
            ],
            [
              37.8920134,
              49.3777207,
              0
            ],
            [
              37.8761813,
              49.3780679,
              0
            ],
            [
              37.8500432,
              49.3768391,
              0
            ],
            [
              37.8443355,
              49.3789905,
              0
            ],
            [
              37.8415031,
              49.3942435,
              0
            ],
            [
              37.8343875,
              49.394554,
              0
            ],
            [
              37.8322793,
              49.396898,
              0
            ],
            [
              37.8265171,
              49.3973405,
              0
            ],
            [
              37.8240905,
              49.3916332,
              0
            ],
            [
              37.8217263,
              49.3906087,
              0
            ],
            [
              37.7706265,
              49.4047771,
              0
            ],
            [
              37.7588986,
              49.4031703,
              0
            ],
            [
              37.7485927,
              49.4064761,
              0
            ],
            [
              37.7392314,
              49.40834,
              0
            ],
            [
              37.7375947,
              49.408166,
              0
            ],
            [
              37.7328619,
              49.4024557,
              0
            ],
            [
              37.7312929,
              49.4020934,
              0
            ],
            [
              37.7181567,
              49.4050479,
              0
            ],
            [
              37.7120149,
              49.4169237,
              0
            ],
            [
              37.7101696,
              49.417538,
              0
            ],
            [
              37.7064789,
              49.4175938,
              0
            ],
            [
              37.6941622,
              49.4130988,
              0
            ],
            [
              37.6881111,
              49.4137688,
              0
            ],
            [
              37.6789487,
              49.4201622,
              0
            ],
            [
              37.6793271,
              49.4221106,
              0
            ],
            [
              37.7069076,
              49.4312162,
              0
            ],
            [
              37.7083882,
              49.4328768,
              0
            ],
            [
              37.7089246,
              49.4386956,
              0
            ],
            [
              37.7095958,
              49.4394397,
              0
            ],
            [
              37.733533,
              49.451197,
              0
            ],
            [
              37.7365769,
              49.4515915,
              0
            ],
            [
              37.7704964,
              49.4502206,
              0
            ],
            [
              37.7892805,
              49.4504579,
              0
            ],
            [
              37.7918705,
              49.4511759,
              0
            ],
            [
              37.7965209,
              49.4558553,
              0
            ],
            [
              37.7944799,
              49.4580855,
              0
            ],
            [
              37.7600534,
              49.4682648,
              0
            ],
            [
              37.759178,
              49.4694335,
              0
            ],
            [
              37.7628016,
              49.4836648,
              0
            ],
            [
              37.7618347,
              49.4845572,
              0
            ],
            [
              37.7233611,
              49.4936697,
              0
            ],
            [
              37.7139813,
              49.5016167,
              0
            ],
            [
              37.7077454,
              49.5025237,
              0
            ],
            [
              37.6947075,
              49.5004477,
              0
            ],
            [
              37.6934299,
              49.5010023,
              0
            ],
            [
              37.6930106,
              49.5015848,
              0
            ],
            [
              37.695886,
              49.506502,
              0
            ],
            [
              37.699106,
              49.512603,
              0
            ],
            [
              37.700138,
              49.516752,
              0
            ],
            [
              37.700515,
              49.519146,
              0
            ],
            [
              37.700548,
              49.523101,
              0
            ],
            [
              37.700672,
              49.524771,
              0
            ],
            [
              37.700367,
              49.526275,
              0
            ],
            [
              37.700212,
              49.529004,
              0
            ],
            [
              37.699391,
              49.531399,
              0
            ],
            [
              37.698628,
              49.533772,
              0
            ],
            [
              37.697071,
              49.536521,
              0
            ],
            [
              37.697022,
              49.538034,
              0
            ],
            [
              37.69663,
              49.540077,
              0
            ],
            [
              37.697373,
              49.54183,
              0
            ],
            [
              37.69886,
              49.542414,
              0
            ],
            [
              37.701635,
              49.544501,
              0
            ],
            [
              37.700375,
              49.546561,
              0
            ],
            [
              37.70168,
              49.549925,
              0
            ],
            [
              37.701103,
              49.551983,
              0
            ],
            [
              37.702659,
              49.553012,
              0
            ],
            [
              37.708845,
              49.552941,
              0
            ],
            [
              37.712756,
              49.552398,
              0
            ],
            [
              37.716411,
              49.552435,
              0
            ],
            [
              37.722031,
              49.552569,
              0
            ],
            [
              37.733077,
              49.55075,
              0
            ],
            [
              37.735024,
              49.551045,
              0
            ],
            [
              37.738817,
              49.553722,
              0
            ],
            [
              37.742696,
              49.558124,
              0
            ],
            [
              37.743341,
              49.56278,
              0
            ],
            [
              37.744672,
              49.563761,
              0
            ],
            [
              37.753943,
              49.56283,
              0
            ],
            [
              37.761928,
              49.564084,
              0
            ],
            [
              37.761874,
              49.569329,
              0
            ],
            [
              37.7639056,
              49.5728976,
              0
            ],
            [
              37.768676,
              49.575338,
              0
            ],
            [
              37.770063,
              49.579145,
              0
            ],
            [
              37.769469,
              49.584374,
              0
            ],
            [
              37.770288,
              49.585653,
              0
            ],
            [
              37.8026684,
              49.585284,
              0
            ],
            [
              37.8035267,
              49.6112635,
              0
            ],
            [
              37.8140838,
              49.6160462,
              0
            ],
            [
              37.8114231,
              49.6219961,
              0
            ],
            [
              37.8007801,
              49.6262218,
              0
            ],
            [
              37.8025825,
              49.6280565,
              0
            ],
            [
              37.8155756,
              49.6256466,
              0
            ],
            [
              37.8225708,
              49.6470199,
              0
            ],
            [
              37.8202104,
              49.6491595,
              0
            ],
            [
              37.8168408,
              49.6491601,
              0
            ],
            [
              37.803537,
              49.6527166,
              0
            ],
            [
              37.7993742,
              49.6525499,
              0
            ],
            [
              37.7935806,
              49.6504383,
              0
            ],
            [
              37.7851759,
              49.6495672,
              0
            ],
            [
              37.7829014,
              49.6497339,
              0
            ],
            [
              37.7703701,
              49.6542628,
              0
            ],
            [
              37.7486549,
              49.655652,
              0
            ],
            [
              37.7333771,
              49.6546796,
              0
            ],
            [
              37.7276264,
              49.6529014,
              0
            ],
            [
              37.7246109,
              49.6435648,
              0
            ],
            [
              37.7217677,
              49.6422867,
              0
            ],
            [
              37.714108,
              49.6423423,
              0
            ],
            [
              37.7090012,
              49.6418421,
              0
            ],
            [
              37.7072845,
              49.6429537,
              0
            ],
            [
              37.7093874,
              49.6615693,
              0
            ],
            [
              37.7106747,
              49.6676871,
              0
            ],
            [
              37.7113613,
              49.6680274,
              0
            ],
            [
              37.7138935,
              49.6682081,
              0
            ],
            [
              37.7184854,
              49.6660971,
              0
            ],
            [
              37.7354799,
              49.6662637,
              0
            ],
            [
              37.7417456,
              49.6686524,
              0
            ],
            [
              37.7505972,
              49.6835606,
              0
            ],
            [
              37.7642443,
              49.7070455,
              0
            ],
            [
              37.7803637,
              49.7221873,
              0
            ],
            [
              37.7815224,
              49.7294559,
              0
            ],
            [
              37.775686,
              49.7337,
              0
            ],
            [
              37.7622105,
              49.736862,
              0
            ],
            [
              37.751825,
              49.7407726,
              0
            ],
            [
              37.7423337,
              49.7417929,
              0
            ],
            [
              37.7236655,
              49.7366065,
              0
            ],
            [
              37.7137521,
              49.7359408,
              0
            ],
            [
              37.6980022,
              49.7335831,
              0
            ],
            [
              37.6906778,
              49.7311222,
              0
            ],
            [
              37.691584,
              49.7284965,
              0
            ],
            [
              37.6840417,
              49.7133749,
              0
            ],
            [
              37.6861778,
              49.7115033,
              0
            ],
            [
              37.6861411,
              49.7077133,
              0
            ],
            [
              37.6891958,
              49.7048521,
              0
            ],
            [
              37.6889936,
              49.6998592,
              0
            ],
            [
              37.6906253,
              49.6981108,
              0
            ],
            [
              37.6887799,
              49.6935027,
              0
            ],
            [
              37.6827621,
              49.6923898,
              0
            ],
            [
              37.6796679,
              49.6872983,
              0
            ],
            [
              37.6800095,
              49.6828644,
              0
            ],
            [
              37.6726266,
              49.6824287,
              0
            ],
            [
              37.6720258,
              49.6797352,
              0
            ],
            [
              37.6698371,
              49.676375,
              0
            ],
            [
              37.6696116,
              49.6736776,
              0
            ],
            [
              37.667348,
              49.6721259,
              0
            ],
            [
              37.657559,
              49.6626108,
              0
            ],
            [
              37.6485401,
              49.6626457,
              0
            ],
            [
              37.6453858,
              49.6598678,
              0
            ],
            [
              37.6463729,
              49.658951,
              0
            ],
            [
              37.6539904,
              49.6587566,
              0
            ],
            [
              37.6685347,
              49.6582847,
              0
            ],
            [
              37.6829924,
              49.6559218,
              0
            ],
            [
              37.6923949,
              49.6525267,
              0
            ],
            [
              37.6935939,
              49.6506123,
              0
            ],
            [
              37.6882768,
              49.6388664,
              0
            ],
            [
              37.6859252,
              49.6344938,
              0
            ],
            [
              37.6775665,
              49.6301208,
              0
            ],
            [
              37.678468,
              49.6279037,
              0
            ],
            [
              37.6891112,
              49.6232474,
              0
            ],
            [
              37.693925,
              49.6225071,
              0
            ],
            [
              37.7180956,
              49.6302168,
              0
            ],
            [
              37.7220269,
              49.6373491,
              0
            ],
            [
              37.725959,
              49.6384779,
              0
            ],
            [
              37.7559692,
              49.6367301,
              0
            ],
            [
              37.759169,
              49.6346791,
              0
            ],
            [
              37.7602446,
              49.6286863,
              0
            ],
            [
              37.7629103,
              49.6274851,
              0
            ],
            [
              37.7811065,
              49.627207,
              0
            ],
            [
              37.7834239,
              49.6268179,
              0
            ],
            [
              37.7946931,
              49.6078683,
              0
            ],
            [
              37.792289,
              49.5914023,
              0
            ],
            [
              37.7661533,
              49.586261,
              0
            ],
            [
              37.7631021,
              49.5838224,
              0
            ],
            [
              37.7624853,
              49.5774312,
              0
            ],
            [
              37.7619991,
              49.5740994,
              0
            ],
            [
              37.7512348,
              49.5713986,
              0
            ],
            [
              37.7484971,
              49.5656919,
              0
            ],
            [
              37.721139,
              49.5632375,
              0
            ],
            [
              37.7159434,
              49.5726333,
              0
            ],
            [
              37.7101629,
              49.5766176,
              0
            ],
            [
              37.7110483,
              49.5850481,
              0
            ],
            [
              37.7093475,
              49.5920595,
              0
            ],
            [
              37.7067084,
              49.6024902,
              0
            ],
            [
              37.7054422,
              49.6033527,
              0
            ],
            [
              37.7031677,
              49.6031024,
              0
            ],
            [
              37.7023953,
              49.60256,
              0
            ],
            [
              37.7074807,
              49.5853687,
              0
            ],
            [
              37.704835,
              49.5763274,
              0
            ],
            [
              37.7046701,
              49.5749566,
              0
            ],
            [
              37.7052663,
              49.5742217,
              0
            ],
            [
              37.7088372,
              49.5727767,
              0
            ],
            [
              37.710829,
              49.5686622,
              0
            ],
            [
              37.7124298,
              49.5676397,
              0
            ],
            [
              37.7133141,
              49.5609741,
              0
            ],
            [
              37.70029,
              49.552168,
              0
            ],
            [
              37.699895,
              49.549086,
              0
            ],
            [
              37.699263,
              49.546773,
              0
            ],
            [
              37.699826,
              49.544572,
              0
            ],
            [
              37.698799,
              49.5435,
              0
            ],
            [
              37.694682,
              49.542372,
              0
            ],
            [
              37.694017,
              49.539862,
              0
            ],
            [
              37.695413,
              49.536016,
              0
            ],
            [
              37.696521,
              49.532176,
              0
            ],
            [
              37.698644,
              49.525442,
              0
            ],
            [
              37.69879,
              49.519948,
              0
            ],
            [
              37.697906,
              49.513868,
              0
            ],
            [
              37.694809,
              49.507056,
              0
            ],
            [
              37.693453,
              49.503539,
              0
            ],
            [
              37.691697,
              49.501,
              0
            ],
            [
              37.6930538,
              49.4992682,
              0
            ],
            [
              37.7018277,
              49.4992028,
              0
            ],
            [
              37.7111162,
              49.4967675,
              0
            ],
            [
              37.7188735,
              49.479043,
              0
            ],
            [
              37.7205159,
              49.4777649,
              0
            ],
            [
              37.7509556,
              49.4718396,
              0
            ],
            [
              37.7516969,
              49.468479,
              0
            ],
            [
              37.7183557,
              49.4470464,
              0
            ],
            [
              37.7067106,
              49.442439,
              0
            ],
            [
              37.7067089,
              49.4335215,
              0
            ],
            [
              37.7048615,
              49.4318875,
              0
            ],
            [
              37.6782929,
              49.4225894,
              0
            ],
            [
              37.6774575,
              49.4199952,
              0
            ],
            [
              37.686954,
              49.4129193,
              0
            ],
            [
              37.6944052,
              49.411761,
              0
            ],
            [
              37.705125,
              49.4143231,
              0
            ],
            [
              37.7116393,
              49.412473,
              0
            ],
            [
              37.7161598,
              49.4033184,
              0
            ],
            [
              37.7344744,
              49.3917248,
              0
            ],
            [
              37.7373372,
              49.3916377,
              0
            ],
            [
              37.7488139,
              49.3957632,
              0
            ],
            [
              37.7638347,
              49.3995296,
              0
            ],
            [
              37.7681273,
              49.4001347,
              0
            ],
            [
              37.7828892,
              49.3962021,
              0
            ],
            [
              37.7945392,
              49.3893996,
              0
            ],
            [
              37.8159003,
              49.3843714,
              0
            ],
            [
              37.8381146,
              49.3800144,
              0
            ],
            [
              37.8490984,
              49.3761544,
              0
            ],
            [
              37.8655728,
              49.3764014,
              0
            ],
            [
              37.8911992,
              49.3762926,
              0
            ],
            [
              37.9029606,
              49.3762896,
              0
            ],
            [
              37.9058686,
              49.3749159,
              0
            ],
            [
              37.9314403,
              49.3744526,
              0
            ],
            [
              37.9466255,
              49.3620359,
              0
            ],
            [
              37.9500113,
              49.3592943,
              0
            ],
            [
              37.9496442,
              49.3568616,
              0
            ],
            [
              37.9389038,
              49.3493554,
              0
            ],
            [
              37.93641,
              49.3459653,
              0
            ],
            [
              37.9388948,
              49.3372341,
              0
            ],
            [
              37.951784,
              49.335042,
              0
            ],
            [
              37.9612742,
              49.3291636,
              0
            ],
            [
              37.9625424,
              49.3226165,
              0
            ],
            [
              37.957512,
              49.3118174,
              0
            ],
            [
              37.9532073,
              49.3104103,
              0
            ],
            [
              37.95371,
              49.3039667,
              0
            ],
            [
              37.9485578,
              49.3036134,
              0
            ],
            [
              37.9480408,
              49.2984468,
              0
            ],
            [
              37.9590482,
              49.2852071,
              0
            ],
            [
              37.9688375,
              49.2856466,
              0
            ],
            [
              37.97854,
              49.2797585,
              0
            ],
            [
              37.9929966,
              49.2792129,
              0
            ],
            [
              38.0030947,
              49.2822067,
              0
            ],
            [
              38.0065339,
              49.2820557,
              0
            ],
            [
              38.0048689,
              49.2737071,
              0
            ],
            [
              37.9995417,
              49.2708085,
              0
            ],
            [
              37.9993597,
              49.2689173,
              0
            ],
            [
              38.0056635,
              49.2633511,
              0
            ],
            [
              38.0048246,
              49.2621934,
              0
            ],
            [
              37.9798151,
              49.2542202,
              0
            ],
            [
              37.968944,
              49.2533414,
              0
            ],
            [
              37.9511807,
              49.2534838,
              0
            ],
            [
              37.9506695,
              49.2532054,
              0
            ],
            [
              37.9503736,
              49.2520732,
              0
            ],
            [
              37.9576714,
              49.245386,
              0
            ],
            [
              37.9530106,
              49.2410883,
              0
            ],
            [
              37.9217643,
              49.2469864,
              0
            ],
            [
              37.9179516,
              49.2469121,
              0
            ],
            [
              37.9138138,
              49.2458803,
              0
            ],
            [
              37.9133331,
              49.2443137,
              0
            ],
            [
              37.9171875,
              49.2288768,
              0
            ],
            [
              37.8997973,
              49.2259864,
              0
            ],
            [
              37.879301,
              49.2268942,
              0
            ],
            [
              37.876786,
              49.226231,
              0
            ],
            [
              37.878682,
              49.2209994,
              0
            ],
            [
              37.8840157,
              49.2184096,
              0
            ],
            [
              37.8824312,
              49.2127567,
              0
            ],
            [
              37.8765562,
              49.2119538,
              0
            ],
            [
              37.8744192,
              49.2062266,
              0
            ],
            [
              37.881484,
              49.201259,
              0
            ],
            [
              37.8822203,
              49.1970446,
              0
            ],
            [
              37.8788855,
              49.1945627,
              0
            ],
            [
              37.8433906,
              49.1935354,
              0
            ],
            [
              37.840186,
              49.1922515,
              0
            ],
            [
              37.851339,
              49.1913449,
              0
            ],
            [
              37.8797304,
              49.1924393,
              0
            ]
          ]
        ]
      },
      "properties": {
        "name": "Серая зона / Сіра зона / Gray zone",
        "styleUrl": "#poly-BDBDBD-2101-59-nodesc",
        "fill-opacity": 0.23137254901960785,
        "fill": "#bdbdbd",
        "stroke-opacity": 1,
        "stroke": "#bdbdbd",
        "stroke-width": 2.101
      }
    },
    {
      "type": "Feature",
      "geometry": {
        "type": "Polygon",
        "coordinates": [
          [
            [
              36.5371168,
              50.2470528,
              0
            ],
            [
              36.5170868,
              50.2391756,
              0
            ],
            [
              36.5052637,
              50.2374823,
              0
            ],
            [
              36.4722402,
              50.2401217,
              0
            ],
            [
              36.4583117,
              50.2463778,
              0
            ],
            [
              36.4527351,
              50.2468596,
              0
            ],
            [
              36.437157,
              50.2513602,
              0
            ],
            [
              36.427501,
              50.2516071,
              0
            ],
            [
              36.4187569,
              50.2534593,
              0
            ],
            [
              36.4141114,
              50.2568893,
              0
            ],
            [
              36.4047988,
              50.2604149,
              0
            ],
            [
              36.3954436,
              50.2662856,
              0
            ],
            [
              36.3912375,
              50.268206,
              0
            ],
            [
              36.3867108,
              50.2758714,
              0
            ],
            [
              36.3760678,
              50.277133,
              0
            ],
            [
              36.373922,
              50.2777364,
              0
            ],
            [
              36.370918,
              50.2810822,
              0
            ],
            [
              36.3633649,
              50.2842084,
              0
            ],
            [
              36.3603608,
              50.2872796,
              0
            ],
            [
              36.357773,
              50.2877214,
              0
            ],
            [
              36.3585139,
              50.2772248,
              0
            ],
            [
              36.3666249,
              50.2723888,
              0
            ],
            [
              36.3890539,
              50.2712261,
              0
            ],
            [
              36.3910419,
              50.2681556,
              0
            ],
            [
              36.3955454,
              50.2661301,
              0
            ],
            [
              36.3963394,
              50.2623991,
              0
            ],
            [
              36.3953094,
              50.2599574,
              0
            ],
            [
              36.3978665,
              50.2548003,
              0
            ],
            [
              36.4016431,
              50.2534833,
              0
            ],
            [
              36.4098828,
              50.2537577,
              0
            ],
            [
              36.4184445,
              50.2504511,
              0
            ],
            [
              36.4290231,
              50.2491545,
              0
            ],
            [
              36.4397089,
              50.2456624,
              0
            ],
            [
              36.4575617,
              50.2454153,
              0
            ],
            [
              36.470823,
              50.2394868,
              0
            ],
            [
              36.5051974,
              50.2362486,
              0
            ],
            [
              36.5169136,
              50.2371265,
              0
            ],
            [
              36.5392723,
              50.2420542,
              0
            ],
            [
              36.5493576,
              50.2413259,
              0
            ],
            [
              36.5655804,
              50.2367289,
              0
            ],
            [
              36.5730469,
              50.2350951,
              0
            ],
            [
              36.5764664,
              50.2357941,
              0
            ],
            [
              36.5789426,
              50.2389634,
              0
            ],
            [
              36.5775853,
              50.2399728,
              0
            ],
            [
              36.574474,
              50.2366621,
              0
            ],
            [
              36.5728647,
              50.2362469,
              0
            ],
            [
              36.5674144,
              50.2373378,
              0
            ],
            [
              36.5610521,
              50.2438647,
              0
            ],
            [
              36.5445311,
              50.2475732,
              0
            ],
            [
              36.5371168,
              50.2470528,
              0
            ]
          ]
        ]
      },
      "properties": {
        "name": "Серая зона / Сіра зона / Gray zone",
        "styleUrl": "#poly-BDBDBD-2301-59-nodesc",
        "fill-opacity": 0.23137254901960785,
        "fill": "#bdbdbd",
        "stroke-opacity": 1,
        "stroke": "#bdbdbd",
        "stroke-width": 2.301
      }
    },
    {
      "type": "Feature",
      "geometry": {
        "type": "Polygon",
        "coordinates": [
          [
            [
              37.8633135,
              48.9685981,
              0
            ],
            [
              37.8690636,
              48.970921,
              0
            ],
            [
              37.870307,
              48.9740203,
              0
            ],
            [
              37.8699637,
              48.978133,
              0
            ],
            [
              37.8973216,
              48.9833585,
              0
            ],
            [
              37.8962708,
              48.9957345,
              0
            ],
            [
              37.9042746,
              48.9998028,
              0
            ],
            [
              37.9042101,
              49.0082629,
              0
            ],
            [
              37.9143551,
              49.0095592,
              0
            ],
            [
              37.9195454,
              49.0175874,
              0
            ],
            [
              37.9198379,
              49.0221963,
              0
            ],
            [
              37.915122,
              49.0290711,
              0
            ],
            [
              37.9161628,
              49.0328964,
              0
            ],
            [
              37.919255,
              49.037173,
              0
            ],
            [
              37.9187883,
              49.0403209,
              0
            ],
            [
              37.9323728,
              49.0457209,
              0
            ],
            [
              37.9400378,
              49.0520707,
              0
            ],
            [
              37.939071,
              49.065172,
              0
            ],
            [
              37.9322701,
              49.0675655,
              0
            ],
            [
              37.9267783,
              49.0759437,
              0
            ],
            [
              37.9112416,
              49.0780239,
              0
            ],
            [
              37.9043752,
              49.0713893,
              0
            ],
            [
              37.8977399,
              49.0708677,
              0
            ],
            [
              37.8864398,
              49.0730242,
              0
            ],
            [
              37.882849,
              49.0728089,
              0
            ],
            [
              37.8803373,
              49.0745762,
              0
            ],
            [
              37.8724217,
              49.0747618,
              0
            ],
            [
              37.8646591,
              49.0715341,
              0
            ],
            [
              37.8485659,
              49.0690037,
              0
            ],
            [
              37.8325842,
              49.0677685,
              0
            ],
            [
              37.8262268,
              49.0701154,
              0
            ],
            [
              37.8180315,
              49.0696086,
              0
            ],
            [
              37.8111221,
              49.0713798,
              0
            ],
            [
              37.7935819,
              49.0662295,
              0
            ],
            [
              37.7811912,
              49.0707432,
              0
            ],
            [
              37.7458758,
              49.0635678,
              0
            ],
            [
              37.7329523,
              49.0646381,
              0
            ],
            [
              37.7165859,
              49.0682402,
              0
            ],
            [
              37.7043737,
              49.0771069,
              0
            ],
            [
              37.7026597,
              49.0801523,
              0
            ],
            [
              37.7040334,
              49.0845956,
              0
            ],
            [
              37.7025319,
              49.0861718,
              0
            ],
            [
              37.6950619,
              49.0877661,
              0
            ],
            [
              37.6815762,
              49.0880556,
              0
            ],
            [
              37.6629001,
              49.0848972,
              0
            ],
            [
              37.6533729,
              49.0879889,
              0
            ],
            [
              37.6404125,
              49.099904,
              0
            ],
            [
              37.6402408,
              49.1009999,
              0
            ],
            [
              37.6412463,
              49.1073906,
              0
            ],
            [
              37.6336165,
              49.1139967,
              0
            ],
            [
              37.6412645,
              49.121614,
              0
            ],
            [
              37.6445634,
              49.1218577,
              0
            ],
            [
              37.6656578,
              49.1186451,
              0
            ],
            [
              37.667619,
              49.119082,
              0
            ],
            [
              37.67131,
              49.125204,
              0
            ],
            [
              37.673413,
              49.12585,
              0
            ],
            [
              37.681653,
              49.125429,
              0
            ],
            [
              37.686202,
              49.128322,
              0
            ],
            [
              37.7021125,
              49.1289361,
              0
            ],
            [
              37.7110392,
              49.1330357,
              0
            ],
            [
              37.7245021,
              49.133217,
              0
            ],
            [
              37.746303,
              49.1288364,
              0
            ],
            [
              37.7499938,
              49.1296226,
              0
            ],
            [
              37.7560877,
              49.1366426,
              0
            ],
            [
              37.7476286,
              49.1390561,
              0
            ],
            [
              37.7461221,
              49.1442201,
              0
            ],
            [
              37.7628943,
              49.1635974,
              0
            ],
            [
              37.7629313,
              49.1675919,
              0
            ],
            [
              37.7496152,
              49.1753573,
              0
            ],
            [
              37.7493331,
              49.178262,
              0
            ],
            [
              37.7556371,
              49.1814908,
              0
            ],
            [
              37.7601432,
              49.1845343,
              0
            ],
            [
              37.7754874,
              49.1827045,
              0
            ],
            [
              37.7833987,
              49.1879363,
              0
            ],
            [
              37.7939622,
              49.1858674,
              0
            ],
            [
              37.7955732,
              49.1833638,
              0
            ],
            [
              37.813293,
              49.1794074,
              0
            ],
            [
              37.8201012,
              49.1842376,
              0
            ],
            [
              37.8301606,
              49.1832015,
              0
            ],
            [
              37.8374733,
              49.1842405,
              0
            ],
            [
              37.8403916,
              49.189654,
              0
            ],
            [
              37.8419794,
              49.1904393,
              0
            ],
            [
              37.8720631,
              49.1921502,
              0
            ],
            [
              37.851339,
              49.1913449,
              0
            ],
            [
              37.840186,
              49.1922515,
              0
            ],
            [
              37.8347602,
              49.185609,
              0
            ],
            [
              37.8321338,
              49.1851485,
              0
            ],
            [
              37.8205807,
              49.1872681,
              0
            ],
            [
              37.8107696,
              49.1859736,
              0
            ],
            [
              37.8074821,
              49.1815655,
              0
            ],
            [
              37.7964539,
              49.1841741,
              0
            ],
            [
              37.7958138,
              49.1862345,
              0
            ],
            [
              37.7825759,
              49.1888634,
              0
            ],
            [
              37.7745191,
              49.1836134,
              0
            ],
            [
              37.7610994,
              49.1857673,
              0
            ],
            [
              37.7579248,
              49.1847195,
              0
            ],
            [
              37.7487307,
              49.1792668,
              0
            ],
            [
              37.7485115,
              49.1751796,
              0
            ],
            [
              37.7580767,
              49.1669392,
              0
            ],
            [
              37.7583836,
              49.1617288,
              0
            ],
            [
              37.7407044,
              49.1484546,
              0
            ],
            [
              37.7456864,
              49.1354079,
              0
            ],
            [
              37.7413428,
              49.1319167,
              0
            ],
            [
              37.7202043,
              49.1365302,
              0
            ],
            [
              37.7093335,
              49.1352086,
              0
            ],
            [
              37.7012089,
              49.1386033,
              0
            ],
            [
              37.6982182,
              49.1382159,
              0
            ],
            [
              37.6960862,
              49.1319883,
              0
            ],
            [
              37.681352,
              49.130876,
              0
            ],
            [
              37.677834,
              49.127614,
              0
            ],
            [
              37.671997,
              49.127007,
              0
            ],
            [
              37.669593,
              49.125839,
              0
            ],
            [
              37.666025,
              49.120939,
              0
            ],
            [
              37.664002,
              49.120673,
              0
            ],
            [
              37.6460424,
              49.1240379,
              0
            ],
            [
              37.6377818,
              49.1232739,
              0
            ],
            [
              37.6204897,
              49.111943,
              0
            ],
            [
              37.6210263,
              49.1045774,
              0
            ],
            [
              37.6195251,
              49.1007102,
              0
            ],
            [
              37.6379616,
              49.0885018,
              0
            ],
            [
              37.661193,
              49.0823341,
              0
            ],
            [
              37.6735526,
              49.0745195,
              0
            ],
            [
              37.678092,
              49.066471,
              0
            ],
            [
              37.691577,
              49.0611077,
              0
            ],
            [
              37.7104281,
              49.0630699,
              0
            ],
            [
              37.7179607,
              49.0603206,
              0
            ],
            [
              37.7282047,
              49.0608915,
              0
            ],
            [
              37.7348201,
              49.0557199,
              0
            ],
            [
              37.7446107,
              49.0545974,
              0
            ],
            [
              37.759443,
              49.0607242,
              0
            ],
            [
              37.7622601,
              49.061001,
              0
            ],
            [
              37.7713664,
              49.0546164,
              0
            ],
            [
              37.774428,
              49.0542016,
              0
            ],
            [
              37.7927683,
              49.0583981,
              0
            ],
            [
              37.8179624,
              49.0501021,
              0
            ],
            [
              37.8192098,
              49.0483867,
              0
            ],
            [
              37.8122912,
              49.0416064,
              0
            ],
            [
              37.8141279,
              49.0386518,
              0
            ],
            [
              37.8250057,
              49.0384946,
              0
            ],
            [
              37.8320948,
              49.0395452,
              0
            ],
            [
              37.8368717,
              49.0435869,
              0
            ],
            [
              37.8359992,
              49.0513089,
              0
            ],
            [
              37.848516,
              49.0577659,
              0
            ],
            [
              37.8620206,
              49.057415,
              0
            ],
            [
              37.8631772,
              49.0580986,
              0
            ],
            [
              37.8637331,
              49.0650251,
              0
            ],
            [
              37.8653599,
              49.0659429,
              0
            ],
            [
              37.9152898,
              49.0649428,
              0
            ],
            [
              37.9193216,
              49.0626977,
              0
            ],
            [
              37.9277152,
              49.0640286,
              0
            ],
            [
              37.9299903,
              49.0624338,
              0
            ],
            [
              37.9266976,
              49.0548502,
              0
            ],
            [
              37.9266192,
              49.0491037,
              0
            ],
            [
              37.9138561,
              49.0398869,
              0
            ],
            [
              37.9106085,
              49.039413,
              0
            ],
            [
              37.8999791,
              49.0423709,
              0
            ],
            [
              37.8871591,
              49.0443796,
              0
            ],
            [
              37.8820797,
              49.0407983,
              0
            ],
            [
              37.8859344,
              49.0384028,
              0
            ],
            [
              37.8834376,
              49.0356133,
              0
            ],
            [
              37.869545,
              49.0314723,
              0
            ],
            [
              37.8702454,
              49.0226038,
              0
            ],
            [
              37.8676385,
              49.0218294,
              0
            ],
            [
              37.8409301,
              49.0234924,
              0
            ],
            [
              37.8367237,
              49.0202771,
              0
            ],
            [
              37.8368091,
              49.0157108,
              0
            ],
            [
              37.8473625,
              49.0142585,
              0
            ],
            [
              37.8519923,
              49.0085834,
              0
            ],
            [
              37.8545566,
              49.0077044,
              0
            ],
            [
              37.8620884,
              49.009999,
              0
            ],
            [
              37.8740167,
              49.0077167,
              0
            ],
            [
              37.8756046,
              48.991809,
              0
            ],
            [
              37.8428172,
              48.9891338,
              0
            ],
            [
              37.8426804,
              48.9790926,
              0
            ],
            [
              37.829842,
              48.97874,
              0
            ],
            [
              37.8271679,
              48.9793864,
              0
            ],
            [
              37.8261359,
              48.9792575,
              0
            ],
            [
              37.816995,
              48.9727223,
              0
            ],
            [
              37.8124888,
              48.9725252,
              0
            ],
            [
              37.8033479,
              48.9735675,
              0
            ],
            [
              37.7972968,
              48.9716237,
              0
            ],
            [
              37.7969535,
              48.970525,
              0
            ],
            [
              37.8013738,
              48.965482,
              0
            ],
            [
              37.8212865,
              48.9574516,
              0
            ],
            [
              37.8292464,
              48.9446777,
              0
            ],
            [
              37.84556,
              48.9371005,
              0
            ],
            [
              37.8481387,
              48.934033,
              0
            ],
            [
              37.8498972,
              48.9263915,
              0
            ],
            [
              37.8510244,
              48.9245728,
              0
            ],
            [
              37.8622782,
              48.9153093,
              0
            ],
            [
              37.8653906,
              48.9139561,
              0
            ],
            [
              37.8934809,
              48.9151583,
              0
            ],
            [
              37.929308,
              48.902281,
              0
            ],
            [
              37.9326211,
              48.8983669,
              0
            ],
            [
              37.9322349,
              48.8952934,
              0
            ],
            [
              37.9311772,
              48.8936791,
              0
            ],
            [
              37.9315298,
              48.8919413,
              0
            ],
            [
              37.9269235,
              48.8859482,
              0
            ],
            [
              37.9198194,
              48.8809966,
              0
            ],
            [
              37.9142177,
              48.8794738,
              0
            ],
            [
              37.910712,
              48.8799593,
              0
            ],
            [
              37.9030629,
              48.877767,
              0
            ],
            [
              37.9000384,
              48.8796884,
              0
            ],
            [
              37.9002333,
              48.8818801,
              0
            ],
            [
              37.9025539,
              48.8831309,
              0
            ],
            [
              37.9029955,
              48.884128,
              0
            ],
            [
              37.898986,
              48.8875325,
              0
            ],
            [
              37.8937983,
              48.8882469,
              0
            ],
            [
              37.8899463,
              48.8865717,
              0
            ],
            [
              37.8847213,
              48.8859125,
              0
            ],
            [
              37.8835304,
              48.884971,
              0
            ],
            [
              37.884603,
              48.880754,
              0
            ],
            [
              37.8978858,
              48.8787932,
              0
            ],
            [
              37.903057,
              48.87765,
              0
            ],
            [
              37.910782,
              48.879851,
              0
            ],
            [
              37.914215,
              48.879343,
              0
            ],
            [
              37.9198743,
              48.880886,
              0
            ],
            [
              37.9271462,
              48.8858216,
              0
            ],
            [
              37.9317476,
              48.892041,
              0
            ],
            [
              37.9313878,
              48.8936552,
              0
            ],
            [
              37.9324096,
              48.8953088,
              0
            ],
            [
              37.9327232,
              48.8983166,
              0
            ],
            [
              37.9380672,
              48.9048346,
              0
            ],
            [
              37.9465529,
              48.9279539,
              0
            ],
            [
              37.9610153,
              48.9355662,
              0
            ],
            [
              37.9613159,
              48.9373288,
              0
            ],
            [
              37.954385,
              48.9412264,
              0
            ],
            [
              37.9401584,
              48.9414015,
              0
            ],
            [
              37.9336352,
              48.9383006,
              0
            ],
            [
              37.9288185,
              48.9312019,
              0
            ],
            [
              37.9216844,
              48.9248347,
              0
            ],
            [
              37.9104224,
              48.9176819,
              0
            ],
            [
              37.9041568,
              48.9172307,
              0
            ],
            [
              37.8812598,
              48.9303344,
              0
            ],
            [
              37.8783844,
              48.9369878,
              0
            ],
            [
              37.87199,
              48.9424283,
              0
            ],
            [
              37.8727068,
              48.9472917,
              0
            ],
            [
              37.8644286,
              48.9562646,
              0
            ],
            [
              37.8633135,
              48.9685981,
              0
            ]
          ]
        ]
      },
      "properties": {
        "name": "Серая зона / Сіра зона / Gray zone",
        "styleUrl": "#poly-BDBDBD-2101-74-nodesc",
        "fill-opacity": 0.2901960784313726,
        "fill": "#bdbdbd",
        "stroke-opacity": 1,
        "stroke": "#bdbdbd",
        "stroke-width": 2.101
      }
    },
    {
      "type": "Feature",
      "geometry": {
        "type": "Polygon",
        "coordinates": [
          [
            [
              35.343201,
              50.967275,
              0
            ],
            [
              35.3093842,
              50.9647353,
              0
            ],
            [
              35.2945346,
              50.9595993,
              0
            ],
            [
              35.2898567,
              50.9520561,
              0
            ],
            [
              35.2930754,
              50.9436477,
              0
            ],
            [
              35.318997,
              50.930829,
              0
            ],
            [
              35.3294186,
              50.9186363,
              0
            ],
            [
              35.3312704,
              50.9118379,
              0
            ],
            [
              35.3393387,
              50.9079412,
              0
            ],
            [
              35.3525797,
              50.9074519,
              0
            ],
            [
              35.3699399,
              50.9037128,
              0
            ],
            [
              35.379765,
              50.895437,
              0
            ],
            [
              35.404369,
              50.902828,
              0
            ],
            [
              35.396416,
              50.90648,
              0
            ],
            [
              35.3729487,
              50.9151121,
              0
            ],
            [
              35.3645373,
              50.9148415,
              0
            ],
            [
              35.3513659,
              50.9127186,
              0
            ],
            [
              35.342697,
              50.9132057,
              0
            ],
            [
              35.3394355,
              50.9164525,
              0
            ],
            [
              35.338663,
              50.9215929,
              0
            ],
            [
              35.3221835,
              50.9367402,
              0
            ],
            [
              35.3031291,
              50.9445283,
              0
            ],
            [
              35.3025283,
              50.9517744,
              0
            ],
            [
              35.3144587,
              50.959614,
              0
            ],
            [
              35.3216685,
              50.9615062,
              0
            ],
            [
              35.33642,
              50.962897,
              0
            ],
            [
              35.3421336,
              50.9635414,
              0
            ],
            [
              35.343201,
              50.967275,
              0
            ]
          ]
        ]
      },
      "properties": {
        "name": "Серая зона / Сіра зона / Gray zone",
        "styleUrl": "#poly-BDBDBD-2601-56-nodesc",
        "fill-opacity": 0.2196078431372549,
        "fill": "#bdbdbd",
        "stroke-opacity": 1,
        "stroke": "#bdbdbd",
        "stroke-width": 2.601
      }
    },
    {
      "type": "Feature",
      "geometry": {
        "type": "Polygon",
        "coordinates": [
          [
            [
              36.7700196,
              50.2431647,
              0
            ],
            [
              36.7764945,
              50.2394253,
              0
            ],
            [
              36.7834469,
              50.2397549,
              0
            ],
            [
              36.7882104,
              50.2420129,
              0
            ],
            [
              36.789884,
              50.2445843,
              0
            ],
            [
              36.7918904,
              50.2448913,
              0
            ],
            [
              36.802606,
              50.244341,
              0
            ],
            [
              36.8207145,
              50.2474585,
              0
            ],
            [
              36.8264908,
              50.2471649,
              0
            ],
            [
              36.8348594,
              50.2403311,
              0
            ],
            [
              36.8376254,
              50.2281154,
              0
            ],
            [
              36.8458401,
              50.219906,
              0
            ],
            [
              36.8549603,
              50.2194259,
              0
            ],
            [
              36.8598644,
              50.2221511,
              0
            ],
            [
              36.8637396,
              50.2309173,
              0
            ],
            [
              36.877863,
              50.2316573,
              0
            ],
            [
              36.8880645,
              50.2248187,
              0
            ],
            [
              36.8890945,
              50.2138898,
              0
            ],
            [
              36.8913261,
              50.2122421,
              0
            ],
            [
              36.9093505,
              50.2119125,
              0
            ],
            [
              36.9109813,
              50.2125167,
              0
            ],
            [
              36.9133846,
              50.2222926,
              0
            ],
            [
              36.9084064,
              50.2247089,
              0
            ],
            [
              36.9077197,
              50.23009,
              0
            ],
            [
              36.9011108,
              50.2356901,
              0
            ],
            [
              36.8996945,
              50.2488918,
              0
            ],
            [
              36.9013434,
              50.2499335,
              0
            ],
            [
              36.9136084,
              50.2497151,
              0
            ],
            [
              36.9238559,
              50.2486722,
              0
            ],
            [
              36.9253337,
              50.2490296,
              0
            ],
            [
              36.9284425,
              50.25268,
              0
            ],
            [
              36.9299284,
              50.2531451,
              0
            ],
            [
              36.9342714,
              50.2488599,
              0
            ],
            [
              36.9314538,
              50.2469507,
              0
            ],
            [
              36.930439,
              50.2405406,
              0
            ],
            [
              36.9328162,
              50.2388048,
              0
            ],
            [
              36.943491,
              50.2373641,
              0
            ],
            [
              36.9469015,
              50.2379959,
              0
            ],
            [
              36.9524153,
              50.251649,
              0
            ],
            [
              36.9558708,
              50.2544348,
              0
            ],
            [
              36.9651834,
              50.2566573,
              0
            ],
            [
              36.9858146,
              50.2757579,
              0
            ],
            [
              36.9976575,
              50.2830876,
              0
            ],
            [
              36.9986365,
              50.2848597,
              0
            ],
            [
              36.9984205,
              50.289893,
              0
            ],
            [
              37.0005448,
              50.2920179,
              0
            ],
            [
              37.012823,
              50.2944189,
              0
            ],
            [
              37.0257834,
              50.2985038,
              0
            ],
            [
              37.0350531,
              50.2993262,
              0
            ],
            [
              37.0364693,
              50.2999567,
              0
            ],
            [
              37.0369475,
              50.3024028,
              0
            ],
            [
              37.0383634,
              50.3044799,
              0
            ],
            [
              37.0543375,
              50.3082128,
              0
            ],
            [
              37.0573416,
              50.3069795,
              0
            ],
            [
              37.0652809,
              50.2902571,
              0
            ],
            [
              37.0713749,
              50.287241,
              0
            ],
            [
              37.073349,
              50.2829906,
              0
            ],
            [
              37.0742502,
              50.2825793,
              0
            ],
            [
              37.0757523,
              50.2826341,
              0
            ],
            [
              37.0766106,
              50.2833471,
              0
            ],
            [
              37.0760527,
              50.2966452,
              0
            ],
            [
              37.0812884,
              50.3005928,
              0
            ],
            [
              37.1096124,
              50.3078291,
              0
            ],
            [
              37.1306839,
              50.3047319,
              0
            ],
            [
              37.1316281,
              50.3022375,
              0
            ],
            [
              37.1263523,
              50.2975863,
              0
            ],
            [
              37.125309,
              50.2888318,
              0
            ],
            [
              37.1354102,
              50.2649522,
              0
            ],
            [
              37.1408341,
              50.2636541,
              0
            ],
            [
              37.1547046,
              50.2667905,
              0
            ],
            [
              37.1606972,
              50.2728026,
              0
            ],
            [
              37.1502094,
              50.2855069,
              0
            ],
            [
              37.1504904,
              50.2901092,
              0
            ],
            [
              37.1642756,
              50.3040416,
              0
            ],
            [
              37.167677,
              50.3115292,
              0
            ],
            [
              37.1908513,
              50.3223808,
              0
            ],
            [
              37.1997508,
              50.3301484,
              0
            ],
            [
              37.2139129,
              50.3303128,
              0
            ],
            [
              37.2282466,
              50.3352437,
              0
            ],
            [
              37.221569,
              50.375073,
              0
            ],
            [
              37.211441,
              50.373595,
              0
            ],
            [
              37.180027,
              50.362865,
              0
            ],
            [
              37.149042,
              50.355746,
              0
            ],
            [
              37.1385182,
              50.3609068,
              0
            ],
            [
              37.102583,
              50.3572293,
              0
            ],
            [
              37.1059314,
              50.3531236,
              0
            ],
            [
              37.1055459,
              50.3515907,
              0
            ],
            [
              37.0824987,
              50.3478645,
              0
            ],
            [
              37.0832284,
              50.3448237,
              0
            ],
            [
              37.1005711,
              50.3374283,
              0
            ],
            [
              37.10061,
              50.3367032,
              0
            ],
            [
              37.0994932,
              50.3355121,
              0
            ],
            [
              37.0945579,
              50.3346355,
              0
            ],
            [
              37.0862752,
              50.3302798,
              0
            ],
            [
              37.0813829,
              50.3292388,
              0
            ],
            [
              37.0764047,
              50.3267731,
              0
            ],
            [
              37.0649034,
              50.325047,
              0
            ],
            [
              37.0588069,
              50.3254767,
              0
            ],
            [
              37.0564036,
              50.3245999,
              0
            ],
            [
              37.0498644,
              50.3187173,
              0
            ],
            [
              37.0484482,
              50.3179296,
              0
            ],
            [
              37.0326127,
              50.3182927,
              0
            ],
            [
              37.0239544,
              50.3143982,
              0
            ],
            [
              37.0230935,
              50.3112504,
              0
            ],
            [
              37.0234343,
              50.30739,
              0
            ],
            [
              37.0219703,
              50.3060278,
              0
            ],
            [
              37.0102965,
              50.3029661,
              0
            ],
            [
              36.9985794,
              50.303585,
              0
            ],
            [
              36.9923118,
              50.3025199,
              0
            ],
            [
              36.9876341,
              50.2988741,
              0
            ],
            [
              36.9719757,
              50.294458,
              0
            ],
            [
              36.9709592,
              50.2886204,
              0
            ],
            [
              36.9771819,
              50.284617,
              0
            ],
            [
              36.97664,
              50.2779452,
              0
            ],
            [
              36.954819,
              50.2646518,
              0
            ],
            [
              36.952683,
              50.2644824,
              0
            ],
            [
              36.9416218,
              50.264285,
              0
            ],
            [
              36.9371533,
              50.2651483,
              0
            ],
            [
              36.9348305,
              50.2663407,
              0
            ],
            [
              36.9226758,
              50.2792473,
              0
            ],
            [
              36.9219366,
              50.2794625,
              0
            ],
            [
              36.9077867,
              50.2749877,
              0
            ],
            [
              36.9073845,
              50.2743668,
              0
            ],
            [
              36.9092198,
              50.2715617,
              0
            ],
            [
              36.9080198,
              50.270244,
              0
            ],
            [
              36.9136452,
              50.2646332,
              0
            ],
            [
              36.9180189,
              50.2625518,
              0
            ],
            [
              36.9181828,
              50.2615058,
              0
            ],
            [
              36.9115303,
              50.2565524,
              0
            ],
            [
              36.898914,
              50.2558518,
              0
            ],
            [
              36.8938652,
              50.2533412,
              0
            ],
            [
              36.8946961,
              50.2482787,
              0
            ],
            [
              36.8926974,
              50.2465001,
              0
            ],
            [
              36.8944441,
              50.2433067,
              0
            ],
            [
              36.8907819,
              50.2406887,
              0
            ],
            [
              36.8907628,
              50.2337412,
              0
            ],
            [
              36.8889762,
              50.2330792,
              0
            ],
            [
              36.8848292,
              50.2339545,
              0
            ],
            [
              36.8853389,
              50.2435978,
              0
            ],
            [
              36.884159,
              50.2450942,
              0
            ],
            [
              36.8851139,
              50.247681,
              0
            ],
            [
              36.880491,
              50.2516367,
              0
            ],
            [
              36.8474462,
              50.238079,
              0
            ],
            [
              36.8459871,
              50.2356085,
              0
            ],
            [
              36.8469741,
              50.2297888,
              0
            ],
            [
              36.849592,
              50.2274003,
              0
            ],
            [
              36.8492057,
              50.2264805,
              0
            ],
            [
              36.8475964,
              50.2254921,
              0
            ],
            [
              36.8469527,
              50.2256157,
              0
            ],
            [
              36.8435409,
              50.2279082,
              0
            ],
            [
              36.8411805,
              50.2355125,
              0
            ],
            [
              36.8425538,
              50.2389985,
              0
            ],
            [
              36.8699338,
              50.2502509,
              0
            ],
            [
              36.8707063,
              50.2517327,
              0
            ],
            [
              36.868044,
              50.2571264,
              0
            ],
            [
              36.8649986,
              50.2598035,
              0
            ],
            [
              36.8543556,
              50.2633426,
              0
            ],
            [
              36.8447501,
              50.2625168,
              0
            ],
            [
              36.8352329,
              50.2571116,
              0
            ],
            [
              36.8324757,
              50.2537366,
              0
            ],
            [
              36.8292997,
              50.2522826,
              0
            ],
            [
              36.8143655,
              50.2502792,
              0
            ],
            [
              36.8002249,
              50.2528722,
              0
            ],
            [
              36.7735531,
              50.2619953,
              0
            ],
            [
              36.7558608,
              50.2634426,
              0
            ],
            [
              36.7427888,
              50.273878,
              0
            ],
            [
              36.734028,
              50.2798246,
              0
            ],
            [
              36.7330839,
              50.2792487,
              0
            ],
            [
              36.7416057,
              50.2734732,
              0
            ],
            [
              36.7552996,
              50.2628667,
              0
            ],
            [
              36.7673593,
              50.2533599,
              0
            ],
            [
              36.7678314,
              50.2520015,
              0
            ],
            [
              36.7668009,
              50.2475833,
              0
            ],
            [
              36.7700196,
              50.2431647,
              0
            ]
          ]
        ]
      },
      "properties": {
        "name": "Серая зона / Сіра зона / Gray zone",
        "styleUrl": "#poly-BDBDBD-1701-56-nodesc",
        "fill-opacity": 0.2196078431372549,
        "fill": "#bdbdbd",
        "stroke-opacity": 1,
        "stroke": "#bdbdbd",
        "stroke-width": 1.701
      }
    },
    {
      "type": "Feature",
      "geometry": {
        "type": "Polygon",
        "coordinates": [
          [
            [
              33.162584,
              46.787852,
              0
            ],
            [
              33.132222,
              46.781146,
              0
            ],
            [
              33.097961,
              46.766395,
              0
            ],
            [
              33.063326,
              46.747624,
              0
            ],
            [
              33.01974,
              46.737931,
              0
            ],
            [
              32.997296,
              46.738222,
              0
            ],
            [
              32.913526,
              46.726457,
              0
            ],
            [
              32.824262,
              46.68031,
              0
            ],
            [
              32.759631,
              46.665557,
              0
            ],
            [
              32.710371,
              46.664731,
              0
            ],
            [
              32.672695,
              46.654053,
              0
            ],
            [
              32.660978,
              46.648742,
              0
            ],
            [
              32.611507,
              46.614156,
              0
            ],
            [
              32.5864011,
              46.5944639,
              0
            ],
            [
              32.581956,
              46.593714,
              0
            ],
            [
              32.5606875,
              46.5972092,
              0
            ],
            [
              32.5562562,
              46.5973007,
              0
            ],
            [
              32.5394964,
              46.5930554,
              0
            ],
            [
              32.5103022,
              46.5914877,
              0
            ],
            [
              32.484503,
              46.57675,
              0
            ],
            [
              32.432013,
              46.555202,
              0
            ],
            [
              32.421017,
              46.546038,
              0
            ],
            [
              32.391661,
              46.53561,
              0
            ],
            [
              32.370892,
              46.525351,
              0
            ],
            [
              32.363639,
              46.524538,
              0
            ],
            [
              32.34937,
              46.528028,
              0
            ],
            [
              32.285717,
              46.526443,
              0
            ],
            [
              32.281437,
              46.523752,
              0
            ],
            [
              32.281621,
              46.50098,
              0
            ],
            [
              32.294601,
              46.490877,
              0
            ],
            [
              32.311164,
              46.494507,
              0
            ],
            [
              32.373644,
              46.522269,
              0
            ],
            [
              32.394933,
              46.534954,
              0
            ],
            [
              32.423107,
              46.544178,
              0
            ],
            [
              32.4368,
              46.55501,
              0
            ],
            [
              32.480506,
              46.572395,
              0
            ],
            [
              32.493852,
              46.56948,
              0
            ],
            [
              32.508305,
              46.555765,
              0
            ],
            [
              32.519696,
              46.552534,
              0
            ],
            [
              32.531773,
              46.552843,
              0
            ],
            [
              32.559495,
              46.559006,
              0
            ],
            [
              32.562125,
              46.559015,
              0
            ],
            [
              32.564127,
              46.556954,
              0
            ],
            [
              32.566001,
              46.554403,
              0
            ],
            [
              32.570106,
              46.554802,
              0
            ],
            [
              32.575196,
              46.568385,
              0
            ],
            [
              32.579327,
              46.572118,
              0
            ],
            [
              32.587322,
              46.575733,
              0
            ],
            [
              32.611238,
              46.567016,
              0
            ],
            [
              32.616613,
              46.56715,
              0
            ],
            [
              32.631488,
              46.581934,
              0
            ],
            [
              32.668184,
              46.605161,
              0
            ],
            [
              32.67496,
              46.615061,
              0
            ],
            [
              32.688649,
              46.62375,
              0
            ],
            [
              32.70303,
              46.628614,
              0
            ],
            [
              32.708652,
              46.630219,
              0
            ],
            [
              32.718444,
              46.631827,
              0
            ],
            [
              32.753133,
              46.631451,
              0
            ],
            [
              32.768349,
              46.635673,
              0
            ],
            [
              32.773426,
              46.634702,
              0
            ],
            [
              32.780045,
              46.62642,
              0
            ],
            [
              32.791469,
              46.629691,
              0
            ],
            [
              32.801431,
              46.641031,
              0
            ],
            [
              32.873821,
              46.687674,
              0
            ],
            [
              32.895587,
              46.703741,
              0
            ],
            [
              32.92022,
              46.71204,
              0
            ],
            [
              32.948295,
              46.712241,
              0
            ],
            [
              32.980308,
              46.710728,
              0
            ],
            [
              32.990778,
              46.714287,
              0
            ],
            [
              33.049074,
              46.7255012,
              0
            ],
            [
              33.131707,
              46.755514,
              0
            ],
            [
              33.161726,
              46.761782,
              0
            ],
            [
              33.21522,
              46.765967,
              0
            ],
            [
              33.241821,
              46.762672,
              0
            ],
            [
              33.246627,
              46.759533,
              0
            ],
            [
              33.251433,
              46.755335,
              0
            ],
            [
              33.278971,
              46.750374,
              0
            ],
            [
              33.315711,
              46.752614,
              0
            ],
            [
              33.345919,
              46.764016,
              0
            ],
            [
              33.346214,
              46.775834,
              0
            ],
            [
              33.333988,
              46.778595,
              0
            ],
            [
              33.326264,
              46.777451,
              0
            ],
            [
              33.317683,
              46.774778,
              0
            ],
            [
              33.310173,
              46.774044,
              0
            ],
            [
              33.301463,
              46.773898,
              0
            ],
            [
              33.261805,
              46.782122,
              0
            ],
            [
              33.162584,
              46.787852,
              0
            ]
          ]
        ]
      },
      "properties": {
        "name": "Серая зона / Сіра зона / Gray zone",
        "styleUrl": "#poly-BDBDBD-1701-79-nodesc",
        "fill-opacity": 0.30980392156862746,
        "fill": "#bdbdbd",
        "stroke-opacity": 1,
        "stroke": "#bdbdbd",
        "stroke-width": 1.701
      }
    },
    {
      "type": "Feature",
      "geometry": {
        "type": "Polygon",
        "coordinates": [
          [
            [
              34.3173975,
              51.8787395,
              0
            ],
            [
              34.3113893,
              51.8736525,
              0
            ],
            [
              34.2805752,
              51.8594155,
              0
            ],
            [
              34.2784294,
              51.857083,
              0
            ],
            [
              34.2798886,
              51.8480702,
              0
            ],
            [
              34.3376526,
              51.8429268,
              0
            ],
            [
              34.3378252,
              51.8374977,
              0
            ],
            [
              34.3420309,
              51.8329896,
              0
            ],
            [
              34.3755049,
              51.8282688,
              0
            ],
            [
              34.3809551,
              51.8344481,
              0
            ],
            [
              34.3891,
              51.836229,
              0
            ],
            [
              34.3675775,
              51.8365884,
              0
            ],
            [
              34.3590803,
              51.842528,
              0
            ],
            [
              34.3494672,
              51.8414144,
              0
            ],
            [
              34.3466348,
              51.8428461,
              0
            ],
            [
              34.3461199,
              51.8500044,
              0
            ],
            [
              34.3560762,
              51.860713,
              0
            ],
            [
              34.327988,
              51.871431,
              0
            ],
            [
              34.3173975,
              51.8787395,
              0
            ]
          ]
        ]
      },
      "properties": {
        "name": "Серая зона / Сіра зона / Gray zone",
        "styleUrl": "#poly-BDBDBD-2201-59-nodesc",
        "fill-opacity": 0.23137254901960785,
        "fill": "#bdbdbd",
        "stroke-opacity": 1,
        "stroke": "#bdbdbd",
        "stroke-width": 2.201
      }
    },
    {
      "type": "Feature",
      "geometry": {
        "type": "Polygon",
        "coordinates": [
          [
            [
              36.296768,
              47.7845188,
              0
            ],
            [
              36.3006248,
              47.8006366,
              0
            ],
            [
              36.3034532,
              47.8033342,
              0
            ],
            [
              36.3469829,
              47.8058616,
              0
            ],
            [
              36.353889,
              47.80352,
              0
            ],
            [
              36.3686945,
              47.7962057,
              0
            ],
            [
              36.3874272,
              47.7957189,
              0
            ],
            [
              36.390539,
              47.7974815,
              0
            ],
            [
              36.3966518,
              47.81103,
              0
            ],
            [
              36.4247428,
              47.8141999,
              0
            ],
            [
              36.4474822,
              47.8091257,
              0
            ],
            [
              36.4509154,
              47.8096445,
              0
            ],
            [
              36.470399,
              47.8186937,
              0
            ],
            [
              36.4857627,
              47.8199617,
              0
            ],
            [
              36.495719,
              47.8263584,
              0
            ],
            [
              36.5013838,
              47.826877,
              0
            ],
            [
              36.5003876,
              47.8337078,
              0
            ],
            [
              36.522124,
              47.8426995,
              0
            ],
            [
              36.5780866,
              47.8534747,
              0
            ],
            [
              36.5828808,
              47.8571348,
              0
            ],
            [
              36.5734798,
              47.8941439,
              0
            ],
            [
              36.5744293,
              47.897236,
              0
            ],
            [
              36.5433451,
              47.8923792,
              0
            ],
            [
              36.5446837,
              47.884962,
              0
            ],
            [
              36.5401971,
              47.8790475,
              0
            ],
            [
              36.5201555,
              47.8770326,
              0
            ],
            [
              36.5137612,
              47.8742693,
              0
            ],
            [
              36.5122697,
              47.8722396,
              0
            ],
            [
              36.5122805,
              47.8683965,
              0
            ],
            [
              36.5100705,
              47.8669283,
              0
            ],
            [
              36.4960801,
              47.8664965,
              0
            ],
            [
              36.4704167,
              47.8697785,
              0
            ],
            [
              36.4678418,
              47.8681088,
              0
            ],
            [
              36.469816,
              47.8591257,
              0
            ],
            [
              36.4775407,
              47.8531361,
              0
            ],
            [
              36.4759529,
              47.845389,
              0
            ],
            [
              36.4349469,
              47.8391305,
              0
            ],
            [
              36.4061094,
              47.8215965,
              0
            ],
            [
              36.4035118,
              47.8206512,
              0
            ],
            [
              36.3919879,
              47.8209734,
              0
            ],
            [
              36.3799494,
              47.8201997,
              0
            ],
            [
              36.3662824,
              47.813372,
              0
            ],
            [
              36.31807,
              47.8074619,
              0
            ],
            [
              36.2833022,
              47.8163956,
              0
            ],
            [
              36.2751772,
              47.815493,
              0
            ],
            [
              36.2752924,
              47.8033507,
              0
            ],
            [
              36.2729882,
              47.8022972,
              0
            ],
            [
              36.2202177,
              47.7993923,
              0
            ],
            [
              36.2184939,
              47.8002446,
              0
            ],
            [
              36.2145657,
              47.8096533,
              0
            ],
            [
              36.2128684,
              47.8108186,
              0
            ],
            [
              36.1680362,
              47.8117689,
              0
            ],
            [
              36.1659699,
              47.8133691,
              0
            ],
            [
              36.1682838,
              47.825004,
              0
            ],
            [
              36.1668635,
              47.8263837,
              0
            ],
            [
              36.141949,
              47.8307612,
              0
            ],
            [
              36.1270306,
              47.8302181,
              0
            ],
            [
              36.1259823,
              47.8295649,
              0
            ],
            [
              36.1241817,
              47.8099938,
              0
            ],
            [
              36.1248705,
              47.8088668,
              0
            ],
            [
              36.1476014,
              47.792051,
              0
            ],
            [
              36.1570858,
              47.7897215,
              0
            ],
            [
              36.1580727,
              47.7887181,
              0
            ],
            [
              36.1583807,
              47.7691301,
              0
            ],
            [
              36.1556696,
              47.766454,
              0
            ],
            [
              36.1270764,
              47.7661108,
              0
            ],
            [
              36.1110471,
              47.7602582,
              0
            ],
            [
              36.100287,
              47.7600854,
              0
            ],
            [
              36.0946923,
              47.7619459,
              0
            ],
            [
              36.0827885,
              47.7614114,
              0
            ],
            [
              36.0819376,
              47.7605565,
              0
            ],
            [
              36.081753,
              47.7569461,
              0
            ],
            [
              36.0783455,
              47.7458568,
              0
            ],
            [
              36.0802597,
              47.7439432,
              0
            ],
            [
              36.0977049,
              47.741888,
              0
            ],
            [
              36.118714,
              47.7348684,
              0
            ],
            [
              36.1238263,
              47.7299802,
              0
            ],
            [
              36.1148141,
              47.7039944,
              0
            ],
            [
              36.087001,
              47.7011677,
              0
            ],
            [
              36.0737401,
              47.7043735,
              0
            ],
            [
              36.0691482,
              47.7018897,
              0
            ],
            [
              36.0697919,
              47.7004456,
              0
            ],
            [
              36.0756713,
              47.6972974,
              0
            ],
            [
              36.0833961,
              47.6856847,
              0
            ],
            [
              36.1074634,
              47.6827209,
              0
            ],
            [
              36.1269083,
              47.6731128,
              0
            ],
            [
              36.1313376,
              47.6657029,
              0
            ],
            [
              36.1359494,
              47.6623046,
              0
            ],
            [
              36.1365984,
              47.6611727,
              0
            ],
            [
              36.1367431,
              47.659759,
              0
            ],
            [
              36.1360456,
              47.6590416,
              0
            ],
            [
              36.1231075,
              47.653126,
              0
            ],
            [
              36.119523,
              47.6486364,
              0
            ],
            [
              36.1199297,
              47.6456502,
              0
            ],
            [
              36.1258521,
              47.6373226,
              0
            ],
            [
              36.120392,
              47.6343929,
              0
            ],
            [
              36.101887,
              47.6309992,
              0
            ],
            [
              36.0803356,
              47.6133337,
              0
            ],
            [
              36.0804,
              47.6072869,
              0
            ],
            [
              36.0778251,
              47.6055219,
              0
            ],
            [
              36.0573115,
              47.60231,
              0
            ],
            [
              36.0467514,
              47.5940753,
              0
            ],
            [
              36.0370949,
              47.593352,
              0
            ],
            [
              36.0294994,
              47.5871868,
              0
            ],
            [
              36.0288986,
              47.5659948,
              0
            ],
            [
              36.032761,
              47.5619986,
              0
            ],
            [
              36.0634884,
              47.5564961,
              0
            ],
            [
              36.0674107,
              47.5519536,
              0
            ],
            [
              36.0585349,
              47.5321387,
              0
            ],
            [
              36.0548284,
              47.5297472,
              0
            ],
            [
              36.0279039,
              47.531367,
              0
            ],
            [
              36.0130059,
              47.5288062,
              0
            ],
            [
              35.9933256,
              47.5287342,
              0
            ],
            [
              35.9807387,
              47.5273803,
              0
            ],
            [
              35.9785377,
              47.526026,
              0
            ],
            [
              35.9757921,
              47.5197784,
              0
            ],
            [
              35.973465,
              47.5188388,
              0
            ],
            [
              35.9495866,
              47.5235176,
              0
            ],
            [
              35.94233,
              47.531508,
              0
            ],
            [
              35.9410855,
              47.5321829,
              0
            ],
            [
              35.9272236,
              47.5332629,
              0
            ],
            [
              35.9242362,
              47.5323124,
              0
            ],
            [
              35.9197049,
              47.5271894,
              0
            ],
            [
              35.9180954,
              47.5270594,
              0
            ],
            [
              35.9047378,
              47.5297761,
              0
            ],
            [
              35.9036108,
              47.5296527,
              0
            ],
            [
              35.9015726,
              47.5268559,
              0
            ],
            [
              35.9019435,
              47.5259689,
              0
            ],
            [
              35.927204,
              47.5192847,
              0
            ],
            [
              35.9284596,
              47.513278,
              0
            ],
            [
              35.9157567,
              47.5008126,
              0
            ],
            [
              35.9156352,
              47.4945984,
              0
            ],
            [
              35.8905037,
              47.47618,
              0
            ],
            [
              35.8870068,
              47.4755102,
              0
            ],
            [
              35.8692587,
              47.4809025,
              0
            ],
            [
              35.8527874,
              47.5020332,
              0
            ],
            [
              35.8540002,
              47.5420276,
              0
            ],
            [
              35.85102,
              47.5449823,
              0
            ],
            [
              35.8374704,
              47.5478209,
              0
            ],
            [
              35.8323263,
              47.5469513,
              0
            ],
            [
              35.8241357,
              47.5491748,
              0
            ],
            [
              35.8164997,
              47.5530958,
              0
            ],
            [
              35.8142909,
              47.5575178,
              0
            ],
            [
              35.8128625,
              47.5580911,
              0
            ],
            [
              35.8084731,
              47.5569556,
              0
            ],
            [
              35.8048014,
              47.5541341,
              0
            ],
            [
              35.8049253,
              47.5531542,
              0
            ],
            [
              35.8127688,
              47.5503546,
              0
            ],
            [
              35.8214074,
              47.5406644,
              0
            ],
            [
              35.8331906,
              47.5344933,
              0
            ],
            [
              35.8369756,
              47.5135122,
              0
            ],
            [
              35.8311151,
              47.5100924,
              0
            ],
            [
              35.8284531,
              47.4952008,
              0
            ],
            [
              35.825277,
              47.4938784,
              0
            ],
            [
              35.8115446,
              47.4984231,
              0
            ],
            [
              35.8020185,
              47.4969593,
              0
            ],
            [
              35.7898862,
              47.4908456,
              0
            ],
            [
              35.7528074,
              47.4893958,
              0
            ],
            [
              35.7482583,
              47.4926436,
              0
            ],
            [
              35.7202354,
              47.4937108,
              0
            ],
            [
              35.6949155,
              47.5075114,
              0
            ],
            [
              35.6701351,
              47.5109363,
              0
            ],
            [
              35.64731,
              47.5178591,
              0
            ],
            [
              35.6400413,
              47.5185517,
              0
            ],
            [
              35.6201565,
              47.5135621,
              0
            ],
            [
              35.6147291,
              47.5147145,
              0
            ],
            [
              35.5977979,
              47.5247928,
              0
            ],
            [
              35.5851286,
              47.5381582,
              0
            ],
            [
              35.5872203,
              47.5441062,
              0
            ],
            [
              35.5940835,
              47.5464346,
              0
            ],
            [
              35.5951112,
              47.5506689,
              0
            ],
            [
              35.592362,
              47.5530467,
              0
            ],
            [
              35.5789201,
              47.556541,
              0
            ],
            [
              35.5647551,
              47.5530703,
              0
            ],
            [
              35.5623518,
              47.5529544,
              0
            ],
            [
              35.5508505,
              47.554866,
              0
            ],
            [
              35.5496274,
              47.5554163,
              0
            ],
            [
              35.5476533,
              47.5637134,
              0
            ],
            [
              35.546448,
              47.564308,
              0
            ],
            [
              35.5328831,
              47.5637438,
              0
            ],
            [
              35.5223481,
              47.5599565,
              0
            ],
            [
              35.4942865,
              47.56017,
              0
            ],
            [
              35.4890371,
              47.5621839,
              0
            ],
            [
              35.4822356,
              47.5682982,
              0
            ],
            [
              35.4724732,
              47.571371,
              0
            ],
            [
              35.4493205,
              47.5705036,
              0
            ],
            [
              35.4277356,
              47.5672591,
              0
            ],
            [
              35.4152896,
              47.5730436,
              0
            ],
            [
              35.3909814,
              47.5758172,
              0
            ],
            [
              35.3901268,
              47.5784044,
              0
            ],
            [
              35.3988115,
              47.5854732,
              0
            ],
            [
              35.4135071,
              47.5906883,
              0
            ],
            [
              35.4183136,
              47.5985024,
              0
            ],
            [
              35.4179703,
              47.6007595,
              0
            ],
            [
              35.4115358,
              47.6051591,
              0
            ],
            [
              35.3998626,
              47.6044359,
              0
            ],
            [
              35.3942615,
              47.5960672,
              0
            ],
            [
              35.3734046,
              47.5933178,
              0
            ],
            [
              35.3730977,
              47.586784,
              0
            ],
            [
              35.3720248,
              47.5862195,
              0
            ],
            [
              35.35797,
              47.5858143,
              0
            ],
            [
              35.3559959,
              47.5845407,
              0
            ],
            [
              35.3470051,
              47.5835275,
              0
            ],
            [
              35.3420484,
              47.5850907,
              0
            ],
            [
              35.3405893,
              47.5851775,
              0
            ],
            [
              35.3378427,
              47.584338,
              0
            ],
            [
              35.3331425,
              47.5803212,
              0
            ],
            [
              35.3158476,
              47.5789317,
              0
            ],
            [
              35.3025504,
              47.5861114,
              0
            ],
            [
              35.2971449,
              47.5851633,
              0
            ],
            [
              35.2968894,
              47.583173,
              0
            ],
            [
              35.2999954,
              47.580497,
              0
            ],
            [
              35.307707,
              47.5770802,
              0
            ],
            [
              35.321534,
              47.5719792,
              0
            ],
            [
              35.3294466,
              47.5593379,
              0
            ],
            [
              35.3415146,
              47.5618972,
              0
            ],
            [
              35.3421961,
              47.5625074,
              0
            ],
            [
              35.3398819,
              47.5705899,
              0
            ],
            [
              35.3405552,
              47.5716033,
              0
            ],
            [
              35.3589476,
              47.576169,
              0
            ],
            [
              35.362745,
              47.5803474,
              0
            ],
            [
              35.3684064,
              47.5804386,
              0
            ],
            [
              35.3697379,
              47.577117,
              0
            ],
            [
              35.3769913,
              47.5761113,
              0
            ],
            [
              35.3784508,
              47.564951,
              0
            ],
            [
              35.3912396,
              47.5653854,
              0
            ],
            [
              35.3929133,
              47.5647194,
              0
            ],
            [
              35.3932262,
              47.5612502,
              0
            ],
            [
              35.3861879,
              47.5539879,
              0
            ],
            [
              35.3885914,
              47.5503169,
              0
            ],
            [
              35.4100527,
              47.5488757,
              0
            ],
            [
              35.423014,
              47.5431844,
              0
            ],
            [
              35.4402659,
              47.545834,
              0
            ],
            [
              35.4506479,
              47.5405622,
              0
            ],
            [
              35.4638616,
              47.5404684,
              0
            ],
            [
              35.4683161,
              47.5450307,
              0
            ],
            [
              35.4982142,
              47.5447518,
              0
            ],
            [
              35.5067671,
              47.5426918,
              0
            ],
            [
              35.5466535,
              47.5466449,
              0
            ],
            [
              35.5486909,
              47.5434724,
              0
            ],
            [
              35.5635163,
              47.5419795,
              0
            ],
            [
              35.5705313,
              47.5295704,
              0
            ],
            [
              35.5900736,
              47.5264319,
              0
            ],
            [
              35.5981303,
              47.510044,
              0
            ],
            [
              35.6081497,
              47.508975,
              0
            ],
            [
              35.6110199,
              47.5071351,
              0
            ],
            [
              35.6195549,
              47.5088896,
              0
            ],
            [
              35.6232348,
              47.5059628,
              0
            ],
            [
              35.6394343,
              47.5108562,
              0
            ],
            [
              35.6415575,
              47.5083303,
              0
            ],
            [
              35.6349524,
              47.5055782,
              0
            ],
            [
              35.6390391,
              47.5000777,
              0
            ],
            [
              35.6612356,
              47.4996223,
              0
            ],
            [
              35.6812756,
              47.5050926,
              0
            ],
            [
              35.7050928,
              47.4967786,
              0
            ],
            [
              35.7181073,
              47.4897742,
              0
            ],
            [
              35.7460829,
              47.489878,
              0
            ],
            [
              35.7465601,
              47.489254,
              0
            ],
            [
              35.7462237,
              47.487153,
              0
            ],
            [
              35.781244,
              47.4846723,
              0
            ],
            [
              35.7909781,
              47.480393,
              0
            ],
            [
              35.7993749,
              47.4732965,
              0
            ],
            [
              35.8181564,
              47.4698927,
              0
            ],
            [
              35.8428105,
              47.4712458,
              0
            ],
            [
              35.8939494,
              47.4660573,
              0
            ],
            [
              35.9101171,
              47.4691321,
              0
            ],
            [
              35.9209318,
              47.4766162,
              0
            ],
            [
              35.9238098,
              47.494518,
              0
            ],
            [
              35.9248902,
              47.4951397,
              0
            ],
            [
              35.9332666,
              47.493413,
              0
            ],
            [
              35.9412158,
              47.494628,
              0
            ],
            [
              35.940496,
              47.5150364,
              0
            ],
            [
              35.935076,
              47.5242073,
              0
            ],
            [
              35.9358426,
              47.5267058,
              0
            ],
            [
              35.9393588,
              47.5280708,
              0
            ],
            [
              35.9449791,
              47.5269855,
              0
            ],
            [
              35.9485389,
              47.5219593,
              0
            ],
            [
              35.972913,
              47.517092,
              0
            ],
            [
              35.9903894,
              47.5165368,
              0
            ],
            [
              35.9936251,
              47.5223067,
              0
            ],
            [
              35.9980238,
              47.5246107,
              0
            ],
            [
              36.0036243,
              47.5246831,
              0
            ],
            [
              36.0091819,
              47.5232051,
              0
            ],
            [
              36.0284938,
              47.5214663,
              0
            ],
            [
              36.0309153,
              47.5219193,
              0
            ],
            [
              36.0326706,
              47.5260897,
              0
            ],
            [
              36.0384188,
              47.5291455,
              0
            ],
            [
              36.0625333,
              47.5260564,
              0
            ],
            [
              36.0673608,
              47.5273875,
              0
            ],
            [
              36.076084,
              47.548332,
              0
            ],
            [
              36.0723901,
              47.5522243,
              0
            ],
            [
              36.0676265,
              47.574609,
              0
            ],
            [
              36.0654379,
              47.5760276,
              0
            ],
            [
              36.0353542,
              47.5755644,
              0
            ],
            [
              36.033423,
              47.5766645,
              0
            ],
            [
              36.0325647,
              47.5854938,
              0
            ],
            [
              36.0347963,
              47.5868831,
              0
            ],
            [
              36.0490871,
              47.5872594,
              0
            ],
            [
              36.0990067,
              47.5834013,
              0
            ],
            [
              36.104121,
              47.584168,
              0
            ],
            [
              36.105446,
              47.5963287,
              0
            ],
            [
              36.1048758,
              47.6046911,
              0
            ],
            [
              36.1022451,
              47.6151368,
              0
            ],
            [
              36.1079076,
              47.6242369,
              0
            ],
            [
              36.142,
              47.6348552,
              0
            ],
            [
              36.1428432,
              47.6466776,
              0
            ],
            [
              36.1537498,
              47.6546648,
              0
            ],
            [
              36.1570871,
              47.6543608,
              0
            ],
            [
              36.1706926,
              47.6452544,
              0
            ],
            [
              36.1722052,
              47.6452906,
              0
            ],
            [
              36.1768936,
              47.6467435,
              0
            ],
            [
              36.1786314,
              47.6463241,
              0
            ],
            [
              36.1805622,
              47.643317,
              0
            ],
            [
              36.1815918,
              47.6428254,
              0
            ],
            [
              36.1972129,
              47.6456878,
              0
            ],
            [
              36.1992728,
              47.6494174,
              0
            ],
            [
              36.1947667,
              47.6569914,
              0
            ],
            [
              36.1764848,
              47.6613272,
              0
            ],
            [
              36.168093,
              47.6723396,
              0
            ],
            [
              36.1682341,
              47.6756621,
              0
            ],
            [
              36.1726392,
              47.6787681,
              0
            ],
            [
              36.1730104,
              47.6804871,
              0
            ],
            [
              36.1681006,
              47.6903046,
              0
            ],
            [
              36.1606222,
              47.6928642,
              0
            ],
            [
              36.1502698,
              47.7076883,
              0
            ],
            [
              36.1508508,
              47.7101293,
              0
            ],
            [
              36.1539014,
              47.7106797,
              0
            ],
            [
              36.1600051,
              47.7098506,
              0
            ],
            [
              36.1704007,
              47.7126015,
              0
            ],
            [
              36.1926539,
              47.7225467,
              0
            ],
            [
              36.1947997,
              47.7261841,
              0
            ],
            [
              36.1919029,
              47.7354644,
              0
            ],
            [
              36.1784565,
              47.7434624,
              0
            ],
            [
              36.1430085,
              47.7435779,
              0
            ],
            [
              36.1415066,
              47.7444715,
              0
            ],
            [
              36.1416781,
              47.7518595,
              0
            ],
            [
              36.1437809,
              47.7531868,
              0
            ],
            [
              36.1603879,
              47.7536063,
              0
            ],
            [
              36.1638631,
              47.7547461,
              0
            ],
            [
              36.1693992,
              47.7609558,
              0
            ],
            [
              36.1714165,
              47.762434,
              0
            ],
            [
              36.1820614,
              47.7657364,
              0
            ],
            [
              36.1852964,
              47.7686228,
              0
            ],
            [
              36.1851641,
              47.7750121,
              0
            ],
            [
              36.2043043,
              47.7774924,
              0
            ],
            [
              36.2128098,
              47.7876523,
              0
            ],
            [
              36.2319501,
              47.787883,
              0
            ],
            [
              36.2565835,
              47.780674,
              0
            ],
            [
              36.280891,
              47.7833275,
              0
            ],
            [
              36.296768,
              47.7845188,
              0
            ]
          ]
        ]
      },
      "properties": {
        "name": "Серая зона / Сіра зона / Gray zone",
        "styleUrl": "#poly-BDBDBD-1601-61-nodesc",
        "fill-opacity": 0.23921568627450981,
        "fill": "#bdbdbd",
        "stroke-opacity": 1,
        "stroke": "#bdbdbd",
        "stroke-width": 1.601
      }
    },
    {
      "type": "Feature",
      "geometry": {
        "type": "Polygon",
        "coordinates": [
          [
            [
              37.0227934,
              48.35616,
              0
            ],
            [
              37.0312048,
              48.3427551,
              0
            ],
            [
              37.0395304,
              48.3379057,
              0
            ],
            [
              37.043822,
              48.3198733,
              0
            ],
            [
              37.0449377,
              48.312743,
              0
            ],
            [
              37.0414576,
              48.3104926,
              0
            ],
            [
              37.0386285,
              48.3042836,
              0
            ],
            [
              37.0391435,
              48.2964614,
              0
            ],
            [
              37.0370836,
              48.2948625,
              0
            ],
            [
              37.0342765,
              48.2945296,
              0
            ],
            [
              36.9930137,
              48.302986,
              0
            ],
            [
              36.9898459,
              48.3026964,
              0
            ],
            [
              36.9901141,
              48.2900157,
              0
            ],
            [
              36.9645153,
              48.2865668,
              0
            ],
            [
              36.9627736,
              48.2845175,
              0
            ],
            [
              36.962473,
              48.2817889,
              0
            ],
            [
              36.9566366,
              48.2802181,
              0
            ],
            [
              36.9548261,
              48.2781973,
              0
            ],
            [
              36.9577023,
              48.2630993,
              0
            ],
            [
              36.9467011,
              48.2507306,
              0
            ],
            [
              36.9362408,
              48.2452639,
              0
            ],
            [
              36.9160653,
              48.2441069,
              0
            ],
            [
              36.9109549,
              48.2459386,
              0
            ],
            [
              36.8878218,
              48.2443105,
              0
            ],
            [
              36.8867479,
              48.2436813,
              0
            ],
            [
              36.8870452,
              48.237738,
              0
            ],
            [
              36.8880719,
              48.2367417,
              0
            ],
            [
              36.8987888,
              48.2357003,
              0
            ],
            [
              36.9171446,
              48.2363149,
              0
            ],
            [
              36.9188368,
              48.2351429,
              0
            ],
            [
              36.9285381,
              48.1870467,
              0
            ],
            [
              36.9164567,
              48.1789405,
              0
            ],
            [
              36.913756,
              48.1726459,
              0
            ],
            [
              36.899241,
              48.1663782,
              0
            ],
            [
              36.8972839,
              48.1633593,
              0
            ],
            [
              36.9003047,
              48.1425914,
              0
            ],
            [
              36.9025484,
              48.1341919,
              0
            ],
            [
              36.9048736,
              48.1349883,
              0
            ],
            [
              36.9096587,
              48.1378809,
              0
            ],
            [
              36.9068603,
              48.1671482,
              0
            ],
            [
              36.917053,
              48.170426,
              0
            ],
            [
              36.9201212,
              48.1769363,
              0
            ],
            [
              36.9373911,
              48.1864932,
              0
            ],
            [
              36.9290533,
              48.2291608,
              0
            ],
            [
              36.9433226,
              48.2372506,
              0
            ],
            [
              36.9545438,
              48.2395834,
              0
            ],
            [
              36.9613244,
              48.2398121,
              0
            ],
            [
              36.9626118,
              48.2407553,
              0
            ],
            [
              36.9602944,
              48.255587,
              0
            ],
            [
              36.9677617,
              48.2663866,
              0
            ],
            [
              36.9654443,
              48.2771268,
              0
            ],
            [
              36.9666028,
              48.2778842,
              0
            ],
            [
              36.9859578,
              48.2795545,
              0
            ],
            [
              36.9969871,
              48.2782407,
              0
            ],
            [
              37.0081088,
              48.2784945,
              0
            ],
            [
              37.0093772,
              48.27765,
              0
            ],
            [
              37.0128765,
              48.2617242,
              0
            ],
            [
              37.0249572,
              48.2606529,
              0
            ],
            [
              37.0287571,
              48.252988,
              0
            ],
            [
              37.0428606,
              48.2483213,
              0
            ],
            [
              37.0468357,
              48.2501979,
              0
            ],
            [
              37.0451465,
              48.2595034,
              0
            ],
            [
              37.0509467,
              48.2617375,
              0
            ],
            [
              37.0585427,
              48.2627232,
              0
            ],
            [
              37.0554345,
              48.2803239,
              0
            ],
            [
              37.0580475,
              48.2807046,
              0
            ],
            [
              37.0909207,
              48.2840174,
              0
            ],
            [
              37.0880216,
              48.2978267,
              0
            ],
            [
              37.0875495,
              48.3017094,
              0
            ],
            [
              37.0910257,
              48.3081893,
              0
            ],
            [
              37.0904249,
              48.3093596,
              0
            ],
            [
              37.0775027,
              48.3142787,
              0
            ],
            [
              37.0692539,
              48.3196535,
              0
            ],
            [
              37.0553237,
              48.3214843,
              0
            ],
            [
              37.0519334,
              48.3245091,
              0
            ],
            [
              37.0514185,
              48.3267633,
              0
            ],
            [
              37.0476848,
              48.3289888,
              0
            ],
            [
              37.0437972,
              48.3442013,
              0
            ],
            [
              37.0415947,
              48.3454625,
              0
            ],
            [
              37.0344707,
              48.3461756,
              0
            ],
            [
              37.0334193,
              48.3468458,
              0
            ],
            [
              37.0329687,
              48.348714,
              0
            ],
            [
              37.033076,
              48.3490563,
              0
            ],
            [
              37.0373032,
              48.3511383,
              0
            ],
            [
              37.0374963,
              48.3548885,
              0
            ],
            [
              37.0342991,
              48.3563857,
              0
            ],
            [
              37.0338699,
              48.3575406,
              0
            ],
            [
              37.0349428,
              48.3592658,
              0
            ],
            [
              37.036638,
              48.3596936,
              0
            ],
            [
              37.0498344,
              48.3548743,
              0
            ],
            [
              37.075412,
              48.3547602,
              0
            ],
            [
              37.0827076,
              48.357783,
              0
            ],
            [
              37.0863554,
              48.3576119,
              0
            ],
            [
              37.0988867,
              48.355245,
              0
            ],
            [
              37.1008813,
              48.3554753,
              0
            ],
            [
              37.1019654,
              48.3564864,
              0
            ],
            [
              37.1013328,
              48.3647405,
              0
            ],
            [
              37.1035215,
              48.3795648,
              0
            ],
            [
              37.106646,
              48.3837548,
              0
            ],
            [
              37.1104359,
              48.3846814,
              0
            ],
            [
              37.1142504,
              48.3840398,
              0
            ],
            [
              37.1197726,
              48.3796053,
              0
            ],
            [
              37.1256218,
              48.359883,
              0
            ],
            [
              37.1288002,
              48.3580063,
              0
            ],
            [
              37.1479389,
              48.3574693,
              0
            ],
            [
              37.1627876,
              48.3455766,
              0
            ],
            [
              37.1949066,
              48.3486377,
              0
            ],
            [
              37.1962038,
              48.3495265,
              0
            ],
            [
              37.1937461,
              48.359438,
              0
            ],
            [
              37.1938629,
              48.3622774,
              0
            ],
            [
              37.1958585,
              48.3674666,
              0
            ],
            [
              37.1952901,
              48.3689064,
              0
            ],
            [
              37.1871681,
              48.3733681,
              0
            ],
            [
              37.1908588,
              48.3850262,
              0
            ],
            [
              37.1885793,
              48.3962278,
              0
            ],
            [
              37.2007011,
              48.4028248,
              0
            ],
            [
              37.2000278,
              48.4176964,
              0
            ],
            [
              37.2034395,
              48.4222249,
              0
            ],
            [
              37.2215564,
              48.4301178,
              0
            ],
            [
              37.2478591,
              48.4322788,
              0
            ],
            [
              37.2540389,
              48.434215,
              0
            ],
            [
              37.2617319,
              48.4493441,
              0
            ],
            [
              37.2668575,
              48.4517119,
              0
            ],
            [
              37.3216175,
              48.4573046,
              0
            ],
            [
              37.342718,
              48.468219,
              0
            ],
            [
              37.3421954,
              48.4726995,
              0
            ],
            [
              37.3440503,
              48.4740849,
              0
            ],
            [
              37.3604109,
              48.4754549,
              0
            ],
            [
              37.3640264,
              48.4829411,
              0
            ],
            [
              37.3628461,
              48.485567,
              0
            ],
            [
              37.3652065,
              48.4868931,
              0
            ],
            [
              37.3655502,
              48.488294,
              0
            ],
            [
              37.3639201,
              48.4892754,
              0
            ],
            [
              37.3655968,
              48.4914456,
              0
            ],
            [
              37.3673349,
              48.4912323,
              0
            ],
            [
              37.3678284,
              48.4914456,
              0
            ],
            [
              37.3705106,
              48.4943466,
              0
            ],
            [
              37.3724847,
              48.4954557,
              0
            ],
            [
              37.3726134,
              48.4959392,
              0
            ],
            [
              37.3712616,
              48.4963231,
              0
            ],
            [
              37.3719697,
              48.4975033,
              0
            ],
            [
              37.3716693,
              48.498328,
              0
            ],
            [
              37.3732357,
              48.5003044,
              0
            ],
            [
              37.3742442,
              48.5004465,
              0
            ],
            [
              37.3752742,
              48.50002,
              0
            ],
            [
              37.3764329,
              48.4998636,
              0
            ],
            [
              37.3791366,
              48.5009584,
              0
            ],
            [
              37.3800378,
              48.5009868,
              0
            ],
            [
              37.3894229,
              48.5032056,
              0
            ],
            [
              37.3992424,
              48.5255496,
              0
            ],
            [
              37.4016913,
              48.5556535,
              0
            ],
            [
              37.4076137,
              48.5624703,
              0
            ],
            [
              37.418037,
              48.5651896,
              0
            ],
            [
              37.4251133,
              48.564841,
              0
            ],
            [
              37.4272494,
              48.5632349,
              0
            ],
            [
              37.4206753,
              48.5023701,
              0
            ],
            [
              37.4241514,
              48.5001805,
              0
            ],
            [
              37.4258499,
              48.4957259,
              0
            ],
            [
              37.4277811,
              48.4943324,
              0
            ],
            [
              37.4376087,
              48.4916305,
              0
            ],
            [
              37.4393253,
              48.4902653,
              0
            ],
            [
              37.4403861,
              48.4878812,
              0
            ],
            [
              37.4437764,
              48.4862884,
              0
            ],
            [
              37.4526641,
              48.4782222,
              0
            ],
            [
              37.4623201,
              48.4702275,
              0
            ],
            [
              37.4669851,
              48.4660265,
              0
            ],
            [
              37.4762115,
              48.464508,
              0
            ],
            [
              37.4856132,
              48.4559312,
              0
            ],
            [
              37.5052646,
              48.4501457,
              0
            ],
            [
              37.5079682,
              48.4510565,
              0
            ],
            [
              37.5095775,
              48.4510139,
              0
            ],
            [
              37.52934,
              48.4446802,
              0
            ],
            [
              37.5505832,
              48.4463028,
              0
            ],
            [
              37.5611458,
              48.4413547,
              0
            ],
            [
              37.5730841,
              48.4420824,
              0
            ],
            [
              37.5756862,
              48.4414523,
              0
            ],
            [
              37.5775878,
              48.4360409,
              0
            ],
            [
              37.585619,
              48.4356126,
              0
            ],
            [
              37.6117641,
              48.4434906,
              0
            ],
            [
              37.6093609,
              48.4615362,
              0
            ],
            [
              37.6115066,
              48.4642112,
              0
            ],
            [
              37.6106483,
              48.4677682,
              0
            ],
            [
              37.6132232,
              48.474796,
              0
            ],
            [
              37.6086313,
              48.4905268,
              0
            ],
            [
              37.6104505,
              48.4930788,
              0
            ],
            [
              37.6142044,
              48.4943902,
              0
            ],
            [
              37.6473239,
              48.4970931,
              0
            ],
            [
              37.6498926,
              48.4944041,
              0
            ],
            [
              37.6584686,
              48.4951846,
              0
            ],
            [
              37.6582865,
              48.5018215,
              0
            ],
            [
              37.6647238,
              48.5048071,
              0
            ],
            [
              37.6662044,
              48.508674,
              0
            ],
            [
              37.6762005,
              48.5152701,
              0
            ],
            [
              37.6786871,
              48.5150713,
              0
            ],
            [
              37.6947269,
              48.503834,
              0
            ],
            [
              37.7068333,
              48.5117607,
              0
            ],
            [
              37.6999722,
              48.5162076,
              0
            ],
            [
              37.6983711,
              48.5189632,
              0
            ],
            [
              37.6956287,
              48.519783,
              0
            ],
            [
              37.6949131,
              48.5208004,
              0
            ],
            [
              37.6971129,
              48.5219396,
              0
            ],
            [
              37.7057758,
              48.5232394,
              0
            ],
            [
              37.7068858,
              48.5249085,
              0
            ],
            [
              37.7025399,
              48.5289285,
              0
            ],
            [
              37.6584218,
              48.5489488,
              0
            ],
            [
              37.6488335,
              48.55452,
              0
            ],
            [
              37.6416534,
              48.5678354,
              0
            ],
            [
              37.6302653,
              48.5745619,
              0
            ],
            [
              37.62871,
              48.5747598,
              0
            ],
            [
              37.6206744,
              48.5739353,
              0
            ],
            [
              37.6186798,
              48.5726697,
              0
            ],
            [
              37.6187675,
              48.571984,
              0
            ],
            [
              37.6248223,
              48.5677449,
              0
            ],
            [
              37.629134,
              48.5626578,
              0
            ],
            [
              37.6259784,
              48.5595019,
              0
            ],
            [
              37.6344418,
              48.5429625,
              0
            ],
            [
              37.6278583,
              48.535545,
              0
            ],
            [
              37.6285893,
              48.5289286,
              0
            ],
            [
              37.6244875,
              48.5273237,
              0
            ],
            [
              37.6176112,
              48.5269704,
              0
            ],
            [
              37.601637,
              48.5301696,
              0
            ],
            [
              37.5986224,
              48.5301445,
              0
            ],
            [
              37.5862513,
              48.5230986,
              0
            ],
            [
              37.5822755,
              48.5230154,
              0
            ],
            [
              37.5735547,
              48.5278268,
              0
            ],
            [
              37.5624345,
              48.529081,
              0
            ],
            [
              37.5596398,
              48.5287432,
              0
            ],
            [
              37.5553286,
              48.524948,
              0
            ],
            [
              37.5556328,
              48.5237239,
              0
            ],
            [
              37.5618207,
              48.5206225,
              0
            ],
            [
              37.5842376,
              48.5118337,
              0
            ],
            [
              37.5891308,
              48.5020743,
              0
            ],
            [
              37.5872591,
              48.4993535,
              0
            ],
            [
              37.5892331,
              48.4888877,
              0
            ],
            [
              37.584727,
              48.4840806,
              0
            ],
            [
              37.5843,
              48.4583503,
              0
            ],
            [
              37.583554,
              48.457479,
              0
            ],
            [
              37.5835171,
              48.4507026,
              0
            ],
            [
              37.5819912,
              48.4495913,
              0
            ],
            [
              37.5636481,
              48.4478292,
              0
            ],
            [
              37.561115,
              48.4483945,
              0
            ],
            [
              37.5445109,
              48.4528086,
              0
            ],
            [
              37.5161009,
              48.452894,
              0
            ],
            [
              37.514227,
              48.453735,
              0
            ],
            [
              37.5119811,
              48.461176,
              0
            ],
            [
              37.5087195,
              48.4634527,
              0
            ],
            [
              37.4824553,
              48.4662414,
              0
            ],
            [
              37.480095,
              48.4695136,
              0
            ],
            [
              37.4726277,
              48.4702534,
              0
            ],
            [
              37.467907,
              48.4731271,
              0
            ],
            [
              37.4614764,
              48.4730376,
              0
            ],
            [
              37.4541879,
              48.478815,
              0
            ],
            [
              37.447308,
              48.4924072,
              0
            ],
            [
              37.4459327,
              48.4937265,
              0
            ],
            [
              37.4350311,
              48.4967748,
              0
            ],
            [
              37.425482,
              48.5029838,
              0
            ],
            [
              37.4299273,
              48.5507312,
              0
            ],
            [
              37.4345349,
              48.5577201,
              0
            ],
            [
              37.4608382,
              48.5640524,
              0
            ],
            [
              37.4632826,
              48.5659242,
              0
            ],
            [
              37.4626998,
              48.5684141,
              0
            ],
            [
              37.4541252,
              48.5704563,
              0
            ],
            [
              37.4266259,
              48.5659645,
              0
            ],
            [
              37.3950744,
              48.5662005,
              0
            ],
            [
              37.3743009,
              48.568694,
              0
            ],
            [
              37.3699981,
              48.5685005,
              0
            ],
            [
              37.3593282,
              48.5654928,
              0
            ],
            [
              37.3529505,
              48.5617464,
              0
            ],
            [
              37.3526303,
              48.5593427,
              0
            ],
            [
              37.357181,
              48.5564602,
              0
            ],
            [
              37.3944475,
              48.5514897,
              0
            ],
            [
              37.3967073,
              48.549389,
              0
            ],
            [
              37.3933135,
              48.5246223,
              0
            ],
            [
              37.3849809,
              48.5199743,
              0
            ],
            [
              37.3765661,
              48.5103874,
              0
            ],
            [
              37.3515088,
              48.50214,
              0
            ],
            [
              37.3469706,
              48.4969053,
              0
            ],
            [
              37.3467844,
              48.4801547,
              0
            ],
            [
              37.3438615,
              48.4788323,
              0
            ],
            [
              37.3319287,
              48.4778294,
              0
            ],
            [
              37.3168639,
              48.4845802,
              0
            ],
            [
              37.3161106,
              48.4880969,
              0
            ],
            [
              37.3143273,
              48.488826,
              0
            ],
            [
              37.2656773,
              48.4833319,
              0
            ],
            [
              37.2647397,
              48.4823159,
              0
            ],
            [
              37.2670634,
              48.4708879,
              0
            ],
            [
              37.2663338,
              48.4701766,
              0
            ],
            [
              37.2517427,
              48.4690954,
              0
            ],
            [
              37.2475569,
              48.4713659,
              0
            ],
            [
              37.2327177,
              48.4703386,
              0
            ],
            [
              37.2281947,
              48.4751734,
              0
            ],
            [
              37.2268041,
              48.4758543,
              0
            ],
            [
              37.2221625,
              48.4755268,
              0
            ],
            [
              37.2213413,
              48.4752274,
              0
            ],
            [
              37.2194475,
              48.4685264,
              0
            ],
            [
              37.2014903,
              48.46642,
              0
            ],
            [
              37.1976102,
              48.4643126,
              0
            ],
            [
              37.201709,
              48.4476761,
              0
            ],
            [
              37.1919844,
              48.436441,
              0
            ],
            [
              37.1945779,
              48.4238782,
              0
            ],
            [
              37.1884932,
              48.4220103,
              0
            ],
            [
              37.18876,
              48.4174082,
              0
            ],
            [
              37.1829184,
              48.4129218,
              0
            ],
            [
              37.1748125,
              48.4130368,
              0
            ],
            [
              37.1721903,
              48.4138655,
              0
            ],
            [
              37.1697461,
              48.413736,
              0
            ],
            [
              37.1692111,
              48.4126736,
              0
            ],
            [
              37.1733598,
              48.3946242,
              0
            ],
            [
              37.1636982,
              48.3885528,
              0
            ],
            [
              37.1554058,
              48.377373,
              0
            ],
            [
              37.1536997,
              48.3772451,
              0
            ],
            [
              37.12589,
              48.3867875,
              0
            ],
            [
              37.1244018,
              48.3896979,
              0
            ],
            [
              37.1311545,
              48.4073694,
              0
            ],
            [
              37.131119,
              48.4098473,
              0
            ],
            [
              37.1268221,
              48.4215653,
              0
            ],
            [
              37.1250086,
              48.4224992,
              0
            ],
            [
              37.0941269,
              48.4225044,
              0
            ],
            [
              37.0883585,
              48.4210334,
              0
            ],
            [
              37.0879201,
              48.4201314,
              0
            ],
            [
              37.0887272,
              48.418501,
              0
            ],
            [
              37.090221,
              48.4182377,
              0
            ],
            [
              37.0961603,
              48.4190591,
              0
            ],
            [
              37.0997131,
              48.4183944,
              0
            ],
            [
              37.1006591,
              48.4172043,
              0
            ],
            [
              37.0969263,
              48.4014578,
              0
            ],
            [
              37.0978912,
              48.3984666,
              0
            ],
            [
              37.1025891,
              48.3937664,
              0
            ],
            [
              37.1022007,
              48.3907203,
              0
            ],
            [
              37.0935358,
              48.3868683,
              0
            ],
            [
              37.0672622,
              48.383879,
              0
            ],
            [
              37.0414958,
              48.3878759,
              0
            ],
            [
              37.0080946,
              48.3853249,
              0
            ],
            [
              37.0058554,
              48.3832494,
              0
            ],
            [
              37.00971,
              48.3682884,
              0
            ],
            [
              37.0094082,
              48.3630966,
              0
            ],
            [
              37.0119385,
              48.3607692,
              0
            ],
            [
              37.0227934,
              48.35616,
              0
            ]
          ]
        ]
      },
      "properties": {
        "name": "Серая зона / Сіра зона / Gray zone",
        "styleUrl": "#poly-BDBDBD-1801-61-nodesc",
        "fill-opacity": 0.23921568627450981,
        "fill": "#bdbdbd",
        "stroke-opacity": 1,
        "stroke": "#bdbdbd",
        "stroke-width": 1.801
      }
    },
    {
      "type": "Feature",
      "geometry": {
        "type": "Polygon",
        "coordinates": [
          [
            [
              34.3905247,
              51.7180827,
              0
            ],
            [
              34.384153,
              51.7433304,
              0
            ],
            [
              34.3762566,
              51.7471566,
              0
            ],
            [
              34.3542839,
              51.7500261,
              0
            ],
            [
              34.3465591,
              51.7499199,
              0
            ],
            [
              34.3423534,
              51.7477412,
              0
            ],
            [
              34.3305088,
              51.7325406,
              0
            ],
            [
              34.3215168,
              51.7289822,
              0
            ],
            [
              34.2973126,
              51.7267494,
              0
            ],
            [
              34.2831505,
              51.7139881,
              0
            ],
            [
              34.2486466,
              51.70617,
              0
            ],
            [
              34.236802,
              51.7106908,
              0
            ],
            [
              34.2222107,
              51.7095208,
              0
            ],
            [
              34.212632,
              51.703445,
              0
            ],
            [
              34.2187349,
              51.702818,
              0
            ],
            [
              34.2313265,
              51.708651,
              0
            ],
            [
              34.2358755,
              51.7080128,
              0
            ],
            [
              34.2440294,
              51.7035981,
              0
            ],
            [
              34.2526983,
              51.705247,
              0
            ],
            [
              34.2662596,
              51.7018959,
              0
            ],
            [
              34.277863,
              51.704721,
              0
            ],
            [
              34.289193,
              51.70387,
              0
            ],
            [
              34.2991756,
              51.7245242,
              0
            ],
            [
              34.3154835,
              51.7263851,
              0
            ],
            [
              34.3211483,
              51.7241521,
              0
            ],
            [
              34.3271564,
              51.7156976,
              0
            ],
            [
              34.3643219,
              51.7126602,
              0
            ],
            [
              34.3905247,
              51.7180827,
              0
            ]
          ]
        ]
      },
      "properties": {
        "name": "Серая зона / Сіра зона / Gray zone",
        "styleUrl": "#poly-BDBDBD-2101-64-nodesc",
        "fill-opacity": 0.25098039215686274,
        "fill": "#bdbdbd",
        "stroke-opacity": 1,
        "stroke": "#bdbdbd",
        "stroke-width": 2.101
      }
    },
    {
      "type": "Feature",
      "geometry": {
        "type": "Polygon",
        "coordinates": [
          [
            [
              35.4015093,
              50.6564158,
              0
            ],
            [
              35.4099207,
              50.6555452,
              0
            ],
            [
              35.4198155,
              50.6603264,
              0
            ],
            [
              35.4102273,
              50.6808954,
              0
            ],
            [
              35.4070944,
              50.6821462,
              0
            ],
            [
              35.3979964,
              50.682255,
              0
            ],
            [
              35.3958223,
              50.6830746,
              0
            ],
            [
              35.3868716,
              50.6914102,
              0
            ],
            [
              35.3843493,
              50.7025902,
              0
            ],
            [
              35.3857655,
              50.7078357,
              0
            ],
            [
              35.3868384,
              50.7082977,
              0
            ],
            [
              35.4112572,
              50.7071835,
              0
            ],
            [
              35.4267926,
              50.7159338,
              0
            ],
            [
              35.4268784,
              50.721205,
              0
            ],
            [
              35.423531,
              50.7235415,
              0
            ],
            [
              35.3874821,
              50.7254432,
              0
            ],
            [
              35.3843922,
              50.7266386,
              0
            ],
            [
              35.3825898,
              50.7267472,
              0
            ],
            [
              35.3806157,
              50.7258236,
              0
            ],
            [
              35.3758092,
              50.7258236,
              0
            ],
            [
              35.3731055,
              50.7285945,
              0
            ],
            [
              35.3746934,
              50.7319629,
              0
            ],
            [
              35.381474,
              50.7345705,
              0
            ],
            [
              35.3945202,
              50.7358199,
              0
            ],
            [
              35.396151,
              50.7367977,
              0
            ],
            [
              35.3960652,
              50.7407086,
              0
            ],
            [
              35.4077382,
              50.7463572,
              0
            ],
            [
              35.4033919,
              50.7556511,
              0
            ],
            [
              35.3935447,
              50.7689727,
              0
            ],
            [
              35.3965362,
              50.7903846,
              0
            ],
            [
              35.3869231,
              50.7947522,
              0
            ],
            [
              35.3728488,
              50.796977,
              0
            ],
            [
              35.3697589,
              50.7985095,
              0
            ],
            [
              35.3702161,
              50.8032014,
              0
            ],
            [
              35.3728983,
              50.8043812,
              0
            ],
            [
              35.3769538,
              50.8093441,
              0
            ],
            [
              35.3822753,
              50.8115814,
              0
            ],
            [
              35.3889057,
              50.8128423,
              0
            ],
            [
              35.3930256,
              50.8409534,
              0
            ],
            [
              35.4015657,
              50.8439343,
              0
            ],
            [
              35.4033252,
              50.8528488,
              0
            ],
            [
              35.3980952,
              50.8638609,
              0
            ],
            [
              35.3940611,
              50.864836,
              0
            ],
            [
              35.3994192,
              50.8520408,
              0
            ],
            [
              35.3971876,
              50.8459172,
              0
            ],
            [
              35.3899778,
              50.8413105,
              0
            ],
            [
              35.383283,
              50.8183242,
              0
            ],
            [
              35.3783907,
              50.8164263,
              0
            ],
            [
              35.3668035,
              50.8031927,
              0
            ],
            [
              35.3679193,
              50.7977137,
              0
            ],
            [
              35.37264,
              50.7957064,
              0
            ],
            [
              35.3862871,
              50.7933735,
              0
            ],
            [
              35.3943864,
              50.7898114,
              0
            ],
            [
              35.3907815,
              50.7814548,
              0
            ],
            [
              35.3805677,
              50.7734223,
              0
            ],
            [
              35.3788511,
              50.770274,
              0
            ],
            [
              35.3809961,
              50.7650268,
              0
            ],
            [
              35.3796816,
              50.7625475,
              0
            ],
            [
              35.3748485,
              50.7603395,
              0
            ],
            [
              35.3746236,
              50.7578237,
              0
            ],
            [
              35.3834431,
              50.7554527,
              0
            ],
            [
              35.3846446,
              50.7534979,
              0
            ],
            [
              35.3707401,
              50.7351948,
              0
            ],
            [
              35.369195,
              50.7261219,
              0
            ],
            [
              35.3801993,
              50.7124447,
              0
            ],
            [
              35.379491,
              50.6997656,
              0
            ],
            [
              35.380328,
              50.6952944,
              0
            ],
            [
              35.3882466,
              50.6886471,
              0
            ],
            [
              35.3891686,
              50.6841474,
              0
            ],
            [
              35.4019145,
              50.6776211,
              0
            ],
            [
              35.4025153,
              50.6713115,
              0
            ],
            [
              35.4114417,
              50.6665788,
              0
            ],
            [
              35.4114417,
              50.6634233,
              0
            ],
            [
              35.4080023,
              50.6607489,
              0
            ],
            [
              35.4015093,
              50.6564158,
              0
            ]
          ]
        ]
      },
      "properties": {
        "name": "Серая зона / Сіра зона / Gray zone",
        "styleUrl": "#poly-BDBDBD-2201-61-nodesc",
        "fill-opacity": 0.23921568627450981,
        "fill": "#bdbdbd",
        "stroke-opacity": 1,
        "stroke": "#bdbdbd",
        "stroke-width": 2.201
      }
    },
    {
      "type": "Feature",
      "geometry": {
        "type": "Polygon",
        "coordinates": [
          [
            [
              37.8978858,
              48.8787932,
              0
            ],
            [
              37.884603,
              48.880754,
              0
            ],
            [
              37.882629,
              48.87765,
              0
            ],
            [
              37.871214,
              48.877198,
              0
            ],
            [
              37.861858,
              48.880811,
              0
            ],
            [
              37.864862,
              48.885044,
              0
            ],
            [
              37.861257,
              48.88685,
              0
            ],
            [
              37.858511,
              48.885552,
              0
            ],
            [
              37.850442,
              48.885496,
              0
            ],
            [
              37.839885,
              48.890236,
              0
            ],
            [
              37.82126,
              48.893679,
              0
            ],
            [
              37.8192642,
              48.8924229,
              0
            ],
            [
              37.8192427,
              48.8858057,
              0
            ],
            [
              37.8209117,
              48.8821468,
              0
            ],
            [
              37.8581041,
              48.8666476,
              0
            ],
            [
              37.8661069,
              48.8663873,
              0
            ],
            [
              37.8693759,
              48.8647521,
              0
            ],
            [
              37.8720436,
              48.8570186,
              0
            ],
            [
              37.8683393,
              48.8540271,
              0
            ],
            [
              37.8393914,
              48.8485343,
              0
            ],
            [
              37.826318,
              48.8510317,
              0
            ],
            [
              37.8244653,
              48.8492237,
              0
            ],
            [
              37.8256179,
              48.8394651,
              0
            ],
            [
              37.8246257,
              48.8340555,
              0
            ],
            [
              37.8138921,
              48.8287028,
              0
            ],
            [
              37.8049231,
              48.8205097,
              0
            ],
            [
              37.800691,
              48.8040804,
              0
            ],
            [
              37.8019285,
              48.8005417,
              0
            ],
            [
              37.8081899,
              48.7992105,
              0
            ],
            [
              37.8285932,
              48.8028269,
              0
            ],
            [
              37.8346745,
              48.802146,
              0
            ],
            [
              37.8486498,
              48.7907224,
              0
            ],
            [
              37.8489059,
              48.7894797,
              0
            ],
            [
              37.8537966,
              48.785353,
              0
            ],
            [
              37.8573978,
              48.7741612,
              0
            ],
            [
              37.854271,
              48.7674958,
              0
            ],
            [
              37.8503544,
              48.7661171,
              0
            ],
            [
              37.8385255,
              48.7728667,
              0
            ],
            [
              37.8337264,
              48.7729035,
              0
            ],
            [
              37.829614,
              48.7704512,
              0
            ],
            [
              37.8167465,
              48.7710179,
              0
            ],
            [
              37.8102299,
              48.7731677,
              0
            ],
            [
              37.8017432,
              48.7817087,
              0
            ],
            [
              37.7973004,
              48.781765,
              0
            ],
            [
              37.7924493,
              48.7795014,
              0
            ],
            [
              37.7922583,
              48.7785206,
              0
            ],
            [
              37.8015524,
              48.7694587,
              0
            ],
            [
              37.80143,
              48.7680733,
              0
            ],
            [
              37.7965011,
              48.764623,
              0
            ],
            [
              37.795913,
              48.7630966,
              0
            ],
            [
              37.8025753,
              48.7565385,
              0
            ],
            [
              37.7881967,
              48.7438954,
              0
            ],
            [
              37.7831521,
              48.7426737,
              0
            ],
            [
              37.7775255,
              48.7437052,
              0
            ],
            [
              37.7758766,
              48.7433075,
              0
            ],
            [
              37.7686028,
              48.738928,
              0
            ],
            [
              37.7692573,
              48.7350401,
              0
            ],
            [
              37.7759798,
              48.7191164,
              0
            ],
            [
              37.7744269,
              48.7176002,
              0
            ],
            [
              37.7471236,
              48.7120616,
              0
            ],
            [
              37.7467941,
              48.7115832,
              0
            ],
            [
              37.7471941,
              48.7101137,
              0
            ],
            [
              37.7479084,
              48.7096384,
              0
            ],
            [
              37.7711131,
              48.7061928,
              0
            ],
            [
              37.7979781,
              48.6937585,
              0
            ],
            [
              37.795067,
              48.6796386,
              0
            ],
            [
              37.7837065,
              48.6746279,
              0
            ],
            [
              37.78196,
              48.6724507,
              0
            ],
            [
              37.7835309,
              48.6607268,
              0
            ],
            [
              37.7812181,
              48.6550496,
              0
            ],
            [
              37.7819057,
              48.6524439,
              0
            ],
            [
              37.784377,
              48.6500069,
              0
            ],
            [
              37.7826957,
              48.6474424,
              0
            ],
            [
              37.7685283,
              48.6409645,
              0
            ],
            [
              37.7512335,
              48.6271241,
              0
            ],
            [
              37.7485292,
              48.6109876,
              0
            ],
            [
              37.7435729,
              48.6071183,
              0
            ],
            [
              37.7432517,
              48.6056325,
              0
            ],
            [
              37.7464528,
              48.6009551,
              0
            ],
            [
              37.7654157,
              48.5962112,
              0
            ],
            [
              37.7705081,
              48.5852687,
              0
            ],
            [
              37.7721245,
              48.5842514,
              0
            ],
            [
              37.7827819,
              48.5839254,
              0
            ],
            [
              37.8019961,
              48.5769436,
              0
            ],
            [
              37.8021343,
              48.5742904,
              0
            ],
            [
              37.8008302,
              48.5733333,
              0
            ],
            [
              37.7940842,
              48.5727128,
              0
            ],
            [
              37.7920824,
              48.5705979,
              0
            ],
            [
              37.792398,
              48.5689373,
              0
            ],
            [
              37.7995398,
              48.5672077,
              0
            ],
            [
              37.8021508,
              48.5657031,
              0
            ],
            [
              37.8025302,
              48.5622951,
              0
            ],
            [
              37.7894841,
              48.5503152,
              0
            ],
            [
              37.7855068,
              48.5497255,
              0
            ],
            [
              37.7797356,
              48.5514718,
              0
            ],
            [
              37.7781377,
              48.5535654,
              0
            ],
            [
              37.7683853,
              48.5567381,
              0
            ],
            [
              37.7646471,
              48.5663185,
              0
            ],
            [
              37.7532009,
              48.5679488,
              0
            ],
            [
              37.7337885,
              48.5779361,
              0
            ],
            [
              37.7284498,
              48.578609,
              0
            ],
            [
              37.7056855,
              48.575651,
              0
            ],
            [
              37.6931418,
              48.5651275,
              0
            ],
            [
              37.6681992,
              48.5574001,
              0
            ],
            [
              37.6617332,
              48.5582732,
              0
            ],
            [
              37.6512931,
              48.564533,
              0
            ],
            [
              37.6484909,
              48.5656518,
              0
            ],
            [
              37.6442568,
              48.5665307,
              0
            ],
            [
              37.6416534,
              48.5678354,
              0
            ],
            [
              37.6488335,
              48.55452,
              0
            ],
            [
              37.6584218,
              48.5489488,
              0
            ],
            [
              37.7025399,
              48.5289285,
              0
            ],
            [
              37.7143174,
              48.5396742,
              0
            ],
            [
              37.7215999,
              48.5364156,
              0
            ],
            [
              37.7230386,
              48.5372752,
              0
            ],
            [
              37.7270952,
              48.5361741,
              0
            ],
            [
              37.7314008,
              48.5403123,
              0
            ],
            [
              37.7308699,
              48.5434174,
              0
            ],
            [
              37.7315859,
              48.5443925,
              0
            ],
            [
              37.7431047,
              48.5464157,
              0
            ],
            [
              37.7435213,
              48.5478958,
              0
            ],
            [
              37.745457,
              48.5481813,
              0
            ],
            [
              37.746191,
              48.547302,
              0
            ],
            [
              37.7471922,
              48.5470004,
              0
            ],
            [
              37.7507094,
              48.5434048,
              0
            ],
            [
              37.7679579,
              48.5456722,
              0
            ],
            [
              37.7697533,
              48.5450928,
              0
            ],
            [
              37.772206,
              48.5433493,
              0
            ],
            [
              37.8091347,
              48.5465456,
              0
            ],
            [
              37.8186552,
              48.5494199,
              0
            ],
            [
              37.8247446,
              48.5563434,
              0
            ],
            [
              37.8227388,
              48.56484,
              0
            ],
            [
              37.8282629,
              48.5706237,
              0
            ],
            [
              37.8235545,
              48.5767606,
              0
            ],
            [
              37.821283,
              48.5852253,
              0
            ],
            [
              37.8194514,
              48.5883276,
              0
            ],
            [
              37.8101624,
              48.5888324,
              0
            ],
            [
              37.8092414,
              48.5915541,
              0
            ],
            [
              37.777999,
              48.5872961,
              0
            ],
            [
              37.7758961,
              48.5880058,
              0
            ],
            [
              37.7731495,
              48.6015447,
              0
            ],
            [
              37.7583503,
              48.6038633,
              0
            ],
            [
              37.7565049,
              48.6053673,
              0
            ],
            [
              37.7550029,
              48.6136245,
              0
            ],
            [
              37.7632855,
              48.6189865,
              0
            ],
            [
              37.7830282,
              48.6201205,
              0
            ],
            [
              37.7871465,
              48.6231284,
              0
            ],
            [
              37.7900218,
              48.6395505,
              0
            ],
            [
              37.7942275,
              48.6430951,
              0
            ],
            [
              37.791703,
              48.6551378,
              0
            ],
            [
              37.7993137,
              48.6757031,
              0
            ],
            [
              37.8112442,
              48.683637,
              0
            ],
            [
              37.8111575,
              48.686413,
              0
            ],
            [
              37.8039486,
              48.6916264,
              0
            ],
            [
              37.8030903,
              48.6933828,
              0
            ],
            [
              37.8050788,
              48.7013402,
              0
            ],
            [
              37.8107284,
              48.7098945,
              0
            ],
            [
              37.804456,
              48.7156441,
              0
            ],
            [
              37.7969854,
              48.7171882,
              0
            ],
            [
              37.7964687,
              48.7179606,
              0
            ],
            [
              37.799569,
              48.7205561,
              0
            ],
            [
              37.8023261,
              48.7212261,
              0
            ],
            [
              37.8165953,
              48.7202439,
              0
            ],
            [
              37.8182689,
              48.7213369,
              0
            ],
            [
              37.8137263,
              48.7302154,
              0
            ],
            [
              37.8014413,
              48.735915,
              0
            ],
            [
              37.7782988,
              48.7340293,
              0
            ],
            [
              37.774269,
              48.7346429,
              0
            ],
            [
              37.7713547,
              48.7376905,
              0
            ],
            [
              37.7719078,
              48.7398102,
              0
            ],
            [
              37.7758326,
              48.7420302,
              0
            ],
            [
              37.7842212,
              48.7420107,
              0
            ],
            [
              37.8038115,
              48.7424929,
              0
            ],
            [
              37.8074381,
              48.7451247,
              0
            ],
            [
              37.8153777,
              48.7434257,
              0
            ],
            [
              37.8168797,
              48.7438219,
              0
            ],
            [
              37.8359341,
              48.7386711,
              0
            ],
            [
              37.8391957,
              48.7389259,
              0
            ],
            [
              37.8451609,
              48.7430012,
              0
            ],
            [
              37.8452897,
              48.7446992,
              0
            ],
            [
              37.8351708,
              48.7502376,
              0
            ],
            [
              37.8346558,
              48.7517373,
              0
            ],
            [
              37.8376599,
              48.755755,
              0
            ],
            [
              37.8303214,
              48.7613567,
              0
            ],
            [
              37.829506,
              48.7641573,
              0
            ],
            [
              37.8311797,
              48.7658263,
              0
            ],
            [
              37.8393765,
              48.7650908,
              0
            ],
            [
              37.8480025,
              48.7556136,
              0
            ],
            [
              37.8590747,
              48.7564341,
              0
            ],
            [
              37.8623362,
              48.7618093,
              0
            ],
            [
              37.8822919,
              48.7657697,
              0
            ],
            [
              37.8874487,
              48.7681563,
              0
            ],
            [
              37.8948284,
              48.7710023,
              0
            ],
            [
              37.9012657,
              48.7711155,
              0
            ],
            [
              37.9036624,
              48.7727321,
              0
            ],
            [
              37.9219014,
              48.7701582,
              0
            ],
            [
              37.9258534,
              48.7726614,
              0
            ],
            [
              37.9232824,
              48.780821,
              0
            ],
            [
              37.928496,
              48.7936563,
              0
            ],
            [
              37.9251271,
              48.8067177,
              0
            ],
            [
              37.9205781,
              48.8109572,
              0
            ],
            [
              37.907961,
              48.8145745,
              0
            ],
            [
              37.9002362,
              48.8204522,
              0
            ],
            [
              37.8945714,
              48.8209609,
              0
            ],
            [
              37.8708915,
              48.8148032,
              0
            ],
            [
              37.8605489,
              48.8090945,
              0
            ],
            [
              37.8534629,
              48.8134363,
              0
            ],
            [
              37.8573302,
              48.8194376,
              0
            ],
            [
              37.8589886,
              48.8393429,
              0
            ],
            [
              37.8749494,
              48.8466335,
              0
            ],
            [
              37.8931454,
              48.849514,
              0
            ],
            [
              37.8935713,
              48.8507939,
              0
            ],
            [
              37.8902985,
              48.8569646,
              0
            ],
            [
              37.8910426,
              48.8709153,
              0
            ],
            [
              37.8934458,
              48.8757138,
              0
            ],
            [
              37.8978858,
              48.8782005,
              0
            ],
            [
              37.903057,
              48.87765,
              0
            ],
            [
              37.8978858,
              48.8787932,
              0
            ]
          ]
        ]
      },
      "properties": {
        "name": "Серая зона / Сіра зона / Gray zone",
        "styleUrl": "#poly-BDBDBD-1701-59-nodesc",
        "fill-opacity": 0.23137254901960785,
        "fill": "#bdbdbd",
        "stroke-opacity": 1,
        "stroke": "#bdbdbd",
        "stroke-width": 1.701
      }
    },
    {
      "type": "Feature",
      "geometry": {
        "type": "Polygon",
        "coordinates": [
          [
            [
              37.618009,
              49.8068951,
              0
            ],
            [
              37.6085326,
              49.8031274,
              0
            ],
            [
              37.6058373,
              49.8035974,
              0
            ],
            [
              37.6033715,
              49.8078908,
              0
            ],
            [
              37.6003907,
              49.8089713,
              0
            ],
            [
              37.6000634,
              49.8094693,
              0
            ],
            [
              37.6005865,
              49.8111999,
              0
            ],
            [
              37.6088345,
              49.8165162,
              0
            ],
            [
              37.6113019,
              49.8212007,
              0
            ],
            [
              37.6173313,
              49.824376,
              0
            ],
            [
              37.626008,
              49.8255889,
              0
            ],
            [
              37.6318131,
              49.8282214,
              0
            ],
            [
              37.6348724,
              49.8340651,
              0
            ],
            [
              37.6353809,
              49.8464002,
              0
            ],
            [
              37.6379498,
              49.8488831,
              0
            ],
            [
              37.6447974,
              49.8529296,
              0
            ],
            [
              37.6449512,
              49.8584702,
              0
            ],
            [
              37.6356446,
              49.8631327,
              0
            ],
            [
              37.634334,
              49.8654545,
              0
            ],
            [
              37.6356856,
              49.8681081,
              0
            ],
            [
              37.6387325,
              49.8686574,
              0
            ],
            [
              37.6468869,
              49.8674315,
              0
            ],
            [
              37.6491112,
              49.8681914,
              0
            ],
            [
              37.6498805,
              49.8736524,
              0
            ],
            [
              37.6452399,
              49.8783795,
              0
            ],
            [
              37.6447431,
              49.8850266,
              0
            ],
            [
              37.6461041,
              49.8876302,
              0
            ],
            [
              37.6460618,
              49.8888865,
              0
            ],
            [
              37.6468132,
              49.8906482,
              0
            ],
            [
              37.6491948,
              49.8914289,
              0
            ],
            [
              37.6532923,
              49.8903059,
              0
            ],
            [
              37.6657141,
              49.8832653,
              0
            ],
            [
              37.6737198,
              49.8833018,
              0
            ],
            [
              37.6904379,
              49.8901866,
              0
            ],
            [
              37.6959636,
              49.889837,
              0
            ],
            [
              37.6983128,
              49.8895138,
              0
            ],
            [
              37.7005223,
              49.8902218,
              0
            ],
            [
              37.7168978,
              49.8948333,
              0
            ],
            [
              37.7335102,
              49.9004716,
              0
            ],
            [
              37.74074,
              49.90613,
              0
            ],
            [
              37.7415983,
              49.9077054,
              0
            ],
            [
              37.7418129,
              49.9177095,
              0
            ],
            [
              37.747821,
              49.9305569,
              0
            ],
            [
              37.7472447,
              49.9395035,
              0
            ],
            [
              37.7469847,
              49.9504374,
              0
            ],
            [
              37.744839,
              49.952481,
              0
            ],
            [
              37.735827,
              49.954745,
              0
            ],
            [
              37.7283897,
              49.958667,
              0
            ],
            [
              37.7273891,
              49.9608771,
              0
            ],
            [
              37.7342431,
              49.9667156,
              0
            ],
            [
              37.743804,
              49.969945,
              0
            ],
            [
              37.752412,
              49.971565,
              0
            ],
            [
              37.762378,
              49.96965,
              0
            ],
            [
              37.763375,
              49.969832,
              0
            ],
            [
              37.767505,
              49.97818,
              0
            ],
            [
              37.774813,
              49.981534,
              0
            ],
            [
              37.7752498,
              49.9837908,
              0
            ],
            [
              37.7700848,
              49.9891154,
              0
            ],
            [
              37.769726,
              49.990853,
              0
            ],
            [
              37.7745202,
              50.0010344,
              0
            ],
            [
              37.7790692,
              50.0059995,
              0
            ],
            [
              37.7828297,
              50.0203757,
              0
            ],
            [
              37.774144,
              50.023974,
              0
            ],
            [
              37.753304,
              50.0292536,
              0
            ],
            [
              37.7487693,
              50.0370674,
              0
            ],
            [
              37.7437155,
              50.0706776,
              0
            ],
            [
              37.7355284,
              50.0743535,
              0
            ],
            [
              37.7190236,
              50.0751808,
              0
            ],
            [
              37.698596,
              50.0804686,
              0
            ],
            [
              37.6958923,
              50.085866,
              0
            ],
            [
              37.7004053,
              50.094292,
              0
            ],
            [
              37.7002336,
              50.0974305,
              0
            ],
            [
              37.665387,
              50.113099,
              0
            ],
            [
              37.664186,
              50.114585,
              0
            ],
            [
              37.659336,
              50.115328,
              0
            ],
            [
              37.65144,
              50.11808,
              0
            ],
            [
              37.6503672,
              50.1190703,
              0
            ],
            [
              37.6633279,
              50.1386423,
              0
            ],
            [
              37.6624696,
              50.1399076,
              0
            ],
            [
              37.6486508,
              50.1431255,
              0
            ],
            [
              37.6445309,
              50.142878,
              0
            ],
            [
              37.6399391,
              50.144171,
              0
            ],
            [
              37.627279,
              50.1441432,
              0
            ],
            [
              37.618567,
              50.142179,
              0
            ],
            [
              37.6122147,
              50.1426623,
              0
            ],
            [
              37.6040403,
              50.1480999,
              0
            ],
            [
              37.6030748,
              50.1514473,
              0
            ],
            [
              37.608868,
              50.160466,
              0
            ],
            [
              37.625776,
              50.176052,
              0
            ],
            [
              37.62981,
              50.176876,
              0
            ],
            [
              37.637514,
              50.177069,
              0
            ],
            [
              37.640389,
              50.176656,
              0
            ],
            [
              37.64065,
              50.177024,
              0
            ],
            [
              37.640522,
              50.177821,
              0
            ],
            [
              37.639449,
              50.178316,
              0
            ],
            [
              37.6393198,
              50.1788928,
              0
            ],
            [
              37.6399883,
              50.1844293,
              0
            ],
            [
              37.6422969,
              50.187912,
              0
            ],
            [
              37.643404,
              50.191065,
              0
            ],
            [
              37.6369619,
              50.1969037,
              0
            ],
            [
              37.623491,
              50.206943,
              0
            ],
            [
              37.620916,
              50.212766,
              0
            ],
            [
              37.615423,
              50.215072,
              0
            ],
            [
              37.5832716,
              50.22333,
              0
            ],
            [
              37.5743452,
              50.2292054,
              0
            ],
            [
              37.5433604,
              50.2337625,
              0
            ],
            [
              37.5377384,
              50.2319096,
              0
            ],
            [
              37.5352922,
              50.2320331,
              0
            ],
            [
              37.5307003,
              50.2338723,
              0
            ],
            [
              37.5204006,
              50.2333507,
              0
            ],
            [
              37.5173537,
              50.2340096,
              0
            ],
            [
              37.5167099,
              50.2353547,
              0
            ],
            [
              37.5204436,
              50.2500108,
              0
            ],
            [
              37.5238339,
              50.2531116,
              0
            ],
            [
              37.5324599,
              50.2531391,
              0
            ],
            [
              37.5566641,
              50.2441927,
              0
            ],
            [
              37.5837007,
              50.2446319,
              0
            ],
            [
              37.5899664,
              50.2452906,
              0
            ],
            [
              37.627268,
              50.240331,
              0
            ],
            [
              37.625036,
              50.24571,
              0
            ],
            [
              37.627611,
              50.259759,
              0
            ],
            [
              37.6185232,
              50.24764,
              0
            ],
            [
              37.6108114,
              50.2463539,
              0
            ],
            [
              37.6005193,
              50.2497159,
              0
            ],
            [
              37.581897,
              50.2495286,
              0
            ],
            [
              37.5645193,
              50.2467425,
              0
            ],
            [
              37.5511981,
              50.2477903,
              0
            ],
            [
              37.5331223,
              50.2541574,
              0
            ],
            [
              37.5239134,
              50.2540464,
              0
            ],
            [
              37.4929736,
              50.2573196,
              0
            ],
            [
              37.4911593,
              50.2568903,
              0
            ],
            [
              37.4882782,
              50.2544805,
              0
            ],
            [
              37.4882295,
              50.2530586,
              0
            ],
            [
              37.4908131,
              50.2441151,
              0
            ],
            [
              37.4888895,
              50.2385724,
              0
            ],
            [
              37.4740598,
              50.228142,
              0
            ],
            [
              37.4744423,
              50.2252892,
              0
            ],
            [
              37.4855075,
              50.2196953,
              0
            ],
            [
              37.5138551,
              50.224579,
              0
            ],
            [
              37.5542224,
              50.2242907,
              0
            ],
            [
              37.5702024,
              50.2209625,
              0
            ],
            [
              37.5787302,
              50.2125764,
              0
            ],
            [
              37.5910641,
              50.2116492,
              0
            ],
            [
              37.5968485,
              50.213035,
              0
            ],
            [
              37.6163828,
              50.2077024,
              0
            ],
            [
              37.6303424,
              50.1918692,
              0
            ],
            [
              37.6315769,
              50.1801236,
              0
            ],
            [
              37.6302692,
              50.1782857,
              0
            ],
            [
              37.6242216,
              50.1770287,
              0
            ],
            [
              37.6104378,
              50.1644897,
              0
            ],
            [
              37.6009106,
              50.1589912,
              0
            ],
            [
              37.5995373,
              50.1564067,
              0
            ],
            [
              37.5953368,
              50.1538437,
              0
            ],
            [
              37.6006583,
              50.147409,
              0
            ],
            [
              37.5965385,
              50.1427886,
              0
            ],
            [
              37.6020264,
              50.1351203,
              0
            ],
            [
              37.6084637,
              50.1294534,
              0
            ],
            [
              37.6312141,
              50.1336566,
              0
            ],
            [
              37.644432,
              50.1385529,
              0
            ],
            [
              37.6473502,
              50.1411384,
              0
            ],
            [
              37.6493674,
              50.141331,
              0
            ],
            [
              37.6571137,
              50.1389793,
              0
            ],
            [
              37.6582507,
              50.1379478,
              0
            ],
            [
              37.6546458,
              50.131786,
              0
            ],
            [
              37.645028,
              50.114925,
              0
            ],
            [
              37.64786,
              50.1052375,
              0
            ],
            [
              37.6503491,
              50.1035859,
              0
            ],
            [
              37.6645112,
              50.1027051,
              0
            ],
            [
              37.6726949,
              50.0937367,
              0
            ],
            [
              37.6733331,
              50.0822851,
              0
            ],
            [
              37.6754545,
              50.0809852,
              0
            ],
            [
              37.6870525,
              50.0781567,
              0
            ],
            [
              37.7078088,
              50.0759494,
              0
            ],
            [
              37.7346738,
              50.0657028,
              0
            ],
            [
              37.7379354,
              50.0605235,
              0
            ],
            [
              37.7372487,
              50.0444312,
              0
            ],
            [
              37.7419694,
              50.0393599,
              0
            ],
            [
              37.7443727,
              50.027341,
              0
            ],
            [
              37.7554333,
              50.0258216,
              0
            ],
            [
              37.7738011,
              50.0170809,
              0
            ],
            [
              37.774536,
              50.0139519,
              0
            ],
            [
              37.7641202,
              49.9943646,
              0
            ],
            [
              37.7547645,
              49.9828863,
              0
            ],
            [
              37.7517069,
              49.9819482,
              0
            ],
            [
              37.7499366,
              49.9793816,
              0
            ],
            [
              37.7439471,
              49.976538,
              0
            ],
            [
              37.7424639,
              49.9717619,
              0
            ],
            [
              37.7338756,
              49.9673156,
              0
            ],
            [
              37.7264586,
              49.9613447,
              0
            ],
            [
              37.7278777,
              49.9577669,
              0
            ],
            [
              37.7442442,
              49.9490357,
              0
            ],
            [
              37.7448681,
              49.9389116,
              0
            ],
            [
              37.7466168,
              49.9303447,
              0
            ],
            [
              37.7405777,
              49.9177932,
              0
            ],
            [
              37.7401239,
              49.9075497,
              0
            ],
            [
              37.7329584,
              49.9013736,
              0
            ],
            [
              37.7115573,
              49.8942912,
              0
            ],
            [
              37.7092558,
              49.8948825,
              0
            ],
            [
              37.7042425,
              49.9040792,
              0
            ],
            [
              37.7032803,
              49.9047938,
              0
            ],
            [
              37.7000312,
              49.905082,
              0
            ],
            [
              37.6990565,
              49.9046515,
              0
            ],
            [
              37.6941952,
              49.89168,
              0
            ],
            [
              37.6926072,
              49.8913205,
              0
            ],
            [
              37.6759142,
              49.8934268,
              0
            ],
            [
              37.6656995,
              49.8925165,
              0
            ],
            [
              37.6602916,
              49.8902506,
              0
            ],
            [
              37.6581668,
              49.8903896,
              0
            ],
            [
              37.6477136,
              49.8938437,
              0
            ],
            [
              37.6444618,
              49.8932141,
              0
            ],
            [
              37.6352038,
              49.8871667,
              0
            ],
            [
              37.6357334,
              49.8783788,
              0
            ],
            [
              37.632057,
              49.8738493,
              0
            ],
            [
              37.6280454,
              49.8637941,
              0
            ],
            [
              37.6339031,
              49.8565594,
              0
            ],
            [
              37.631542,
              49.8516072,
              0
            ],
            [
              37.6280229,
              49.8507217,
              0
            ],
            [
              37.626517,
              49.8327593,
              0
            ],
            [
              37.6155898,
              49.8256671,
              0
            ],
            [
              37.6111543,
              49.8246702,
              0
            ],
            [
              37.5989846,
              49.8113716,
              0
            ],
            [
              37.5980842,
              49.8090886,
              0
            ],
            [
              37.5984711,
              49.8085502,
              0
            ],
            [
              37.6009617,
              49.8073349,
              0
            ],
            [
              37.6026811,
              49.8056797,
              0
            ],
            [
              37.608092,
              49.790348,
              0
            ],
            [
              37.602019,
              49.782271,
              0
            ],
            [
              37.599916,
              49.780788,
              0
            ],
            [
              37.593329,
              49.779472,
              0
            ],
            [
              37.592556,
              49.778516,
              0
            ],
            [
              37.59217,
              49.773347,
              0
            ],
            [
              37.590282,
              49.772266,
              0
            ],
            [
              37.573408,
              49.771529,
              0
            ],
            [
              37.570444,
              49.7695556,
              0
            ],
            [
              37.5686578,
              49.7693088,
              0
            ],
            [
              37.5616358,
              49.7713346,
              0
            ],
            [
              37.560499,
              49.7711507,
              0
            ],
            [
              37.5590838,
              49.7698959,
              0
            ],
            [
              37.5594293,
              49.7691048,
              0
            ],
            [
              37.5663861,
              49.7655272,
              0
            ],
            [
              37.5710206,
              49.7602462,
              0
            ],
            [
              37.584539,
              49.7555054,
              0
            ],
            [
              37.5898605,
              49.7522337,
              0
            ],
            [
              37.5899034,
              49.7512632,
              0
            ],
            [
              37.5857406,
              49.7474366,
              0
            ],
            [
              37.5852685,
              49.7457451,
              0
            ],
            [
              37.587586,
              49.7442476,
              0
            ],
            [
              37.610374,
              49.7485458,
              0
            ],
            [
              37.6206438,
              49.7459057,
              0
            ],
            [
              37.6207328,
              49.7437056,
              0
            ],
            [
              37.6152462,
              49.7402895,
              0
            ],
            [
              37.6134939,
              49.7360967,
              0
            ],
            [
              37.5958069,
              49.7301411,
              0
            ],
            [
              37.5952061,
              49.7286986,
              0
            ],
            [
              37.5964936,
              49.7258412,
              0
            ],
            [
              37.5909146,
              49.7200704,
              0
            ],
            [
              37.5909146,
              49.7195988,
              0
            ],
            [
              37.5924381,
              49.7185305,
              0
            ],
            [
              37.5955924,
              49.7176288,
              0
            ],
            [
              37.5972446,
              49.7162414,
              0
            ],
            [
              37.599326,
              49.7158668,
              0
            ],
            [
              37.6022442,
              49.7169628,
              0
            ],
            [
              37.6073819,
              49.7160735,
              0
            ],
            [
              37.6096042,
              49.7160749,
              0
            ],
            [
              37.6134113,
              49.7167344,
              0
            ],
            [
              37.6176029,
              49.7175055,
              0
            ],
            [
              37.6187243,
              49.719606,
              0
            ],
            [
              37.620238,
              49.7216979,
              0
            ],
            [
              37.6191027,
              49.7253268,
              0
            ],
            [
              37.623785,
              49.7284227,
              0
            ],
            [
              37.6238088,
              49.7296826,
              0
            ],
            [
              37.6212297,
              49.7299995,
              0
            ],
            [
              37.6198113,
              49.7347904,
              0
            ],
            [
              37.6202395,
              49.739585,
              0
            ],
            [
              37.6223207,
              49.7398822,
              0
            ],
            [
              37.6257539,
              49.7415107,
              0
            ],
            [
              37.6277492,
              49.7403578,
              0
            ],
            [
              37.6282445,
              49.7400371,
              0
            ],
            [
              37.6314795,
              49.7415715,
              0
            ],
            [
              37.6342591,
              49.7409237,
              0
            ],
            [
              37.6432626,
              49.7453235,
              0
            ],
            [
              37.6455332,
              49.7475509,
              0
            ],
            [
              37.6473747,
              49.7481699,
              0
            ],
            [
              37.6607608,
              49.7469849,
              0
            ],
            [
              37.6673281,
              49.7433691,
              0
            ],
            [
              37.6713902,
              49.7425876,
              0
            ],
            [
              37.6731628,
              49.741468,
              0
            ],
            [
              37.675936,
              49.7417245,
              0
            ],
            [
              37.6803086,
              49.7402891,
              0
            ],
            [
              37.6843422,
              49.733545,
              0
            ],
            [
              37.6906778,
              49.7311222,
              0
            ],
            [
              37.6980022,
              49.7335831,
              0
            ],
            [
              37.6935632,
              49.7355789,
              0
            ],
            [
              37.6882846,
              49.735995,
              0
            ],
            [
              37.6875122,
              49.7366607,
              0
            ],
            [
              37.6876838,
              49.7391846,
              0
            ],
            [
              37.6827056,
              49.7424572,
              0
            ],
            [
              37.6751955,
              49.7431228,
              0
            ],
            [
              37.6709042,
              49.7505405,
              0
            ],
            [
              37.6692731,
              49.7513586,
              0
            ],
            [
              37.6632647,
              49.7518581,
              0
            ],
            [
              37.6461961,
              49.7544684,
              0
            ],
            [
              37.644019,
              49.755164,
              0
            ],
            [
              37.6430867,
              49.7596826,
              0
            ],
            [
              37.6366494,
              49.7676662,
              0
            ],
            [
              37.6268336,
              49.7712925,
              0
            ],
            [
              37.6254281,
              49.7765816,
              0
            ],
            [
              37.629312,
              49.7810626,
              0
            ],
            [
              37.6277145,
              49.7996576,
              0
            ],
            [
              37.626533,
              49.801911,
              0
            ],
            [
              37.618009,
              49.8068951,
              0
            ]
          ]
        ]
      },
      "properties": {
        "name": "Серая зона / Сіра зона / Gray zone",
        "styleUrl": "#poly-BDBDBD-1901-61-nodesc",
        "fill-opacity": 0.23921568627450981,
        "fill": "#bdbdbd",
        "stroke-opacity": 1,
        "stroke": "#bdbdbd",
        "stroke-width": 1.901
      }
    },
    {
      "type": "Feature",
      "geometry": {
        "type": "Polygon",
        "coordinates": [
          [
            [
              36.20822,
              50.3858282,
              0
            ],
            [
              36.1963087,
              50.3863062,
              0
            ],
            [
              36.2083916,
              50.3830097,
              0
            ],
            [
              36.2111811,
              50.3811762,
              0
            ],
            [
              36.2109666,
              50.3787132,
              0
            ],
            [
              36.2068896,
              50.3739783,
              0
            ],
            [
              36.1991578,
              50.3575493,
              0
            ],
            [
              36.1929779,
              50.3490061,
              0
            ],
            [
              36.1932061,
              50.3470383,
              0
            ],
            [
              36.1990987,
              50.3421128,
              0
            ],
            [
              36.186143,
              50.3263445,
              0
            ],
            [
              36.1883825,
              50.3253698,
              0
            ],
            [
              36.1916954,
              50.3280695,
              0
            ],
            [
              36.200139,
              50.326759,
              0
            ],
            [
              36.2068437,
              50.3288289,
              0
            ],
            [
              36.2068635,
              50.331653,
              0
            ],
            [
              36.2112799,
              50.3334107,
              0
            ],
            [
              36.2100689,
              50.3403414,
              0
            ],
            [
              36.2189489,
              50.3538706,
              0
            ],
            [
              36.2367274,
              50.3616802,
              0
            ],
            [
              36.232865,
              50.364062,
              0
            ],
            [
              36.2216478,
              50.3593903,
              0
            ],
            [
              36.214953,
              50.3551738,
              0
            ],
            [
              36.2140089,
              50.3550643,
              0
            ],
            [
              36.2057692,
              50.3580761,
              0
            ],
            [
              36.2056404,
              50.358788,
              0
            ],
            [
              36.2122494,
              50.366344,
              0
            ],
            [
              36.2123352,
              50.3716544,
              0
            ],
            [
              36.2150818,
              50.3729682,
              0
            ],
            [
              36.2153393,
              50.3819998,
              0
            ],
            [
              36.2106253,
              50.3856995,
              0
            ],
            [
              36.20822,
              50.3858282,
              0
            ]
          ]
        ]
      },
      "properties": {
        "name": "Серая зона / Сіра зона / Gray zone",
        "styleUrl": "#poly-BDBDBD-2501-61-nodesc",
        "fill-opacity": 0.23921568627450981,
        "fill": "#bdbdbd",
        "stroke-opacity": 1,
        "stroke": "#bdbdbd",
        "stroke-width": 2.501
      }
    },
    {
      "type": "Feature",
      "geometry": {
        "type": "Polygon",
        "coordinates": [
          [
            [
              37.3614672,
              50.435422,
              0
            ],
            [
              37.3670462,
              50.4297907,
              0
            ],
            [
              37.3881605,
              50.4212058,
              0
            ],
            [
              37.4091049,
              50.4230899,
              0
            ],
            [
              37.4165276,
              50.420823,
              0
            ],
            [
              37.423394,
              50.4215339,
              0
            ],
            [
              37.4282658,
              50.4259349,
              0
            ],
            [
              37.4391663,
              50.4263176,
              0
            ],
            [
              37.4429428,
              50.4253334,
              0
            ],
            [
              37.4515259,
              50.4160366,
              0
            ],
            [
              37.464658,
              50.413466,
              0
            ],
            [
              37.462239,
              50.418801,
              0
            ],
            [
              37.4528769,
              50.4234752,
              0
            ],
            [
              37.4521044,
              50.4269748,
              0
            ],
            [
              37.4478129,
              50.4300915,
              0
            ],
            [
              37.4449804,
              50.4306929,
              0
            ],
            [
              37.3897055,
              50.4231471,
              0
            ],
            [
              37.3747709,
              50.4297634,
              0
            ],
            [
              37.3741701,
              50.4332625,
              0
            ],
            [
              37.3614672,
              50.435422,
              0
            ]
          ]
        ]
      },
      "properties": {
        "name": "Серая зона / Сіра зона / Gray zone",
        "styleUrl": "#poly-BDBDBD-2101-61-nodesc",
        "fill-opacity": 0.23921568627450981,
        "fill": "#bdbdbd",
        "stroke-opacity": 1,
        "stroke": "#bdbdbd",
        "stroke-width": 2.101
      }
    },
    {
      "type": "Feature",
      "geometry": {
        "type": "Polygon",
        "coordinates": [
          [
            [
              36.2969954,
              50.2920213,
              0
            ],
            [
              36.2973941,
              50.2934258,
              0
            ],
            [
              36.2979676,
              50.2946675,
              0
            ],
            [
              36.2930971,
              50.29549,
              0
            ],
            [
              36.292475,
              50.2990266,
              0
            ],
            [
              36.2902058,
              50.2991145,
              0
            ],
            [
              36.2863382,
              50.2985604,
              0
            ],
            [
              36.2856774,
              50.2998916,
              0
            ],
            [
              36.2850165,
              50.3058556,
              0
            ],
            [
              36.2768107,
              50.3155714,
              0
            ],
            [
              36.2763715,
              50.3165176,
              0
            ],
            [
              36.2733145,
              50.3123113,
              0
            ],
            [
              36.2734335,
              50.310544,
              0
            ],
            [
              36.2771482,
              50.3013076,
              0
            ],
            [
              36.276056,
              50.2985401,
              0
            ],
            [
              36.2641437,
              50.2956952,
              0
            ],
            [
              36.2628132,
              50.2951057,
              0
            ],
            [
              36.2592513,
              50.2920761,
              0
            ],
            [
              36.2568104,
              50.2916274,
              0
            ],
            [
              36.2501397,
              50.2925682,
              0
            ],
            [
              36.2493054,
              50.292467,
              0
            ],
            [
              36.2485437,
              50.2914593,
              0
            ],
            [
              36.2488336,
              50.2909863,
              0
            ],
            [
              36.2518485,
              50.2891424,
              0
            ],
            [
              36.2573202,
              50.2882376,
              0
            ],
            [
              36.2638754,
              50.2886491,
              0
            ],
            [
              36.2832625,
              50.2882375,
              0
            ],
            [
              36.2969954,
              50.2920213,
              0
            ]
          ]
        ]
      },
      "properties": {
        "name": "Серая зона / Сіра зона / Gray zone",
        "styleUrl": "#poly-BDBDBD-1901-61-nodesc",
        "fill-opacity": 0.23921568627450981,
        "fill": "#bdbdbd",
        "stroke-opacity": 1,
        "stroke": "#bdbdbd",
        "stroke-width": 1.901
      }
    },
    {
      "type": "Feature",
      "geometry": {
        "type": "Polygon",
        "coordinates": [
          [
            [
              35.325916,
              51.074121,
              0
            ],
            [
              35.315402,
              51.073959,
              0
            ],
            [
              35.298214,
              51.070791,
              0
            ],
            [
              35.2945346,
              51.0693158,
              0
            ],
            [
              35.2883119,
              51.0693697,
              0
            ],
            [
              35.2862554,
              51.067367,
              0
            ],
            [
              35.2851396,
              51.0675289,
              0
            ],
            [
              35.2828222,
              51.0670974,
              0
            ],
            [
              35.2809339,
              51.0676907,
              0
            ],
            [
              35.2770715,
              51.0640229,
              0
            ],
            [
              35.2755695,
              51.0664501,
              0
            ],
            [
              35.2738099,
              51.0658298,
              0
            ],
            [
              35.2740245,
              51.0641577,
              0
            ],
            [
              35.2764278,
              51.0622698,
              0
            ],
            [
              35.2755266,
              51.0607593,
              0
            ],
            [
              35.275827,
              51.0589252,
              0
            ],
            [
              35.2752262,
              51.0587634,
              0
            ],
            [
              35.2733808,
              51.0595186,
              0
            ],
            [
              35.2725654,
              51.0593298,
              0
            ],
            [
              35.2734237,
              51.058089,
              0
            ],
            [
              35.2663856,
              51.0579272,
              0
            ],
            [
              35.2645832,
              51.0594916,
              0
            ],
            [
              35.2660423,
              51.0617573,
              0
            ],
            [
              35.2657848,
              51.0630519,
              0
            ],
            [
              35.2615791,
              51.0614876,
              0
            ],
            [
              35.2573734,
              51.0587903,
              0
            ],
            [
              35.2578025,
              51.0614336,
              0
            ],
            [
              35.2560001,
              51.0621888,
              0
            ],
            [
              35.2533393,
              51.0615415,
              0
            ],
            [
              35.2482753,
              51.0645083,
              0
            ],
            [
              35.2438121,
              51.0635913,
              0
            ],
            [
              35.2424388,
              51.0602469,
              0
            ],
            [
              35.2328258,
              51.0569022,
              0
            ],
            [
              35.2565151,
              51.049025,
              0
            ],
            [
              35.2650123,
              51.0484314,
              0
            ],
            [
              35.274282,
              51.0495646,
              0
            ],
            [
              35.2911907,
              51.0456795,
              0
            ],
            [
              35.3044086,
              51.0458953,
              0
            ],
            [
              35.3118759,
              51.0495646,
              0
            ],
            [
              35.3188281,
              51.0597614,
              0
            ],
            [
              35.3265529,
              51.0647241,
              0
            ],
            [
              35.3308444,
              51.0698481,
              0
            ],
            [
              35.3280515,
              51.0708799,
              0
            ],
            [
              35.325916,
              51.074121,
              0
            ]
          ]
        ]
      },
      "properties": {
        "name": "Серая зона / Сіра зона / Gray zone",
        "styleUrl": "#poly-BDBDBD-2501-54-nodesc",
        "fill-opacity": 0.21176470588235294,
        "fill": "#bdbdbd",
        "stroke-opacity": 1,
        "stroke": "#bdbdbd",
        "stroke-width": 2.501
      }
    },
    {
      "type": "Feature",
      "geometry": {
        "type": "Polygon",
        "coordinates": [
          [
            [
              35.3250968,
              51.0148091,
              0
            ],
            [
              35.3261697,
              51.0135131,
              0
            ],
            [
              35.3293454,
              51.0109751,
              0
            ],
            [
              35.3312876,
              51.0101965,
              0
            ],
            [
              35.3374674,
              51.0116005,
              0
            ],
            [
              35.3751471,
              51.0117085,
              0
            ],
            [
              35.3829896,
              51.0129191,
              0
            ],
            [
              35.3838479,
              51.0198846,
              0
            ],
            [
              35.3399455,
              51.0197226,
              0
            ],
            [
              35.3335507,
              51.018562,
              0
            ],
            [
              35.3250968,
              51.0148091,
              0
            ]
          ]
        ]
      },
      "properties": {
        "name": "Серая зона / Сіра зона / Gray zone",
        "styleUrl": "#poly-BDBDBD-2301-59-nodesc",
        "fill-opacity": 0.23137254901960785,
        "fill": "#bdbdbd",
        "stroke-opacity": 1,
        "stroke": "#bdbdbd",
        "stroke-width": 2.301
      }
    }
  ]
}